id,aqi
0,215.0879455781482
1,435.42961094218185
2,60.17325138504299
3,499.5242107001875
4,185.82531610883
5,499.10854771952927
6,464.5493151364112
7,499.96693744717857
8,131.17147969622442
9,166.8915013200393
10,133.09337968197488
11,53.838647631064596
12,500.0
13,345.58213097749797
14,51.402482229512664
15,63.17013799482853
16,191.04411721738967
17,303.3523791578485
18,344.5469051086959
19,111.73897351030892
20,500.0
21,116.62988585764265
22,70.57990074737201
23,123.52239898562786
24,188.04854941762628
25,114.8738790699444
26,470.05914588259225
27,289.96451608364055
28,227.80487751490662
29,55.127620049514164
30,141.11450668398086
31,124.61956236305548
32,90.42331990374412
33,124.46531879968819
34,499.0178372345496
35,500.0
36,52.83753782423252
37,142.9129016137485
38,283.86238932246505
39,110.22286452872743
40,56.87512404431211
41,146.5849599936141
42,435.76897179618015
43,134.11128244199085
44,60.62086436736432
45,332.0473714870647
46,485.647534597717
47,69.28297299137401
48,115.87750953014432
49,473.2753024175412
50,358.41884290459615
51,480.3060281381206
52,493.3566392728055
53,61.650847786869235
54,189.29277694804568
55,294.25489227825364
56,472.61090256180285
57,183.55822895337576
58,52.597412429793955
59,337.06652779944585
60,95.72136134169719
61,73.68473340457419
62,500.0
63,153.0190727811347
64,411.5600087286004
65,82.06104322585726
66,498.9561867839839
67,205.20890772334147
68,187.70048659619152
69,110.63459748879336
70,497.93453148051617
71,46.08509714904597
72,60.32806878418262
73,296.43977582032096
74,444.1467969266908
75,150.04399024248363
76,343.02276769791524
77,498.8842817329429
78,500.0
79,76.187449639291
80,451.3836290454674
81,500.0
82,116.6093097652708
83,348.91485353516595
84,294.85768877313916
85,137.90985274448815
86,450.3449009218069
87,496.2474494574636
88,196.13117794985754
89,53.68146289282597
90,500.0
91,500.0
92,178.57334896037682
93,91.4346602174481
94,164.59071023719522
95,136.76858658969996
96,192.36621602136515
97,67.71985924594674
98,176.78719124094215
99,122.65391047324871
100,156.00137241145035
101,346.1380229254556
102,404.423534137301
103,101.49001280360821
104,500.0
105,74.643178370792
106,451.98176209596716
107,396.23162051629265
108,69.57973469013916
109,190.77721257215188
110,280.0871530317568
111,259.37549324225057
112,74.32353770835664
113,69.97315488598159
114,66.45148409507468
115,110.70698765098038
116,257.03440273839726
117,51.52527253874031
118,353.49153437690944
119,500.0
120,287.852610013572
121,500.0
122,108.65506717291481
123,455.2006187943986
124,400.7914118080148
125,127.67740525472925
126,392.68748863806377
127,72.26606425696053
128,456.1349182425341
129,120.86334528081336
130,309.9678095980947
131,327.5186525382342
132,418.0851756668525
133,144.87907587299617
134,54.307457735409216
135,54.56938646249445
136,496.7579174278803
137,393.3103902456353
138,93.72993438164325
139,56.83504010704759
140,148.76316544577952
141,160.86204787627938
142,282.06678597848895
143,75.73180063220113
144,392.9234075032707
145,105.73443516570356
146,499.2370482236606
147,337.30622373200015
148,116.44748475127692
149,129.85913435422984
150,497.3192259293744
151,497.9952401076035
152,69.5727662002386
153,92.7749290173782
154,339.2893163050935
155,472.7506378519914
156,486.1816246364312
157,274.3614210255476
158,304.98837335756537
159,157.4225478775252
160,60.75355472884595
161,471.6912510913899
162,106.21087233043582
163,187.88937831313152
164,495.9481173814116
165,195.1177558395441
166,69.48313723367669
167,54.74143091792697
168,497.8939380573107
169,476.1738562385742
170,178.38298584965747
171,500.0
172,74.13585075285961
173,98.78067926141335
174,268.64272761858024
175,500.0
176,500.0
177,59.76720642500946
178,116.45425735950694
179,238.65789551155143
180,421.1975995675871
181,473.0478487848304
182,133.48594648143265
183,460.3352141283342
184,445.5826783676637
185,275.0657018801722
186,392.50156265254145
187,500.0
188,215.75732059265073
189,500.0
190,496.326992664488
191,204.729719648379
192,494.0503491444372
193,420.13959822462255
194,159.1505320555923
195,359.80739220914467
196,500.0
197,199.20475185798665
198,69.57264811416192
199,68.67987055692818
200,60.11955964282859
201,480.4336643473116
202,118.85313767324314
203,471.3996654497608
204,110.97739039530774
205,333.15225709793384
206,329.8974782670049
207,500.0
208,490.55896422308206
209,450.1017916158435
210,94.33349973544847
211,330.5368107321774
212,73.18214121431964
213,90.55676576925984
214,500.0
215,343.349548778419
216,62.14816125312427
217,81.93026569609653
218,500.0
219,93.71273424739243
220,130.11656632393525
221,424.71287667004094
222,151.16221491310478
223,47.168438615839236
224,500.0
225,78.5496837856403
226,499.4695602345729
227,252.89269998453497
228,427.8887327956176
229,49.32261301752216
230,67.25264007399902
231,343.2531385611418
232,99.02869165181397
233,102.49001344294854
234,70.74135481717192
235,94.93564010835433
236,198.66310977845365
237,500.0
238,105.00040295237336
239,219.15578475025399
240,380.1623782870043
241,400.741034979064
242,496.2253514220879
243,474.0598761527411
244,336.886236789476
245,168.8109316030909
246,285.15932881334186
247,107.80202414649074
248,277.3452374743973
249,347.8812971899154
250,500.0
251,123.12888437777114
252,70.89485858696422
253,70.38044822052564
254,244.78382451055614
255,398.1486283697681
256,432.0994390587333
257,129.29672533551937
258,106.62274533172378
259,199.26206363084964
260,500.0
261,326.7488291583423
262,500.0
263,57.575677759639085
264,298.44455711425974
265,469.80609341360037
266,500.0
267,63.49653964900926
268,499.5485030522059
269,79.90415735504176
270,379.06419786343685
271,57.83575179178965
272,127.98188008914616
273,408.0788404207176
274,296.49846505410335
275,186.65048347232184
276,287.13963428959937
277,50.03864119474537
278,183.3259718427602
279,157.05538889027372
280,464.3735429101274
281,497.7694884566321
282,119.55738868401392
283,65.07940396406994
284,460.26556318456454
285,337.95990383641526
286,500.0
287,73.87119096962326
288,191.35527912890564
289,101.79806369596656
290,58.924380856732604
291,58.13418104353272
292,500.0
293,270.85034896137824
294,59.42779274902148
295,500.0
296,208.1103736593415
297,57.629640929550746
298,500.0
299,471.19541670374986
300,499.82651282055946
301,49.64474270816159
302,413.7240390645678
303,483.2278771910911
304,58.24154980412533
305,171.70615495930008
306,242.0169558233912
307,89.50537562202335
308,61.245712090846
309,49.2582674619112
310,54.501544736065746
311,101.22927585781432
312,492.66842390410176
313,107.6196001704995
314,149.04840598820988
315,468.21686483448525
316,498.7877330190252
317,495.85578127803717
318,69.44199301700553
319,497.77218529264644
320,338.1149588561142
321,476.9923481834308
322,109.95713184769727
323,54.63447559550133
324,106.72563520988405
325,126.11207508829386
326,114.2852807721294
327,332.2510047522493
328,53.635773524956136
329,178.95487485376145
330,52.43968898101909
331,60.3211681031277
332,62.698646849376885
333,439.6443648358233
334,291.7472357505924
335,60.07788072642193
336,483.19634566799215
337,446.17539639021226
338,496.9721005628461
339,470.12840486617404
340,465.98700265771004
341,199.0706915026626
342,499.1661249348523
343,373.55934711372487
344,500.0
345,194.68587516780508
346,183.35945079165268
347,207.8838157882376
348,58.43937555321904
349,500.0
350,492.13799377756084
351,300.89262857185366
352,500.0
353,407.30029492370977
354,500.0
355,300.5065503878526
356,425.9188176348384
357,499.76548040866805
358,500.0
359,489.83589869637075
360,134.8776565035816
361,403.20257396111083
362,500.0
363,500.0
364,348.89097035280236
365,72.20425887340292
366,47.91645994613454
367,112.93574481285208
368,55.07303747879551
369,167.87858421343805
370,457.64967740285806
371,99.96980017131987
372,417.77936416534067
373,364.5982005920444
374,500.0
375,161.46066588842749
376,115.93893246541063
377,52.35748097564821
378,200.36103482414057
379,335.09019358690716
380,118.08659291944957
381,499.89741587782873
382,57.55660777884057
383,210.59666079101925
384,83.83263152566694
385,62.233334059981786
386,195.00025258605015
387,50.702251189276645
388,275.92654667296426
389,60.38759621746722
390,174.46033945135514
391,112.84593545247924
392,320.24502078128074
393,194.32013835724365
394,197.33116820775575
395,356.9209586836164
396,330.3092276237334
397,344.39284858364283
398,75.04031672371038
399,249.97953442450253
400,64.23016369928845
401,58.68099992305598
402,500.0
403,498.30205366334184
404,460.8050707809548
405,60.445678628285236
406,499.7936483125037
407,57.977099956527184
408,499.62945784521077
409,220.43897790771126
410,187.4472199792816
411,149.95234010665374
412,59.9230941140752
413,330.656508841427
414,438.16476032053356
415,54.1182234590571
416,498.58882091138486
417,287.61472157881724
418,253.56653246699258
419,57.03444455165877
420,499.3034894185362
421,466.01163023719465
422,499.79729725306237
423,456.894285480215
424,451.3191572433327
425,243.53154922687298
426,62.354351465831684
427,221.63331951297175
428,434.00428969646316
429,77.85445748611485
430,500.0
431,59.9029258665183
432,159.4992210653884
433,138.7419284942751
434,327.5400799407114
435,341.4306076480337
436,446.06743089770237
437,429.9109179313504
438,280.1547982613795
439,488.76870908586125
440,485.5164071675663
441,316.7521924597642
442,61.59645239396214
443,444.3795079528362
444,129.80081387451318
445,114.24078520233564
446,148.96279635582766
447,499.80957137534574
448,58.610543676961456
449,54.66290418066329
450,104.53793147779913
451,500.0
452,111.42353491736608
453,457.90640160557297
454,182.30762852410584
455,450.04670517857613
456,492.5929590583479
457,109.65753151885373
458,59.78383471401453
459,56.03120027103229
460,289.0688434774347
461,414.4952715591688
462,70.46531994583054
463,60.73318961876227
464,74.30435529847296
465,380.73365864284295
466,147.4907530875632
467,398.54574615054594
468,69.35883759476027
469,491.35902516346846
470,136.85073489524328
471,123.72355801229845
472,496.06050676678746
473,253.1209204069172
474,213.62390062051915
475,256.440696791556
476,389.80750971791986
477,48.114857840271284
478,180.19195413011124
479,483.97410958119684
480,71.01243188591017
481,262.83454824283285
482,161.48422108012187
483,497.85786623095805
484,195.24937902862837
485,500.0
486,500.0
487,112.04184901386526
488,61.006796201393755
489,58.23101095054564
490,258.3786954101871
491,176.4338990918007
492,259.0654912883538
493,251.12506671467216
494,56.88564709378846
495,185.19720365902805
496,154.62225749249225
497,128.06022649634784
498,61.97265641637591
499,194.39676620901017
500,93.8895724785801
501,170.43327180199427
502,500.0
503,500.0
504,500.0
505,220.53814026608194
506,499.59818975002577
507,359.94626831917026
508,474.86953999430193
509,274.8358926490032
510,126.39293553520025
511,136.37938613359051
512,497.7318155973179
513,175.12227715909688
514,378.97607251775275
515,198.7645381603624
516,218.55563792929692
517,52.860380048378246
518,498.7865726829315
519,55.212878285209804
520,92.60543112648516
521,316.70153050137316
522,157.68953700291442
523,243.55733655720567
524,495.08437250951056
525,332.7672388276605
526,486.91388548912414
527,495.36270324776774
528,412.80805440268034
529,336.7105775879089
530,169.98199450512467
531,500.0
532,496.1562313420649
533,483.84274712699613
534,183.87356398820788
535,497.99568648331126
536,305.05841443131897
537,59.83272660553601
538,297.3260813882768
539,120.57283941311044
540,496.13186328817727
541,243.78764296033967
542,69.93136925546024
543,500.0
544,50.732750005461334
545,500.0
546,109.28780671453207
547,500.0
548,225.35830997045932
549,135.98842111339792
550,500.0
551,219.0628284310369
552,58.05667099021464
553,469.0640229790296
554,53.02846434071201
555,499.62109618828737
556,500.0
557,412.76226907888946
558,470.62221492662144
559,500.0
560,434.34219979286695
561,467.7440607339359
562,426.8726229226099
563,500.0
564,449.02537292063096
565,56.29356755893834
566,279.3733098878942
567,306.6593480357051
568,498.99547131101644
569,500.0
570,59.766045136992545
571,327.51309474675065
572,73.90473458129114
573,178.9737223439709
574,153.3563236375809
575,500.0
576,56.599141950671125
577,499.83950147733094
578,263.0256585405414
579,439.7034226733789
580,117.99802102956423
581,325.94272411060456
582,499.95641488646277
583,483.7056605879193
584,192.73462329403276
585,447.12171451993356
586,452.34613209098023
587,176.56052407002824
588,48.93622225849727
589,435.56258585045595
590,195.59165430535631
591,117.02169779236061
592,480.86036089442473
593,500.0
594,125.24650470999134
595,121.33149614475967
596,52.601060897756966
597,278.080525553432
598,56.747341969085056
599,108.62518636169223
600,58.11357008386054
601,61.70096015546389
602,146.62500755632618
603,147.71429755520435
604,499.327787217218
605,61.19418153805432
606,115.92592323143927
607,54.73857687888949
608,105.61194420708865
609,115.54593183330908
610,127.75315680881594
611,419.824265421645
612,92.47912957402541
613,475.18057753727567
614,475.77235772792085
615,55.18415024790702
616,491.6310838283905
617,499.8659675858872
618,132.64803026234523
619,500.0
620,325.60473445805025
621,159.30996528724503
622,115.31684539938871
623,72.99338506965398
624,278.1143995148622
625,75.2881811460426
626,49.893821611872966
627,490.7078562676676
628,499.04577970146875
629,329.1914247972204
630,279.41060172038567
631,494.9730711623979
632,498.79101448262884
633,99.0062387722772
634,499.0676234143877
635,175.42027757179267
636,390.26789655759313
637,469.89207286206306
638,500.0
639,272.91642163494663
640,500.0
641,69.12009269972907
642,462.3096224775187
643,51.80131106318255
644,152.68276289965945
645,500.0
646,442.5897670604683
647,99.77659724850184
648,115.5419245907494
649,206.88274486855659
650,271.3704156326907
651,213.10089218466737
652,398.62239563325545
653,325.95427233650327
654,64.63810732098057
655,125.28051785695672
656,455.30521732066427
657,445.88779720037064
658,59.729127561491
659,60.231364206830406
660,122.60250445400983
661,339.82610824347194
662,226.8896449484506
663,59.73774125604322
664,495.7813436629947
665,387.62622145125596
666,204.09689986788158
667,125.81551532383759
668,52.95338734376702
669,467.02738221221904
670,116.31351058604037
671,113.90017103847566
672,433.80650956779334
673,313.3892947412378
674,157.3155054831535
675,246.6027419794345
676,349.1200021219073
677,251.47791751370565
678,137.9727334430043
679,110.257353932853
680,500.0
681,436.2617589124009
682,380.5533137858671
683,299.4798999329116
684,109.18974713329835
685,497.8465786908766
686,103.64187366407961
687,480.00918187277114
688,161.02853845303105
689,56.37508455966524
690,249.37194559486807
691,500.0
692,109.4705610537603
693,487.0111215264727
694,46.16919728958321
695,145.5264193008174
696,70.04366165579113
697,107.87806069021934
698,302.60127454095175
699,325.5819994911559
700,500.0
701,334.69818826704454
702,500.0
703,320.3961173863379
704,498.60233122135116
705,424.2745611842847
706,58.308083582384924
707,67.19554000241105
708,54.469650868748346
709,161.15917736200112
710,103.69988976292649
711,499.9397429782887
712,466.1189653865538
713,124.66575054479733
714,500.0
715,487.9697948533626
716,46.276256629454416
717,497.701672804483
718,428.6849749406878
719,246.80541124022005
720,385.9161394859381
721,58.79431908775901
722,50.39295271309891
723,71.41573949148928
724,427.58278503016527
725,106.84115335542116
726,411.6722806064069
727,500.0
728,93.93408601713863
729,195.38888049954423
730,308.5549538712888
731,61.8085414352265
732,500.0
733,477.4132543664517
734,71.4740478711694
735,500.0
736,260.2881134730875
737,492.73972832902314
738,60.98095337294697
739,55.91239773592662
740,61.218914687151376
741,152.85454917629525
742,141.24580380315717
743,272.45807864830203
744,69.34162848763968
745,348.4539762903088
746,499.02502271304303
747,259.7696296049442
748,413.2873026996501
749,46.13118920200114
750,425.95579050986817
751,197.17269263020586
752,460.499824707673
753,456.4127894584033
754,320.5808557495617
755,497.7150309032636
756,60.678520909407354
757,499.1471683436283
758,456.16932718480916
759,455.4830230110202
760,56.16669250100033
761,50.62665240997991
762,353.1065063388953
763,492.0691894839454
764,67.74973028965036
765,176.8870430667723
766,311.06725142665493
767,434.3861881567707
768,425.12944055129117
769,367.0816233808816
770,118.4944306498017
771,60.030566512589374
772,493.5435418275066
773,349.50838938265736
774,45.21508008811762
775,482.1283067306026
776,466.9257028402159
777,102.92120260761524
778,397.29778104650114
779,500.0
780,469.2832579140259
781,120.65932259817495
782,354.8055982071986
783,193.5449889981858
784,87.47048930113812
785,498.5120747781482
786,110.12772670332754
787,54.0387640574161
788,300.83062660708345
789,212.7939858270467
790,162.21283893788666
791,473.71554804190794
792,167.25644325869135
793,173.63152208466772
794,101.64044931060047
795,333.0978079772347
796,353.2884139681763
797,70.4006889369553
798,123.32786022753938
799,70.76910745242107
800,118.63744651264038
801,53.56431651915271
802,52.43092002150289
803,79.23030675113237
804,51.89096030069048
805,445.2853707885838
806,90.06504186030917
807,199.53893163486987
808,192.24362671836022
809,496.58582488332945
810,58.300118435985766
811,159.1641827755313
812,211.3869574481731
813,110.5749960589424
814,59.92813355045688
815,104.25776817774008
816,208.4919824728509
817,467.28007697355076
818,185.88399430256658
819,496.647660573896
820,103.07304654021735
821,486.1106027858218
822,477.26189975556474
823,67.87019913069963
824,497.0186492660539
825,341.4279628894656
826,437.05745911444393
827,498.1059334528511
828,500.0
829,331.5164771200541
830,457.7217560991635
831,180.54011460339322
832,276.44716779705095
833,101.55357956582941
834,435.1730502071402
835,194.3038437344502
836,283.85544453025693
837,331.56415307493864
838,415.64301620128435
839,500.0
840,445.4972214421779
841,85.33400985966034
842,69.71955453140816
843,496.2789118821025
844,386.225087572088
845,191.91524544631565
846,186.2070172252511
847,500.0
848,500.0
849,461.728829860338
850,74.23978185318151
851,81.8280215460762
852,499.0327782966833
853,99.67753232538882
854,491.0629935130412
855,154.02399969625196
856,499.38236889877817
857,63.79869012851828
858,162.46260300836562
859,500.0
860,316.0368901834468
861,65.84667942748868
862,103.32341936958593
863,137.96416982789776
864,473.11137919821533
865,190.8154469024843
866,500.0
867,245.09705737271833
868,361.82832542192443
869,64.40012430504203
870,500.0
871,48.430321542451466
872,312.8461913759248
873,61.87651642472667
874,81.10125849551414
875,500.0
876,117.85019873462369
877,71.20627892806814
878,116.37285172714759
879,300.58537608872405
880,154.01172972013705
881,58.901036444564056
882,498.2431024507923
883,500.0
884,71.99952222329088
885,267.1230606995442
886,57.96982721835255
887,211.28646001370754
888,422.56714363273363
889,123.05563988610274
890,326.1990266274615
891,105.25664620574287
892,73.66869463989296
893,73.38675365148829
894,332.5480273759272
895,467.26167686663825
896,454.56153125555215
897,118.5884268274759
898,148.80912547962586
899,59.898469121746274
900,116.08315894846618
901,408.5845552929634
902,112.68179978973731
903,69.6486517555519
904,59.353710785610104
905,500.0
906,162.20760879470976
907,103.79325177147204
908,301.5097774188203
909,126.60281938129422
910,500.0
911,464.9550754589576
912,99.16298781417865
913,154.81554830878352
914,77.84973502794969
915,324.54043029667537
916,489.63097671520507
917,500.0
918,58.250320880877936
919,55.4110267439398
920,136.62897036656372
921,65.7465245628517
922,352.24807256615156
923,154.5970699551052
924,51.89819748648817
925,500.0
926,498.10823923273585
927,55.68760153238534
928,67.21399331690799
929,465.8649525693565
930,195.1155998250623
931,500.0
932,282.6290388689155
933,249.21877053668067
934,164.8878966681004
935,48.10307278973515
936,483.6089689270077
937,430.52889247810526
938,160.2918928830131
939,315.23227823656816
940,59.33979548874362
941,69.81481615163875
942,102.03611603904699
943,289.96662982689185
944,148.0205218734711
945,500.0
946,109.99225546270077
947,500.0
948,60.1791834766904
949,69.07028475227264
950,194.086070028199
951,238.8503124706197
952,499.7375024723784
953,196.01885530109956
954,199.91946051092424
955,499.73533667894765
956,135.59949628579614
957,106.19187217128186
958,500.0
959,500.0
960,124.26319811681788
961,188.04708330462776
962,51.27730983891835
963,101.56372818979193
964,57.93194241600326
965,353.17634179781106
966,497.7627362660206
967,401.8109178275607
968,500.0
969,340.7132612061079
970,349.15945590868773
971,416.56298460582866
972,307.9206633411124
973,74.6017589540394
974,499.31978594931576
975,332.6039869922081
976,272.79537038071305
977,286.7620092148336
978,70.10193793809253
979,72.92277872036384
980,158.73101067654656
981,476.31825719389235
982,500.0
983,484.9356417761411
984,494.1201384385144
985,127.21905545052016
986,499.8338886280122
987,49.521469149554065
988,106.67687998787031
989,137.82719560064058
990,423.6387285073356
991,56.53543289226866
992,179.80340723324784
993,500.0
994,226.74019866847732
995,256.26329376158503
996,484.93273558573355
997,78.69848012591909
998,322.5589244529814
999,118.18379325297624
1000,452.57024299847046
1001,116.7151488017665
1002,459.1195495549755
1003,117.4814879251443
1004,59.82615432191666
1005,117.89197771163954
1006,92.71451594877055
1007,500.0
1008,500.0
1009,500.0
1010,499.6551673747942
1011,100.88445516997419
1012,500.0
1013,458.7295250396331
1014,72.88530423663465
1015,56.19788782954705
1016,88.04094022398878
1017,293.3844227111407
1018,69.78591320158037
1019,261.4292845020578
1020,74.96202235956673
1021,103.11847405896725
1022,241.5055234125023
1023,124.80508669639187
1024,103.35588554997287
1025,360.70385273048345
1026,415.07353157432067
1027,123.64281928130194
1028,324.88743172186616
1029,325.3492212357419
1030,498.34941975889853
1031,500.0
1032,266.3277115788153
1033,414.8520646634846
1034,52.74353690575563
1035,105.95770798869223
1036,275.681926665395
1037,259.0867482496802
1038,49.022507042122704
1039,475.12118672561013
1040,499.2841330631571
1041,62.197035211763925
1042,499.30807719923064
1043,276.99150579929716
1044,499.70293440412513
1045,175.6414372465984
1046,178.53868234514732
1047,144.74504697460407
1048,475.1196385323818
1049,500.0
1050,404.42853942035407
1051,496.4094665407679
1052,336.1001797165507
1053,460.8899686221116
1054,499.89126596809825
1055,86.68554083492424
1056,188.23798174990196
1057,500.0
1058,149.33190271997478
1059,421.12983687430904
1060,469.44509085498777
1061,289.83152517489845
1062,467.42334455743435
1063,340.4022968974607
1064,349.2354983904441
1065,93.25229001573545
1066,56.85986399581989
1067,500.0
1068,58.39071059847414
1069,329.87575731946833
1070,252.4242043924957
1071,95.34589631367513
1072,171.92097194621493
1073,139.51410512758721
1074,444.7929837206949
1075,474.79082480339525
1076,196.04421079534785
1077,491.07692201232874
1078,443.0412312720548
1079,111.37557118885456
1080,54.15707834638157
1081,463.5681784706627
1082,115.05809684974247
1083,68.93978995032903
1084,152.6028534923712
1085,206.62849623025426
1086,415.88839098874365
1087,180.03392854171503
1088,143.60223263163317
1089,94.34572198926051
1090,56.76978990015525
1091,453.6543059622824
1092,110.30333003897796
1093,76.05145910067941
1094,171.19444371317798
1095,72.45058362201794
1096,334.1911611315888
1097,468.0462257693528
1098,500.0
1099,141.34677444955997
1100,66.66652394301988
1101,473.7042945930118
1102,108.59256073982482
1103,175.83823944785894
1104,325.11441639525367
1105,291.41883848010946
1106,50.810455632888655
1107,345.90829990343036
1108,100.82606385458404
1109,91.01525437760985
1110,347.89115293584894
1111,500.0
1112,495.7702990167501
1113,222.204123736682
1114,379.91424435645087
1115,150.8073640497576
1116,486.38076096822056
1117,105.41434050613634
1118,276.89386857135446
1119,74.15814506083676
1120,104.31046758503251
1121,183.52219801475675
1122,335.0677567204209
1123,106.41892044313707
1124,338.5681093814104
1125,127.4637437028542
1126,315.1770215024825
1127,499.92502903036944
1128,276.67254349264556
1129,499.5912875839067
1130,164.29352152280026
1131,498.3871639250016
1132,304.8337738220556
1133,106.2999219047119
1134,454.6866928828923
1135,198.88256758696414
1136,102.87447221499617
1137,491.38874397068344
1138,456.9937032697936
1139,181.94527268353033
1140,218.52581017882687
1141,499.67530229272165
1142,51.96749627387212
1143,59.88388528346874
1144,108.91201304188773
1145,449.5591666237507
1146,481.56359839076856
1147,209.2104108808095
1148,413.30712475856035
1149,298.5277783828242
1150,483.41552761954557
1151,359.89124649292876
1152,73.52784399684873
1153,61.8030297414269
1154,273.2414638497627
1155,470.24965374742
1156,364.7183898674932
1157,499.03752518660474
1158,500.0
1159,500.0
1160,414.55964326793867
1161,60.47289157506871
1162,204.9056057240459
1163,500.0
1164,154.46530810736573
1165,262.32453155099506
1166,467.176031376645
1167,118.82341519116568
1168,476.84207454020054
1169,57.16287072917399
1170,500.0
1171,190.0394437113815
1172,483.37651914004346
1173,111.61361243713381
1174,286.9861315209982
1175,386.19590636451136
1176,497.63126409453434
1177,477.69474197138845
1178,176.51778061577812
1179,55.929480729473006
1180,56.6853492903375
1181,142.83460093179792
1182,500.0
1183,486.4793118146981
1184,73.34003227526783
1185,465.19505597067916
1186,292.3627664351121
1187,56.029117496872985
1188,421.80464950148917
1189,493.82031066732554
1190,62.61776777039479
1191,256.14764588934406
1192,160.880204118233
1193,73.23895219674675
1194,122.99676417445096
1195,455.312102841962
1196,348.9831114718368
1197,287.55547219891537
1198,423.1197102061156
1199,59.207759593547394
1200,106.24392709693255
1201,343.3645602658607
1202,455.348188629575
1203,158.40773613967656
1204,272.20388957905686
1205,108.09805699668753
1206,218.3795724188751
1207,499.7744181976517
1208,495.73360108519194
1209,121.72512598167341
1210,146.87083115526002
1211,56.12241206520673
1212,289.9996752745524
1213,64.59129288603027
1214,321.08823239994945
1215,499.4117803242824
1216,499.4007360341873
1217,500.0
1218,500.0
1219,61.89212809502277
1220,104.08021066438054
1221,498.672634738684
1222,53.21350934773126
1223,500.0
1224,282.48991848966995
1225,176.8804815658397
1226,71.63784835255072
1227,434.1725900549919
1228,500.0
1229,78.57602243305821
1230,497.8622307890273
1231,53.00859722953005
1232,50.615122378795675
1233,483.2452070673517
1234,425.0512549306469
1235,47.94364143512182
1236,173.16054996581258
1237,444.9987793619445
1238,255.0305498557124
1239,403.2251542647573
1240,63.1919970589701
1241,51.854220417611685
1242,499.2734990302673
1243,355.2746645567876
1244,53.23508582986092
1245,59.66140596888656
1246,58.551978469085384
1247,57.840764257886406
1248,88.80594640208842
1249,247.41346804354475
1250,244.3354410091845
1251,59.87017843410962
1252,464.16889890260217
1253,74.70292627380785
1254,499.64385134727775
1255,133.71854163062048
1256,71.81411694410171
1257,207.731738464385
1258,493.0536674376907
1259,130.8263636327996
1260,156.07741035053547
1261,319.2659249642855
1262,112.06780215035849
1263,340.4726695699803
1264,193.8134248411825
1265,62.5527971154732
1266,54.053106509309146
1267,129.58123162478455
1268,500.0
1269,346.0917619021531
1270,500.0
1271,341.1688848600162
1272,494.78639681516745
1273,118.97784335122677
1274,126.49816566777291
1275,302.92187907636344
1276,175.66002390199804
1277,350.47704945544376
1278,500.0
1279,444.48825874385443
1280,260.84194974914465
1281,112.4585681812336
1282,397.5831941510206
1283,59.45862628585328
1284,493.0875253385136
1285,464.2660848907826
1286,70.02140124676106
1287,357.5161223571614
1288,121.83186494110406
1289,414.6770856542713
1290,125.38322888819661
1291,104.58536585373744
1292,129.09530875010242
1293,497.9246646611586
1294,147.0044839244161
1295,500.0
1296,269.0848345753727
1297,165.54087833153136
1298,500.0
1299,273.36462008308183
1300,471.3005066214888
1301,57.485126723454215
1302,90.44922743921809
1303,415.7964193193019
1304,59.088381789501746
1305,167.23700118686827
1306,318.0427753965862
1307,199.00968044921171
1308,132.48595853550296
1309,113.64048687302429
1310,153.43695380804127
1311,212.5177731161848
1312,496.9405249496609
1313,354.8689553760729
1314,422.28420472591756
1315,103.76913596070489
1316,411.1779081840101
1317,212.7272888401777
1318,75.50786676867742
1319,107.68108423868023
1320,495.1667778025734
1321,139.43012633293546
1322,69.72511395200362
1323,268.6195617041971
1324,496.90988623838825
1325,55.96523154295942
1326,126.14319477413174
1327,431.4853478982285
1328,71.0813272776066
1329,48.867578296670175
1330,188.62614639672512
1331,499.3462549352731
1332,116.97568588270282
1333,91.02727705864547
1334,208.11856676091764
1335,493.7216965772691
1336,62.8274600662577
1337,335.3803331504969
1338,500.0
1339,50.52510118527336
1340,430.0993513786676
1341,317.62603361802445
1342,306.21750365938146
1343,408.7890839352991
1344,403.7340893953192
1345,109.76494466002327
1346,368.7461557640254
1347,175.06207960513441
1348,292.08332682605766
1349,495.7282145845369
1350,199.5361728624942
1351,416.41942621269584
1352,60.441002669893194
1353,105.97660726138977
1354,500.0
1355,464.4423509455662
1356,441.19274121152324
1357,170.97939875533302
1358,61.39142684936495
1359,499.1037361683589
1360,275.46189171114145
1361,63.00734810858759
1362,175.32779929780688
1363,477.3055215818699
1364,241.15254452287883
1365,176.6978526582899
1366,498.99334078103686
1367,53.47270577066143
1368,436.50043619817313
1369,114.56048088999565
1370,456.40094636691606
1371,71.37151839388903
1372,141.7392212788017
1373,500.0
1374,98.51089587369526
1375,169.5766448293681
1376,178.65937183921272
1377,332.8221115504408
1378,51.15730264110755
1379,454.4782024909596
1380,49.09471369355132
1381,62.28019699245185
1382,66.02414993258311
1383,53.1140815828001
1384,53.48510153104023
1385,181.44520152489207
1386,151.31231495737907
1387,267.308313755674
1388,71.4281405267953
1389,119.91874404839064
1390,443.89123522616967
1391,279.5316892801234
1392,67.09330938806401
1393,92.7112034545545
1394,143.89954348647828
1395,53.56514503117604
1396,242.28371341758898
1397,120.93577058524369
1398,70.13518907526515
1399,369.89664590556873
1400,181.55832168094267
1401,385.26481709638523
1402,55.34474244645491
1403,173.9284406565929
1404,500.0
1405,466.4997659123949
1406,334.1981422999512
1407,463.2510822082859
1408,481.28496925187187
1409,106.95032383635757
1410,112.41802687060414
1411,330.5550390250381
1412,267.1596375820502
1413,496.76293179668653
1414,494.98304806588806
1415,52.25906671792944
1416,495.9323773690702
1417,500.0
1418,89.2292110144887
1419,54.41096177343749
1420,58.46157435542679
1421,435.0155383708535
1422,338.36752871348324
1423,279.20574814042556
1424,249.74538852220195
1425,464.05543092500886
1426,57.52595522507138
1427,415.93213362374877
1428,497.97587193280435
1429,210.31239739696701
1430,500.0
1431,257.79717150841543
1432,56.937532488603665
1433,303.1320136206823
1434,122.18864031086406
1435,500.0
1436,128.47787314602323
1437,496.6875946026005
1438,498.8867997571198
1439,207.98994211675364
1440,59.11579452399796
1441,51.8969969393888
1442,281.24327645940207
1443,171.09801911828376
1444,120.24328545438061
1445,446.4275298407207
1446,499.9988412476622
1447,54.41017083628166
1448,50.86975006331251
1449,322.93962639513865
1450,499.18530628409
1451,451.0149343176455
1452,333.5859231710144
1453,53.442450387991215
1454,363.404803991135
1455,452.65325124171966
1456,104.61130442207283
1457,263.1327734315892
1458,79.22328647507348
1459,206.1322994346782
1460,63.71094394154501
1461,57.31220984932203
1462,456.7399263024985
1463,59.09843244387944
1464,466.72245266630546
1465,281.9914564918529
1466,500.0
1467,499.254659259284
1468,344.19454763362484
1469,266.4538265652795
1470,89.21910391377605
1471,123.91160175083542
1472,203.7637696584609
1473,440.1632224225934
1474,500.0
1475,480.7234720603332
1476,483.3710195204578
1477,101.25723682006526
1478,351.93158224199254
1479,453.31181980615287
1480,54.60509895666621
1481,51.3443163534766
1482,255.92536636148225
1483,136.69351308075073
1484,182.22897172044077
1485,352.1458249765948
1486,148.03857370816905
1487,500.0
1488,61.9195950027526
1489,435.6743090496693
1490,500.0
1491,139.8089659361977
1492,300.7426368761883
1493,430.44280990236035
1494,349.7101239179694
1495,202.6202965872127
1496,69.75817231703566
1497,68.81766561518029
1498,500.0
1499,250.46577045250902
1500,108.92882169645105
1501,472.6024927512384
1502,49.86181588973183
1503,490.2252418421469
1504,63.31957588468514
1505,56.41648558860262
1506,107.5147616224207
1507,62.55353228073693
1508,495.8960175079252
1509,500.0
1510,461.11378412670126
1511,288.1280638767468
1512,147.53980245380558
1513,443.1631912485092
1514,488.09149676525874
1515,168.56614105970587
1516,408.06012209763645
1517,417.67746493239736
1518,100.6600532778651
1519,90.10484776209384
1520,500.0
1521,423.0413999916581
1522,291.93823739290383
1523,494.8895649287899
1524,53.415593011410365
1525,499.19316761009514
1526,56.96876228911066
1527,496.5567250046193
1528,499.51172044680925
1529,106.15358938616139
1530,240.7488178133545
1531,186.61352559171937
1532,270.07744872102165
1533,348.0008745810527
1534,479.63070610903475
1535,72.78768693085499
1536,356.3657952178994
1537,500.0
1538,358.38097245519714
1539,178.72127510825047
1540,497.60497184741746
1541,59.759318097919156
1542,154.9079323844731
1543,500.0
1544,49.86723546686204
1545,154.95033111225334
1546,60.377883459043616
1547,173.17571346189064
1548,207.9147018087281
1549,274.369339337429
1550,252.01455442750077
1551,332.0734122091073
1552,349.36434955338325
1553,166.38267231933614
1554,146.70104950672024
1555,272.91662678392186
1556,152.1246103480483
1557,182.07301656717954
1558,249.47639705564552
1559,71.98739845919884
1560,271.2853495044216
1561,500.0
1562,500.0
1563,491.8496653118008
1564,171.9317299834471
1565,496.0419479664429
1566,53.36523000666156
1567,59.22775024142533
1568,110.63591660686527
1569,59.384232641175366
1570,438.6531482825548
1571,497.5862944236777
1572,134.07300454206728
1573,331.33568763817544
1574,449.70660397240863
1575,286.2953612184429
1576,51.4098053471661
1577,57.91524470703211
1578,500.0
1579,48.963729637021636
1580,143.3141170357178
1581,104.06497508403832
1582,92.2401019909936
1583,283.45108688326377
1584,476.8192138802881
1585,135.81173341463
1586,427.52480199224374
1587,173.181802401538
1588,129.32286956343518
1589,53.62254981503135
1590,497.04697567412506
1591,75.74948088860884
1592,114.80449301511736
1593,163.8226177391839
1594,56.68936002738247
1595,325.07651997662526
1596,124.18510434211339
1597,261.5864680680995
1598,52.82350008771104
1599,73.23583202360255
1600,482.58476194249533
1601,255.1519518592758
1602,339.1203060560632
1603,494.9967290947475
1604,98.34719249715036
1605,500.0
1606,499.6053321905007
1607,432.3221094941796
1608,500.0
1609,58.488933135178215
1610,476.06748197875976
1611,59.105961806870624
1612,345.72945219510024
1613,114.03113530494355
1614,427.5737399608717
1615,460.1931268494993
1616,399.20930347818967
1617,470.1041173737194
1618,85.88587720374316
1619,409.5798322370905
1620,392.3467548453916
1621,69.41699998858485
1622,424.2709863982777
1623,489.1395353215996
1624,54.57058744533587
1625,178.59381450788325
1626,113.78862918719378
1627,115.6258072010704
1628,500.0
1629,455.27049359243335
1630,500.0
1631,500.0
1632,258.7018410324164
1633,251.4619132800577
1634,500.0
1635,116.80360947609171
1636,497.9746885966405
1637,268.5617553280159
1638,99.57991158008775
1639,457.7133886596507
1640,412.1938888618598
1641,60.24571670551241
1642,450.3845907474572
1643,430.7359199825207
1644,460.20210637047853
1645,56.51759183035788
1646,94.564248260792
1647,93.21013580147658
1648,136.85606952301967
1649,52.15904010598956
1650,500.0
1651,437.38709958558775
1652,328.37235411658907
1653,60.13776554661835
1654,189.44140276894274
1655,52.42244903253669
1656,66.32488452879662
1657,71.31434032951495
1658,72.20205839254027
1659,203.88424893551016
1660,165.3597203003695
1661,500.0
1662,110.73350267401474
1663,482.49357743793723
1664,277.3492308582651
1665,129.76433440227976
1666,127.78843912582371
1667,499.84082210201314
1668,284.151410921074
1669,57.21997324705014
1670,112.58818344169444
1671,216.3950904156394
1672,167.77898269239802
1673,99.6629248178906
1674,114.14026124137669
1675,332.4150838582378
1676,285.2338807375696
1677,500.0
1678,121.21581823177443
1679,171.57813986792027
1680,474.42896772236213
1681,63.2189924352853
1682,328.27848972916433
1683,111.50552305744597
1684,441.013666567673
1685,412.0697159504287
1686,496.23088504027
1687,104.65433864729587
1688,196.12001851198482
1689,123.53001103943657
1690,72.01501136386688
1691,469.59948253523635
1692,497.8148917791626
1693,450.0381974525026
1694,461.11083020737516
1695,107.3168786020723
1696,500.0
1697,443.1222002259677
1698,61.412990980258385
1699,297.1866764468792
1700,243.43569820112626
1701,54.427421367736244
1702,61.43420506640996
1703,60.82798882357657
1704,500.0
1705,182.9292519008154
1706,500.0
1707,101.85886380739089
1708,485.5567850746546
1709,497.4264792150738
1710,139.49794661230027
1711,178.10716017902354
1712,482.9797135111496
1713,73.4812934134599
1714,326.71342825998994
1715,366.6556396185291
1716,459.94424563632265
1717,58.550250978675535
1718,64.43631929764577
1719,55.083008307096584
1720,73.80325601417155
1721,487.4587467910088
1722,64.48504863697076
1723,71.08617201235356
1724,500.0
1725,73.97505804395917
1726,61.93596503857128
1727,54.336270521930174
1728,117.10941998159791
1729,76.46209029556479
1730,500.0
1731,444.0076577883534
1732,206.63373177967753
1733,106.15900709958493
1734,476.3641835828506
1735,350.0337741537788
1736,100.83980953397938
1737,449.47224876556095
1738,59.134659754650414
1739,498.6982986420038
1740,326.76171680464995
1741,210.27192377267295
1742,440.13307935734997
1743,368.3849784727262
1744,346.09982860146016
1745,437.89527663754586
1746,62.16883831354755
1747,73.36339364183956
1748,263.7787118257162
1749,476.9750143661679
1750,500.0
1751,477.81704655624407
1752,210.15671382746706
1753,116.76423285842414
1754,499.6274270201835
1755,130.8542763924047
1756,391.2490071438075
1757,58.297285083369104
1758,103.26956738233514
1759,329.5834265219118
1760,190.8206391675859
1761,90.22522928833669
1762,97.74121383137361
1763,101.4154059937682
1764,192.76720629187696
1765,327.33285554235954
1766,490.8770828280906
1767,424.8966404958099
1768,499.12152522206407
1769,55.420530871373174
1770,55.337267444636154
1771,499.66548910117774
1772,443.4145996547514
1773,452.6687881422105
1774,449.9613359906916
1775,107.40803981013153
1776,466.8799744125529
1777,260.9019405810569
1778,59.54352283706329
1779,500.0
1780,428.4836903992343
1781,62.117595495507686
1782,472.51712443306815
1783,498.81361237141095
1784,195.9064839012421
1785,61.5841936683734
1786,176.38070868584632
1787,118.5129407787577
1788,347.2519014758861
1789,56.056158620442275
1790,468.33978423737983
1791,479.50005798170133
1792,235.49338047640435
1793,61.24361684113933
1794,433.3001620336089
1795,473.90101635769236
1796,138.07699480847714
1797,425.0084330361989
1798,500.0
1799,308.3229423822783
1800,65.62210425228847
1801,247.082923939997
1802,123.08765634273564
1803,55.65253332391385
1804,456.4953895088531
1805,275.9823337539751
1806,438.79496861474786
1807,121.87745865449085
1808,495.9441318431892
1809,74.90730789256702
1810,355.17566924908573
1811,59.94562293416533
1812,204.7017876029576
1813,100.64693041566994
1814,115.2965679289162
1815,171.68959307156763
1816,460.8372624580081
1817,314.7187727761195
1818,497.04137314682714
1819,440.31699307886004
1820,499.9140674178492
1821,309.8753704856758
1822,456.54372806388614
1823,49.207224112608145
1824,59.631342597924856
1825,99.18541443431761
1826,499.04330701375784
1827,107.37900396701497
1828,102.56719422917699
1829,318.98790229280235
1830,256.1382621080095
1831,498.81278222432
1832,414.7425474320589
1833,142.7113841363954
1834,378.51436044723516
1835,107.37989603351406
1836,497.48890320551345
1837,497.2478485439393
1838,323.79418630125315
1839,105.21457900750781
1840,499.2047387885103
1841,102.03977542563905
1842,74.96180629744164
1843,70.68806031458647
1844,500.0
1845,499.6372133523296
1846,116.02038132793598
1847,260.2679140282902
1848,500.0
1849,135.11016386965863
1850,384.00576841552083
1851,500.0
1852,316.5682851835595
1853,81.83880441835278
1854,99.72156016658174
1855,235.37747191095522
1856,63.879039080683626
1857,320.33792277026294
1858,62.83118332828926
1859,60.910906832212476
1860,108.79135628786071
1861,489.78958003818116
1862,500.0
1863,389.75360935474913
1864,137.89332808575122
1865,55.95424302693729
1866,71.23875356318646
1867,117.2289577070683
1868,499.7032310486605
1869,500.0
1870,209.8432093878991
1871,175.66814257814133
1872,63.14800318963988
1873,117.77783872719334
1874,456.23823180797194
1875,106.47924212343682
1876,104.00213376926851
1877,207.89183797590007
1878,75.87862492237105
1879,168.71064179508818
1880,133.42851391541933
1881,221.6229056215691
1882,56.85480730110396
1883,390.86089128718334
1884,354.1213709524074
1885,67.3525055901392
1886,170.22664060276514
1887,392.2607210308903
1888,206.33993279093494
1889,429.6452764320285
1890,443.96713389134095
1891,498.37739553485187
1892,63.76839395833212
1893,62.340250364303515
1894,95.95000545401567
1895,249.60935543512193
1896,263.3041502901353
1897,291.7907998525139
1898,71.7007706220744
1899,202.39598855694362
1900,116.60781279316922
1901,483.2988185341476
1902,499.9811611659269
1903,470.7132335417508
1904,500.0
1905,100.54585733475712
1906,171.93190265646479
1907,67.95264993411654
1908,292.70126179465166
1909,466.1953744270312
1910,161.36413311560193
1911,499.2243107127931
1912,494.7942413135312
1913,306.883183587541
1914,441.3122150646845
1915,98.96902909948639
1916,498.33568213645196
1917,450.85958577141855
1918,469.58253330569016
1919,129.15635799629396
1920,144.1329570792227
1921,306.32767437312015
1922,498.65649076414616
1923,283.34680694658175
1924,423.11386675644724
1925,143.19824402452716
1926,484.2955266027353
1927,209.417407367636
1928,499.84186739760446
1929,58.995615431593706
1930,136.9089201592582
1931,266.9811716882916
1932,465.040063771371
1933,492.56912634715695
1934,500.0
1935,48.5787765656898
1936,54.53294355214212
1937,203.31763527912406
1938,500.0
1939,438.0041473229934
1940,347.7878565247812
1941,463.79094425527273
1942,123.00108581043925
1943,57.970518203556516
1944,259.93787689732966
1945,210.629700130324
1946,74.04038873164433
1947,334.0032058241113
1948,99.61632877648532
1949,117.85365454212689
1950,112.98597850231045
1951,276.2605991293171
1952,71.44187534571542
1953,55.74646414406467
1954,469.91133555259756
1955,459.9722078207481
1956,207.734954676237
1957,291.90302335513604
1958,161.21874809576636
1959,465.3075620720281
1960,100.93154176222296
1961,382.2819120960055
1962,71.63556988926794
1963,54.89897596427884
1964,446.22356848084326
1965,457.7833870789425
1966,346.3703526968801
1967,121.11810247713589
1968,499.4660917767226
1969,56.26612457645476
1970,64.87380357070089
1971,150.21705852642867
1972,158.59349684556366
1973,500.0
1974,122.09601481352567
1975,70.51591098155683
1976,63.430358307755895
1977,202.53556371654494
1978,203.23003034348795
1979,116.19762872358308
1980,498.86565289020035
1981,476.65186327286796
1982,258.0712684121562
1983,112.5635283271722
1984,253.67233133866955
1985,500.0
1986,100.59211298445851
1987,120.09814581977548
1988,111.89066539307706
1989,471.33526003384554
1990,482.2046460708525
1991,500.0
1992,493.77572763064404
1993,305.9499955673292
1994,95.21285902938526
1995,260.1467072700266
1996,485.23543694281454
1997,191.43052332493193
1998,111.16876181955114
1999,69.36369092434995
2000,499.3294600911334
2001,134.89140299432182
2002,72.82046224523178
2003,498.4335510313562
2004,76.09591439536905
2005,415.52437452402876
2006,197.38153939039796
2007,353.2717210185896
2008,52.91790654137857
2009,491.54180841617267
2010,492.85284712620404
2011,253.4438965221667
2012,60.47394991778981
2013,78.13645060264673
2014,175.7663443435431
2015,110.28536811441786
2016,351.8822375336927
2017,496.6790769671675
2018,78.19328932232763
2019,447.75782336475464
2020,265.14162249487805
2021,177.60546369694018
2022,110.72704662071202
2023,335.7483327230716
2024,101.51035775885599
2025,59.47978615754951
2026,114.26692913833138
2027,110.33940642902948
2028,277.71676954671295
2029,229.8258046075502
2030,205.55715080354025
2031,133.81410785737154
2032,448.78782383972987
2033,176.72877588908221
2034,299.00120935436684
2035,331.7176135846028
2036,289.1289920873516
2037,132.01289240114403
2038,50.70906730764965
2039,200.01243786290092
2040,450.2677799586561
2041,437.65991673437765
2042,334.23519984989883
2043,147.3327041142995
2044,500.0
2045,321.9881696242784
2046,276.9019811846845
2047,59.124630602525386
2048,118.78639569208514
2049,456.30503921514503
2050,61.827765840000524
2051,499.9265037992727
2052,500.0
2053,500.0
2054,117.22004617073806
2055,431.8111440025982
2056,341.0117050999251
2057,282.11282626856
2058,433.50224817029556
2059,59.795096459880725
2060,52.42374615603302
2061,96.6137974894507
2062,454.7525893911587
2063,500.0
2064,184.03195548453283
2065,500.0
2066,483.32531367388253
2067,51.50399156821452
2068,500.0
2069,489.07951282881334
2070,330.4138966100703
2071,85.75134482187667
2072,499.27898682821586
2073,371.95986375560506
2074,161.10641857703212
2075,421.07236349099253
2076,51.02209722051991
2077,358.2937957140586
2078,189.66309482657644
2079,106.49892557271681
2080,76.61119228795565
2081,249.2196068730792
2082,52.393336727459996
2083,495.0293896452436
2084,57.5915360632619
2085,340.285370204144
2086,167.43650558326323
2087,281.8702400330537
2088,463.3111340620834
2089,53.341234906547946
2090,64.021222639818
2091,494.29518550269967
2092,219.87572688430595
2093,50.855642302080554
2094,391.9149774467101
2095,349.4731844912384
2096,475.7976478350953
2097,157.07452116196333
2098,55.19846730349392
2099,60.692810580836806
2100,499.56629684154734
2101,98.2540722632404
2102,68.89112943766284
2103,338.1053735870071
2104,64.04767930042127
2105,408.94559155375316
2106,474.56191052317973
2107,391.1744629734097
2108,497.01126418137744
2109,123.86340075780116
2110,284.5387827112659
2111,287.5295003097016
2112,59.76230480296425
2113,451.7808996445042
2114,98.75720144690898
2115,271.1681008697356
2116,438.8897678309112
2117,124.26398245254161
2118,64.18039913180269
2119,142.71845342564387
2120,114.75959206820484
2121,181.41984005974476
2122,489.6579908561595
2123,55.58538721842416
2124,70.92478093309015
2125,500.0
2126,137.91361045395888
2127,481.1901580426489
2128,451.8149175460258
2129,482.6553643673737
2130,59.86083267460678
2131,104.90498210218385
2132,499.5473977912132
2133,57.88049250802605
2134,194.87106467221534
2135,85.9966900235857
2136,403.4425428318027
2137,53.93138887997253
2138,84.16231008967648
2139,49.705744789331206
2140,261.5816168472014
2141,198.0988854256833
2142,54.1333207913642
2143,145.91030479289353
2144,200.7299485042185
2145,500.0
2146,500.0
2147,47.893526002637515
2148,359.90960675672386
2149,237.9590508819057
2150,182.27376175968635
2151,300.071941356554
2152,425.670490596478
2153,51.358716934537995
2154,356.9680985685383
2155,107.55893985762296
2156,298.80578388749706
2157,370.62869698418456
2158,329.16618515848364
2159,51.380411444509775
2160,499.3122953373754
2161,332.08752245276753
2162,112.354057347247
2163,403.6101637190401
2164,411.4855300897453
2165,61.209551174949084
2166,109.69879266985163
2167,58.71681191768063
2168,338.7331081333334
2169,183.77982872935422
2170,467.64259985365095
2171,500.0
2172,86.9445099621819
2173,498.03031788978285
2174,116.54261504085736
2175,316.24955957600196
2176,386.057973699623
2177,71.92048441908648
2178,471.25429961289694
2179,55.341897066478694
2180,475.5301289540835
2181,437.8550741745755
2182,495.0438988776652
2183,454.56361252295255
2184,461.1632291560774
2185,56.050238681165695
2186,500.0
2187,150.8002756839048
2188,100.56592995492916
2189,420.3222969690014
2190,157.1939853228705
2191,432.0507018483379
2192,176.48927042462395
2193,493.9431134012567
2194,500.0
2195,103.81706719037928
2196,444.5913912516928
2197,427.36281632348414
2198,297.8310181873922
2199,150.48053653775358
2200,500.0
2201,439.9683064870567
2202,484.6070130774841
2203,500.0
2204,498.36240003547823
2205,332.4131419351165
2206,221.9072738552386
2207,184.3240410237066
2208,45.307831174864035
2209,217.3416270578603
2210,132.93765583328624
2211,320.178297777712
2212,500.0
2213,60.79560339053898
2214,117.60432623310993
2215,479.57734508550504
2216,421.07620907346507
2217,428.47584799343474
2218,104.58966360438123
2219,327.38121768903886
2220,126.00859097741169
2221,137.64038606947167
2222,61.2965873375133
2223,454.27941082059044
2224,500.0
2225,491.81845118988804
2226,269.9893475079653
2227,455.9878157336446
2228,500.0
2229,286.5288227020486
2230,164.86131580237372
2231,202.5244289323907
2232,376.37943600763487
2233,463.8919617316375
2234,45.91480592131759
2235,315.4188279634835
2236,239.96735621073032
2237,57.750960348642124
2238,457.3580108602466
2239,159.40878078978437
2240,164.1963160538715
2241,55.0617875748252
2242,137.8102271808719
2243,55.86065424861176
2244,343.1027151838664
2245,498.8829101089756
2246,265.3643093075108
2247,81.06653087650615
2248,404.90726271684866
2249,161.08706475767664
2250,110.77211439576331
2251,341.71503531559756
2252,499.285184895581
2253,54.54531657585953
2254,345.4948034677467
2255,497.4657693529141
2256,435.337151014691
2257,500.0
2258,58.24289887580331
2259,449.48309072425633
2260,328.84565183694593
2261,326.527111993442
2262,99.97991060638984
2263,57.758276088075135
2264,58.040715133207186
2265,252.12784576036523
2266,416.35233755199215
2267,333.5067493364985
2268,316.3432769097845
2269,69.40302451958269
2270,81.60375531853941
2271,499.2353344084997
2272,283.4223608998764
2273,189.05747564643778
2274,499.6685796974223
2275,179.98941736536096
2276,432.90967811493306
2277,497.72745045951774
2278,433.60712727158307
2279,120.18297394958964
2280,499.9784505886503
2281,353.9586527703202
2282,53.24022133074438
2283,70.2193592838606
2284,499.689236818851
2285,288.49385925962866
2286,360.16878264547097
2287,483.46021504736837
2288,266.921385073459
2289,499.24524682909737
2290,107.07789221716044
2291,277.73762295520874
2292,53.9648590176325
2293,54.12592240557382
2294,56.22226056157181
2295,417.7659050305298
2296,496.2824162012563
2297,122.29753897479412
2298,496.0171782359995
2299,500.0
2300,466.0487592018145
2301,136.7786659620433
2302,489.8916826658814
2303,63.485202457863224
2304,500.0
2305,61.59686859648879
2306,202.71886062915246
2307,500.0
2308,75.43308543376367
2309,499.4082169478912
2310,53.17798116303535
2311,382.0070071270897
2312,182.91834910769447
2313,500.0
2314,134.3069420731067
2315,214.9449243943821
2316,192.20417645153216
2317,73.89059119318708
2318,151.3210006035111
2319,432.4449366147211
2320,220.42312630179228
2321,498.9056428410628
2322,500.0
2323,332.10189726210206
2324,109.37082722510957
2325,52.83722324335439
2326,489.26997624965014
2327,149.7121094781353
2328,84.18083437738902
2329,267.3517924409265
2330,94.57120874130607
2331,183.36252492743498
2332,334.09730597146466
2333,330.5553848829722
2334,150.6318350616541
2335,345.1047288761814
2336,500.0
2337,403.0802594048488
2338,404.355155763914
2339,499.70193513603556
2340,290.91107468871235
2341,382.73165039087223
2342,500.0
2343,170.59661979628254
2344,129.42936610164818
2345,499.5777057956876
2346,98.72361834331275
2347,116.15881862721113
2348,55.375150506950106
2349,497.45299927473366
2350,101.13847285152096
2351,67.50241323817967
2352,59.386604024810296
2353,145.1197516581706
2354,209.44491079725265
2355,57.15791531510383
2356,77.68207672455384
2357,498.9283307841009
2358,160.18327938924753
2359,498.4517267412971
2360,346.0875186774572
2361,96.70004841412762
2362,497.42213965282275
2363,115.79489312385176
2364,273.7148300938234
2365,47.814563104820856
2366,377.63685437197523
2367,330.3893171860102
2368,440.4065292298076
2369,141.1973294537665
2370,248.87005388408585
2371,500.0
2372,59.76387835460641
2373,109.21867801610958
2374,369.21790667117233
2375,100.44441784160205
2376,62.38125145874528
2377,398.93365094220053
2378,74.68971625976744
2379,75.68060915722266
2380,499.41355797100204
2381,499.96882743391245
2382,499.4017239412891
2383,56.53311488423989
2384,389.91602670798966
2385,76.75210793026503
2386,459.72944838371365
2387,344.98944885916467
2388,127.36667419754684
2389,160.7501703579575
2390,488.65567684548057
2391,335.21281491095954
2392,153.89071594017148
2393,55.79758170624983
2394,410.13037195154607
2395,55.79804961281573
2396,499.25146646018175
2397,193.2865930427572
2398,151.77687183669937
2399,500.0
2400,105.61125152355942
2401,55.90374244588976
2402,163.11762590550808
2403,58.35244005177053
2404,164.3821018831835
2405,268.5972836580146
2406,171.4259644057475
2407,434.4620722414604
2408,500.0
2409,495.22306215652213
2410,44.34584359859433
2411,332.4727380909272
2412,100.10005702714946
2413,317.31433415839956
2414,66.74396048573365
2415,122.40644101039663
2416,73.16184762937401
2417,500.0
2418,252.36699210948672
2419,55.53001587912968
2420,144.1107851363357
2421,493.95290018362857
2422,60.41230302589173
2423,60.2690959868611
2424,118.47785031337217
2425,84.18039646434494
2426,500.0
2427,500.0
2428,150.90117056135497
2429,181.33507720467077
2430,500.0
2431,125.89254525539098
2432,211.26392197433805
2433,261.96775160344384
2434,267.7015500260605
2435,500.0
2436,385.4142900804906
2437,121.97918504008486
2438,499.94212637000334
2439,161.23198335136914
2440,279.33564332571353
2441,58.18416047069565
2442,188.0201321974781
2443,142.20100481579848
2444,415.90463248157107
2445,156.19960188786862
2446,498.1803886860131
2447,331.78462156527075
2448,498.6707557910377
2449,314.07339071389777
2450,498.83911719125524
2451,498.88843178162494
2452,188.31750665793373
2453,105.11414805182679
2454,448.4662156156553
2455,405.245809732619
2456,305.77935495113167
2457,100.24688034647303
2458,497.00994498376997
2459,441.2738115457755
2460,386.61608726476453
2461,498.90805277248273
2462,158.3581790222934
2463,335.05996736279087
2464,99.49988776083154
2465,116.99077493617128
2466,499.25763089986907
2467,86.2286471479626
2468,496.93425577588624
2469,65.09615316787631
2470,164.17556979530784
2471,369.33476932735243
2472,63.416742520046725
2473,384.4156067206226
2474,468.99814969137117
2475,406.5639412617396
2476,57.52534322290332
2477,500.0
2478,64.02154252877807
2479,84.12287924178318
2480,340.41555518667155
2481,500.0
2482,465.42663733473313
2483,408.1577514036023
2484,106.7375390588129
2485,161.3521669683507
2486,498.79865086052155
2487,426.1567037591373
2488,431.69141134411814
2489,349.1728596580841
2490,55.65682824513951
2491,499.2137768738698
2492,500.0
2493,75.89833429063421
2494,328.7206824039082
2495,499.3524351467567
2496,53.10908806021742
2497,119.45495614582666
2498,441.156395625903
2499,58.7029086249095
2500,73.27203691811344
2501,498.0135124742517
2502,499.0225783537221
2503,59.34200199926022
2504,278.21728940886265
2505,345.78267959489153
2506,109.37599964706789
2507,500.0
2508,500.0
2509,325.58353606148046
2510,335.3944947273565
2511,144.02292834659335
2512,57.115513527171515
2513,477.0358894576286
2514,494.9536905263451
2515,499.19757124830267
2516,203.1638107023603
2517,73.1152542028939
2518,426.6775271345112
2519,331.2878831855472
2520,137.9329624791103
2521,500.0
2522,54.5811664248471
2523,141.60467922889129
2524,53.05881412380738
2525,53.57239931296664
2526,496.9068091586031
2527,118.74593758291827
2528,61.02744059668245
2529,498.5901984368604
2530,153.43734961988994
2531,109.8726727820162
2532,203.35518943681734
2533,500.0
2534,216.3359563468293
2535,468.4548553698286
2536,456.9768144636348
2537,498.54298147744885
2538,74.25393912282556
2539,63.0801481226441
2540,411.67300429793545
2541,107.73437055108229
2542,343.9241169876456
2543,57.46995114912586
2544,497.37483518314826
2545,245.78531952337195
2546,102.19221206259661
2547,426.59528314895067
2548,197.60575606183363
2549,70.79833247697798
2550,137.50055578712573
2551,252.57105311878973
2552,81.24033995980346
2553,356.0160274272817
2554,415.54622325746374
2555,111.78522078134247
2556,57.413544550810485
2557,119.79806942618387
2558,220.30303991253345
2559,76.38520518273901
2560,326.8741411655309
2561,98.89013472187384
2562,71.96423743949673
2563,476.84147565947313
2564,160.92717376656748
2565,477.2018435867209
2566,416.8683508108912
2567,497.72325516488513
2568,271.91957870097895
2569,318.35357041793776
2570,500.0
2571,257.2175871082992
2572,500.0
2573,122.64781134761478
2574,136.28256282269462
2575,219.80846629812197
2576,75.2508952650666
2577,333.9381619113326
2578,464.579845545956
2579,315.62760695145846
2580,426.4186691270286
2581,450.7184507768573
2582,462.4625665176054
2583,359.8648570974311
2584,434.09852883571216
2585,269.5897393946666
2586,115.6571949583876
2587,362.11519019243315
2588,119.55553038737176
2589,420.48589840007344
2590,58.97865105495425
2591,434.8924032838173
2592,104.7481397395615
2593,66.29041982854324
2594,58.83477306364661
2595,112.76356911731696
2596,49.260710579598936
2597,125.83979905242371
2598,113.67779932628659
2599,62.47238372886929
2600,246.05002591184638
2601,465.41980482490726
2602,399.87311970738597
2603,456.77320938819093
2604,72.08145058444491
2605,154.29178315589573
2606,458.95121855682294
2607,433.5866212386445
2608,419.26152833583
2609,47.74548369431228
2610,500.0
2611,354.5456737397497
2612,486.98264940895376
2613,132.443802396102
2614,343.4415179650328
2615,74.01847613826668
2616,65.74373951905228
2617,437.4726765097635
2618,132.84768486997538
2619,69.1554600577845
2620,59.90504993880067
2621,252.48840894735648
2622,200.11888251532463
2623,226.2697341149409
2624,146.57830905959162
2625,417.72267230019344
2626,143.22873489390275
2627,51.95088853650233
2628,60.7094628341254
2629,195.54028345304292
2630,494.9929574899379
2631,484.07058640409184
2632,498.9507243187893
2633,497.52104110851656
2634,100.55853671736715
2635,411.4361381145687
2636,181.39107333189327
2637,500.0
2638,372.61390260550985
2639,304.6524057794064
2640,315.621801268852
2641,414.9495432286565
2642,147.1925248663124
2643,181.97571374317147
2644,278.32397956865293
2645,175.74467420553708
2646,499.49644256446743
2647,244.99918678223167
2648,96.96176255423357
2649,480.36865459003104
2650,87.40897430464958
2651,337.7829563439743
2652,500.0
2653,242.56229440082762
2654,152.91229392091932
2655,358.97153221882115
2656,43.21626324815234
2657,340.1301220385397
2658,491.62839318922306
2659,125.57365625759564
2660,113.80451750184287
2661,188.53885858714557
2662,139.22192290180135
2663,173.7443636463137
2664,487.69130661645715
2665,430.7837709298042
2666,124.28230208696151
2667,90.69098393934567
2668,170.2566391426441
2669,191.9825188838468
2670,226.26694244706027
2671,172.77681744306545
2672,198.63764306591906
2673,174.04756028053978
2674,499.28214641276793
2675,469.7796355486428
2676,332.31269367186616
2677,70.09226329102825
2678,353.89574446848377
2679,210.81172475390588
2680,487.6127702870231
2681,60.60431247431136
2682,55.582603444018226
2683,76.06144455936368
2684,255.31521336856474
2685,430.8167242994821
2686,427.9962911580511
2687,500.0
2688,364.7912706962054
2689,336.9910201378843
2690,450.97198852409986
2691,493.863138365709
2692,71.91616014502173
2693,200.17278679654532
2694,193.6868236379935
2695,500.0
2696,490.6804514942591
2697,451.7203662278438
2698,459.7685504132394
2699,287.40568775072
2700,371.0978955296969
2701,189.96167032103463
2702,54.89505614872782
2703,107.12580563578953
2704,101.75656488195179
2705,178.93028639648787
2706,487.93044232928685
2707,338.78830130355135
2708,63.24125013650851
2709,72.21470224557697
2710,113.25276295901563
2711,159.073077456803
2712,441.9273986823419
2713,500.0
2714,259.28374634752635
2715,102.40027458951022
2716,56.15063561757095
2717,183.3306423484424
2718,93.60540952474969
2719,454.32767939572193
2720,500.0
2721,147.2047933101736
2722,63.3865667617809
2723,499.68118948377315
2724,58.46368109784807
2725,141.52600099439695
2726,58.33395139736963
2727,273.81998777014195
2728,87.14738231505825
2729,328.61102443535395
2730,202.28514820284335
2731,182.27750990336457
2732,147.249610817835
2733,195.6443855924149
2734,195.27533682668889
2735,145.59301812958103
2736,193.9850705980914
2737,134.03103303715682
2738,194.40621340662676
2739,485.22374496219413
2740,500.0
2741,63.755914637418925
2742,51.631785758587675
2743,98.33436442386622
2744,50.97552698309387
2745,500.0
2746,48.29575804250468
2747,500.0
2748,478.3881488505232
2749,500.0
2750,495.88463569151565
2751,500.0
2752,219.284927326983
2753,69.86273587986692
2754,71.25900952198101
2755,287.9657107206348
2756,462.5597932114897
2757,192.86910874561664
2758,117.01300699711422
2759,246.0098297297108
2760,466.0264623967182
2761,101.74209109233675
2762,343.8666359282738
2763,118.29364906809931
2764,59.595560788689994
2765,59.39569798364423
2766,499.123330381954
2767,201.68539398385207
2768,107.29579151553983
2769,338.17114424404974
2770,66.98337291717843
2771,116.82994238579937
2772,500.0
2773,342.0669071416476
2774,106.51880596150316
2775,146.69632393329113
2776,110.48539121914516
2777,327.9879908455266
2778,451.69436452554834
2779,151.50089566173472
2780,216.913464519225
2781,440.00950945994157
2782,58.24107873127723
2783,140.16933140196096
2784,297.43076913629386
2785,319.7302990484607
2786,435.3527681426868
2787,91.17065987496471
2788,170.50044506346924
2789,59.612906668963404
2790,356.88599447963924
2791,456.3991071412912
2792,141.0148154477925
2793,155.18542718876867
2794,100.80349916778093
2795,133.38997892634978
2796,500.0
2797,320.5032576100896
2798,304.20415935254863
2799,101.28343646664987
2800,51.40613341308293
2801,130.31478919971298
2802,44.7395528739675
2803,499.90344022293993
2804,107.35589780517333
2805,196.91672823189384
2806,225.85582481713521
2807,55.248820499037336
2808,106.01907660980183
2809,157.98667670849852
2810,232.2124140408875
2811,280.43744416615755
2812,393.74439981469334
2813,56.30856221544772
2814,406.6096092653477
2815,342.452848661104
2816,188.63076439641492
2817,166.90058463847927
2818,415.2016959109119
2819,500.0
2820,473.46138492388826
2821,52.04875936422626
2822,115.60733430336802
2823,82.81127409032547
2824,500.0
2825,164.16487894620585
2826,93.42213331336191
2827,114.54560851440206
2828,500.0
2829,60.358327558421756
2830,500.0
2831,58.55347401082338
2832,500.0
2833,128.07259534456927
2834,328.0717701360461
2835,500.0
2836,448.1664338207981
2837,52.45758075133411
2838,107.48578006231409
2839,296.2025092614763
2840,54.69731436286974
2841,462.9480123337879
2842,141.59662780022498
2843,454.8084980912204
2844,73.18119221184955
2845,492.105603340167
2846,441.8978378258141
2847,486.37335053789377
2848,146.8541898792063
2849,71.79029127674347
2850,99.54712146935546
2851,500.0
2852,491.8281340687837
2853,497.7898425677235
2854,108.99211986380743
2855,125.71043976688466
2856,51.57681827984017
2857,59.1393517459019
2858,200.2009127341636
2859,425.41172298909413
2860,295.18143361096634
2861,144.771922795207
2862,494.32917398305403
2863,380.14765570597154
2864,499.64877693374956
2865,136.9201108030664
2866,471.45550500502
2867,71.64576907721461
2868,354.4368324193586
2869,107.81982943038753
2870,351.52747245499916
2871,476.4464582159429
2872,282.4935126968563
2873,171.92186389528723
2874,500.0
2875,202.49838350294058
2876,55.918930227628344
2877,469.5822702172179
2878,499.42207434715897
2879,107.28036759542023
2880,348.36907933541704
2881,69.98437520696596
2882,60.79996746983283
2883,189.8115326778269
2884,499.03471474590896
2885,205.65396839732878
2886,49.186579485576814
2887,408.4506725359455
2888,442.5970080168831
2889,500.0
2890,294.7863728235381
2891,64.11842070011151
2892,369.98486419970124
2893,500.0
2894,55.73421262497342
2895,177.97160318478083
2896,411.3378119986859
2897,462.5249475812619
2898,140.07124244672104
2899,132.49764420537443
2900,62.20998019465037
2901,225.3043322527792
2902,203.90865274077663
2903,341.5184851467783
2904,104.18338322273414
2905,500.0
2906,104.03065534071312
2907,366.87473035485954
2908,454.6483637675518
2909,323.86419579901445
2910,489.30303693490276
2911,258.3594400403792
2912,70.79880292004216
2913,416.50631094546065
2914,498.1285915608672
2915,500.0
2916,433.5015170506125
2917,70.77728168095159
2918,327.7686076851235
2919,205.27685466063923
2920,63.67038715228778
2921,494.23831519919094
2922,162.3349629890481
2923,107.53164960918146
2924,459.39486523103596
2925,159.92333556750182
2926,465.3444028241936
2927,499.40433978452154
2928,361.9968062722063
2929,55.1964773930534
2930,499.9012141438037
2931,287.1168485138014
2932,116.98490663503797
2933,113.77512030458846
2934,469.41141264524975
2935,77.39209750305565
2936,360.6305824961424
2937,51.32196921809367
2938,157.80468382594628
2939,59.51405251448925
2940,421.51475110498984
2941,238.61322485121661
2942,170.09024140660694
2943,500.0
2944,497.48751367688
2945,71.19591758321512
2946,499.504517545418
2947,194.23140444547866
2948,500.0
2949,176.2083426191086
2950,500.0
2951,497.23478388268495
2952,120.06150830538579
2953,500.0
2954,51.36774588123209
2955,499.17041691068744
2956,57.968812630897474
2957,143.9411669637749
2958,55.87479590332332
2959,498.74050035482094
2960,260.37214013563334
2961,500.0
2962,77.56301570773131
2963,183.31499182202947
2964,320.52920418465106
2965,499.5691894441436
2966,500.0
2967,132.2543017910092
2968,93.68060820614139
2969,199.28006219517297
2970,443.3337666431703
2971,497.5626992360991
2972,180.2849115998074
2973,71.80379104821779
2974,58.253052466243844
2975,81.84522071429477
2976,55.17042966979898
2977,137.90950263428513
2978,387.1660172955265
2979,498.8152063919078
2980,459.5941078525989
2981,163.44757181938365
2982,122.94920901551961
2983,110.58351096017643
2984,495.73130255331137
2985,500.0
2986,118.21221625522182
2987,101.88960127708611
2988,179.05311274369626
2989,114.57180995170853
2990,132.08304122137832
2991,102.15955791292257
2992,497.4792337527671
2993,200.50002603959183
2994,437.23672144969
2995,439.5961672311469
2996,453.5568786946708
2997,340.50280834550625
2998,58.578999508368376
2999,119.26264643093664
3000,288.76378051031867
3001,497.4612124552232
3002,500.0
3003,500.0
3004,99.1398179692872
3005,99.66229046386857
3006,310.993318673772
3007,82.74886094218135
3008,90.72834325213532
3009,159.29994459126834
3010,109.39635599114169
3011,122.91878838843037
3012,492.0529434288269
3013,468.1815807010695
3014,377.04423932566397
3015,498.0019604010332
3016,182.96673428512946
3017,424.6046268095495
3018,47.298414096970596
3019,58.95737612469971
3020,498.186373621622
3021,398.8371764089411
3022,500.0
3023,101.98999114297277
3024,73.33038244761616
3025,101.85856840544878
3026,327.3888877857811
3027,340.0904321260338
3028,361.4897136322548
3029,472.0797666594636
3030,73.61674178900118
3031,478.9853394525775
3032,495.6346104966543
3033,351.36394588399276
3034,313.3406051411786
3035,56.35886402016948
3036,500.0
3037,407.19920939093663
3038,499.6436223255257
3039,62.490698042139954
3040,61.90196964462546
3041,500.0
3042,428.82691977382757
3043,123.74610947267617
3044,119.6846983448946
3045,373.1547927542736
3046,58.934867495473725
3047,499.515597970248
3048,469.5216116294224
3049,62.30299778510445
3050,257.30832396211673
3051,497.24192223225884
3052,499.45685095271756
3053,499.9065825957789
3054,125.06755543542138
3055,59.97347522836675
3056,73.70809326037623
3057,60.712744477262575
3058,146.0202011895695
3059,500.0
3060,500.0
3061,321.4790787223398
3062,54.86992166291842
3063,344.72270428722373
3064,337.247042924284
3065,500.0
3066,500.0
3067,125.36084550938139
3068,326.0828274578407
3069,280.1099111807363
3070,176.54628456662834
3071,53.0294129294633
3072,268.4519164936867
3073,45.91630575649899
3074,106.73871944943929
3075,68.47103095168295
3076,127.18965223140265
3077,499.3572204895496
3078,412.9214262424878
3079,425.35639881804326
3080,94.80237177281532
3081,64.60927650750413
3082,465.84519580586664
3083,471.82026677459953
3084,72.20364134889124
3085,207.71888552709447
3086,62.0878557922682
3087,172.78762276508647
3088,496.9374221823049
3089,335.70861469310717
3090,56.2017458473253
3091,109.82716842735316
3092,500.0
3093,173.79351499809286
3094,498.74297097105614
3095,416.27142287542955
3096,146.78151368468988
3097,250.71105367316255
3098,214.7137216895958
3099,445.11612380300437
3100,443.0751783019825
3101,124.13813683918735
3102,285.8475081366639
3103,50.53575272644325
3104,165.02783268892014
3105,130.1874662920568
3106,143.20200835102435
3107,500.0
3108,500.0
3109,57.472641208571105
3110,287.8451882660803
3111,139.65153524882658
3112,265.9291663954019
3113,54.3427475871637
3114,127.85091186931679
3115,441.07285190668097
3116,55.548870509229815
3117,446.18032656232896
3118,146.39612333798
3119,154.50002215957613
3120,73.49452098072857
3121,311.06098146619115
3122,420.02223134548274
3123,101.63268611092722
3124,249.52427890350316
3125,313.0905634541829
3126,354.41760147142656
3127,61.831968832273716
3128,107.91416951249067
3129,300.61967877389316
3130,500.0
3131,93.60335496689645
3132,499.8233459375833
3133,96.48934046654999
3134,106.10447492282034
3135,49.02046331255946
3136,382.32559928526473
3137,131.74400343271108
3138,436.4812434661696
3139,357.627517761786
3140,270.6973404473645
3141,191.6389970020542
3142,168.14476066677497
3143,499.30579119900017
3144,69.13811354091779
3145,109.81315978457476
3146,194.5673616388156
3147,86.15549819110804
3148,326.78998051377425
3149,427.1202157522033
3150,457.40534107002765
3151,136.3637243817269
3152,420.7127445179948
3153,476.15687905999425
3154,500.0
3155,438.7307416302625
3156,453.00094036500013
3157,217.47086618596157
3158,59.69282743837695
3159,62.92701421631773
3160,383.5969537388136
3161,459.83828519615867
3162,54.11569836316188
3163,61.6039126465533
3164,55.005726822814296
3165,69.9030231330938
3166,443.42193301891075
3167,137.44315315721045
3168,75.10305786448356
3169,499.66945308735615
3170,108.12075664628375
3171,358.2908947805407
3172,198.72233801061572
3173,56.36986439336259
3174,162.27763535474736
3175,319.5904271398188
3176,56.62644110140741
3177,201.75744966617935
3178,500.0
3179,500.0
3180,498.4508478941245
3181,390.91175175809633
3182,333.0527912999942
3183,218.4180443180431
3184,292.06578428586505
3185,357.73119182116113
3186,57.82522889663601
3187,488.09716278707367
3188,67.821014296391
3189,187.05560087023053
3190,500.0
3191,477.0121958801366
3192,54.682214060070365
3193,499.71699533879814
3194,57.64037549189843
3195,335.11423768718686
3196,496.26886431269423
3197,499.3238999830468
3198,101.3977749171373
3199,107.6115037699659
3200,432.9847470208123
3201,500.0
3202,454.02911836551243
3203,248.97507392670525
3204,117.19762881246076
3205,340.0599972025518
3206,500.0
3207,130.7735806412737
3208,499.66776194786434
3209,71.43812557553282
3210,211.54737293523465
3211,133.3042660373887
3212,492.23693254478883
3213,500.0
3214,69.53843364661411
3215,299.64810625534665
3216,498.0386897862651
3217,498.7274159252489
3218,72.31081544925945
3219,500.0
3220,376.1761123299291
3221,500.0
3222,151.9167540705732
3223,116.18735297014445
3224,74.49804677637181
3225,497.96377188904137
3226,293.95183048098767
3227,158.40433869625076
3228,297.75542664561533
3229,120.99154813770954
3230,327.47154751907993
3231,325.7374157293977
3232,56.51507079358668
3233,67.87598621926472
3234,242.08470804047542
3235,487.59113596660563
3236,435.8143271658072
3237,418.49454829766864
3238,497.9820753838028
3239,498.5730972871338
3240,155.30972895138248
3241,57.63981943828468
3242,433.73709763354833
3243,390.7319816341344
3244,440.22869862225855
3245,64.81161052957918
3246,481.94712645008497
3247,100.60067421715598
3248,196.72979235477072
3249,500.0
3250,420.9763102024816
3251,349.84376394371697
3252,74.18115141256723
3253,498.14290994407025
3254,94.5632340696327
3255,498.82564900985665
3256,500.0
3257,60.109972127508456
3258,292.8851977303499
3259,494.2719428478307
3260,90.16283770916989
3261,492.06544807598624
3262,362.9069638402424
3263,340.61788456096536
3264,499.2726783978087
3265,498.9040409073083
3266,252.28191046288197
3267,498.2615488464469
3268,76.61726075791147
3269,47.085558592709035
3270,108.96020461560613
3271,272.17940760444867
3272,61.66956129425955
3273,162.26984537422646
3274,496.51025934431385
3275,68.94311652578841
3276,487.6873494388807
3277,439.27498797162184
3278,233.8245267957198
3279,192.94599421311673
3280,305.2389820414308
3281,72.24481086987322
3282,180.20837089773553
3283,499.8769033783716
3284,73.37556405037044
3285,270.7541755305766
3286,282.5435962087959
3287,468.88331564673274
3288,496.743725023441
3289,500.0
3290,278.0622267943923
3291,189.47897294828613
3292,360.5605997459767
3293,467.96099029652646
3294,118.14948152241622
3295,139.71991980976065
3296,323.0875299658402
3297,60.0049870816673
3298,126.00733226982987
3299,85.47683754440443
3300,474.64913557363275
3301,137.33383929791404
3302,59.478163194586855
3303,496.2897446842942
3304,159.96954397335205
3305,61.08882422366697
3306,68.79983222170748
3307,168.91440971534846
3308,60.0350605883019
3309,259.01628539803374
3310,125.84013060149692
3311,164.01797538039315
3312,500.0
3313,500.0
3314,268.8868701871014
3315,456.0077686126309
3316,499.50159230740695
3317,157.5289561020957
3318,213.48272976224033
3319,498.95250030556394
3320,112.4743697463808
3321,444.0488610033259
3322,200.72751856459683
3323,182.57829369546698
3324,438.621974361095
3325,190.41532437446162
3326,415.4543511093128
3327,304.3180716363032
3328,491.38310581255575
3329,421.9545799008838
3330,357.229856427544
3331,94.83322769068477
3332,328.834483473721
3333,270.87085987830295
3334,196.54411309590682
3335,134.07287740322369
3336,58.241474231032015
3337,95.88291061830807
3338,109.7817582814769
3339,114.15228496017336
3340,497.0420377842519
3341,60.709529338568075
3342,70.49923904638172
3343,188.41284609372292
3344,466.0820553131839
3345,471.2098415220074
3346,157.2054824767257
3347,324.5223589730509
3348,101.4587181797927
3349,111.99538825935464
3350,267.76235033575324
3351,60.91457222748664
3352,339.7755948451809
3353,300.15394837931603
3354,96.90948220876189
3355,186.60566643557274
3356,125.67250148550424
3357,348.83022755280456
3358,71.22809899583423
3359,500.0
3360,498.93563291316724
3361,57.68182254413974
3362,57.67613604399814
3363,74.16356273736682
3364,101.08704084141822
3365,57.99321931299933
3366,372.5367213224523
3367,500.0
3368,495.7253365986411
3369,498.21433035523177
3370,498.94289920510755
3371,58.05197333554847
3372,187.40073705175448
3373,498.24135651782296
3374,168.64979687296835
3375,76.8120794981675
3376,493.4347615690574
3377,55.504323113965086
3378,58.163028301470575
3379,342.4630041159679
3380,303.5690184963844
3381,149.43165330609276
3382,500.0
3383,500.0
3384,100.46283498995558
3385,355.1698806077177
3386,63.19504347268304
3387,134.4556505101196
3388,498.7329315832345
3389,438.04350170980456
3390,139.5657630694124
3391,180.81440307362485
3392,73.51907644347996
3393,500.0
3394,54.76596258810689
3395,499.9662227571663
3396,463.26584448897484
3397,60.70081112751376
3398,317.97398286068585
3399,102.27777400567965
3400,264.4182911180537
3401,484.54939064108794
3402,174.48892873981376
3403,325.76868591308664
3404,331.5313159835391
3405,136.9804859164966
3406,62.70284138474275
3407,108.7829083797129
3408,499.145744356577
3409,218.30474067584527
3410,482.0532736628521
3411,239.49108454561463
3412,347.6156945058507
3413,452.7908653288018
3414,70.94125444370164
3415,447.16196743229693
3416,296.56525856981665
3417,136.09161213672024
3418,53.748366007361795
3419,500.0
3420,346.0771261957849
3421,373.6996670826716
3422,497.56396641226667
3423,131.00712696675777
3424,57.225401313451385
3425,499.75531162040863
3426,356.2302355349858
3427,339.1087948118824
3428,499.29495376562636
3429,483.1341980132187
3430,112.28775262022504
3431,259.4081766855765
3432,391.3439780728652
3433,498.05583980491986
3434,376.18773165956145
3435,180.56441995844804
3436,57.73168353495248
3437,167.32093794049553
3438,63.506519673072866
3439,398.8334085543203
3440,51.033755539216365
3441,490.51527611035453
3442,91.00151515366498
3443,51.45387107718838
3444,316.1422444005278
3445,420.5586253984942
3446,215.7104105217868
3447,499.90323889563695
3448,308.05094115817417
3449,55.39681474574698
3450,47.50341447842702
3451,447.5322280279064
3452,494.13775325135543
3453,406.19435611066876
3454,55.64415188483997
3455,447.5370625378987
3456,46.868321254022064
3457,240.15973866735936
3458,99.27741872614989
3459,180.30717107779054
3460,496.352478625025
3461,460.07881568910307
3462,311.9312195111234
3463,336.54086516866806
3464,112.65090365651275
3465,336.2724930163309
3466,102.97586530659551
3467,482.47220773679396
3468,329.0161698317918
3469,55.46748627454847
3470,57.51352506592639
3471,61.33484816791365
3472,69.83269251258147
3473,45.69922266874273
3474,435.22691823833975
3475,257.8131160493439
3476,500.0
3477,498.8463088719333
3478,77.97955534802152
3479,370.19313644971766
3480,46.60274629231379
3481,50.55099789885751
3482,295.81602911981145
3483,106.61848009916146
3484,463.2970945596296
3485,489.029017317459
3486,250.2402202186993
3487,323.9147427707393
3488,73.9077192409877
3489,169.94570720088157
3490,58.42698448778771
3491,57.855821392806334
3492,498.61346661315383
3493,134.99207036686718
3494,470.3481409650178
3495,309.036794827784
3496,184.45268395868774
3497,101.3383482774378
3498,500.0
3499,48.66221985945366
3500,490.7113329902053
3501,60.345145098921755
3502,65.52099919659773
3503,337.14772291892217
3504,172.30317769885747
3505,74.3775698060156
3506,312.5688225152976
3507,129.08895086095237
3508,63.387062840664896
3509,87.98593466838108
3510,254.91952756499992
3511,195.23126451133805
3512,417.78905949869556
3513,99.38522574722083
3514,500.0
3515,224.47787286078628
3516,72.7461345566841
3517,74.64940124754018
3518,58.375572118186795
3519,175.2217781063997
3520,496.72374251962407
3521,500.0
3522,330.381897835961
3523,377.4144029862065
3524,500.0
3525,51.053393041095475
3526,440.12259015405425
3527,498.21899136793957
3528,372.3897565677599
3529,485.776607897717
3530,391.75670537078776
3531,72.44891812903856
3532,354.0538626796465
3533,122.50733288465138
3534,114.12351746104457
3535,496.395696496876
3536,348.7548016749914
3537,348.59673464449276
3538,409.16316862492397
3539,155.83038423532454
3540,498.6761810110539
3541,500.0
3542,488.0376200639221
3543,345.15659410810764
3544,478.9303743212986
3545,496.4169171691034
3546,480.7079301700876
3547,70.94490521722457
3548,69.67550106227827
3549,473.0871716654437
3550,224.55208935485393
3551,121.4822824755127
3552,252.7511620058134
3553,499.44656154593713
3554,331.73141832942395
3555,500.0
3556,56.59480933446854
3557,127.1507738764087
3558,117.6751031192965
3559,62.53659973080009
3560,160.3821298967553
3561,498.85535696111526
3562,99.53403051708153
3563,45.080400921542065
3564,93.37685972373203
3565,61.03313196456814
3566,324.70340051548123
3567,321.4053285166209
3568,133.56464512554936
3569,134.3336812103919
3570,399.4204699938461
3571,500.0
3572,335.3106337029111
3573,496.77177083613446
3574,61.59394580438372
3575,187.47676798859442
3576,480.6579257503546
3577,118.02299680997785
3578,495.7059605993104
3579,106.87222207882537
3580,496.4539718826817
3581,469.0441106130845
3582,500.0
3583,451.2279837076307
3584,431.2197338550593
3585,198.11200243706577
3586,499.1696007715906
3587,459.1494646114197
3588,413.6510366941052
3589,177.68152278930123
3590,466.9415794695045
3591,50.08080604017617
3592,124.87382890235612
3593,72.104807147053
3594,392.2928502478714
3595,470.80191366863664
3596,57.946217640521304
3597,56.23154845232524
3598,348.31807339934755
3599,466.7124400366224
3600,121.41031036477366
3601,145.71276641743316
3602,60.93552119412354
3603,56.80303876733763
3604,197.28569806966692
3605,499.89697620143124
3606,487.6494465881983
3607,63.803212421443725
3608,297.24714054131914
3609,462.7223092384195
3610,497.4229390114611
3611,200.59591339862578
3612,125.75171350356277
3613,498.7262040117684
3614,302.6811233846285
3615,177.89764856412668
3616,218.8921175524032
3617,357.1756339083636
3618,90.03096036145634
3619,448.19458555280744
3620,450.62468991244543
3621,176.74218240184334
3622,52.43820697020816
3623,107.47809452538988
3624,134.30617673296427
3625,408.79671916836594
3626,263.0593066201244
3627,150.65930245584156
3628,120.6954389587739
3629,211.32976594492698
3630,423.4542385254896
3631,107.08812605097094
3632,115.82362365899147
3633,57.3502786229196
3634,493.6369203053032
3635,336.33219162574215
3636,346.9761420202642
3637,115.88142216222155
3638,396.5091473681558
3639,69.65794400084863
3640,70.06532281216253
3641,72.54239527309278
3642,286.04516957976836
3643,103.64053699410353
3644,477.7888518523366
3645,138.29713749240227
3646,233.93092322141723
3647,127.40008607951805
3648,475.5016437889666
3649,72.81014840786288
3650,498.445353241863
3651,55.79069668057486
3652,500.0
3653,269.2361140633486
3654,293.3499088524803
3655,498.8009375218571
3656,500.0
3657,499.20613857465037
3658,74.18747018481406
3659,479.17012687679414
3660,500.0
3661,490.26361338016886
3662,66.0656877398811
3663,127.82942249366519
3664,310.8260338164205
3665,500.0
3666,436.6402082764298
3667,480.87416119332
3668,144.19227382928278
3669,135.41693841645775
3670,54.846646107951614
3671,150.23161311252562
3672,446.6876063597772
3673,267.54216014419694
3674,104.11659041231653
3675,123.94934144831575
3676,335.6838120665745
3677,497.95300835437536
3678,141.2869531368629
3679,498.74633862419176
3680,63.98325455938763
3681,50.19335789838746
3682,59.49397198305866
3683,50.33111890571304
3684,50.63515431785974
3685,482.2983480950199
3686,190.2733301215224
3687,500.0
3688,72.04465329321272
3689,58.64756133739449
3690,57.89705872200286
3691,344.7302101951364
3692,252.9711684364479
3693,196.17149311287358
3694,196.78759857866157
3695,73.16908366307968
3696,182.08867759819162
3697,129.80112969852965
3698,316.83937107855013
3699,500.0
3700,150.87738009649217
3701,499.29839706250596
3702,115.89335748316034
3703,500.0
3704,430.1102281933708
3705,235.94660474515416
3706,414.3560056511709
3707,485.72400857855956
3708,438.34720664364363
3709,128.64267524850501
3710,284.2518962892378
3711,48.882861625672476
3712,57.97605552276932
3713,280.92582810515444
3714,257.9536116636852
3715,127.50524955138746
3716,343.26122637293435
3717,500.0
3718,59.44794786336095
3719,455.32871325687086
3720,500.0
3721,185.4202597919683
3722,89.39672080566814
3723,47.62514210550311
3724,499.006724632485
3725,499.7068557297549
3726,189.37305580734827
3727,456.7650487739144
3728,144.0811706101075
3729,54.05409650305606
3730,47.69456311699477
3731,497.28430998943674
3732,316.96760395652825
3733,206.18334230203283
3734,339.701798884462
3735,344.9137248997528
3736,353.67838950805884
3737,91.73496985277725
3738,451.78648750559285
3739,100.16099632213658
3740,495.9845524228091
3741,499.3698521337581
3742,195.64930733150703
3743,180.07992017091664
3744,348.9698836474312
3745,257.4741260917199
3746,488.3985141773446
3747,479.67458220835385
3748,57.85322920786097
3749,324.9929488343458
3750,500.0
3751,294.1376371691638
3752,77.41831651434629
3753,66.2720512375015
3754,496.30044730210795
3755,47.34325007705527
3756,314.00246266666966
3757,161.17993208234682
3758,468.4932045415513
3759,161.08304478969745
3760,47.76890021124444
3761,498.6754013193868
3762,500.0
3763,298.26652470826923
3764,62.87122859263944
3765,51.19824114579701
3766,495.55305371504346
3767,463.6776058646934
3768,110.16839670277649
3769,125.97630366976163
3770,72.11130434445948
3771,495.1752081382783
3772,104.81226916813752
3773,349.3896263504933
3774,499.50717978995533
3775,105.80934635154162
3776,135.68811763779019
3777,454.9422749632418
3778,295.0425323917602
3779,166.4718089256465
3780,477.6433998161085
3781,266.113795319026
3782,61.81888722447397
3783,297.986396417659
3784,71.88083508378637
3785,136.33952392719186
3786,104.44552973529767
3787,259.7489099696201
3788,117.77481535720464
3789,436.7162114253597
3790,282.1581349320462
3791,474.0079766269522
3792,119.65139753721805
3793,495.3523058979781
3794,497.96055895916135
3795,415.2392880126905
3796,497.20678784537597
3797,96.43538601014302
3798,426.7579523659381
3799,193.61256360342878
3800,129.449364718076
3801,399.33182656932854
3802,59.13985073104764
3803,67.90667376611506
3804,67.73551047131183
3805,348.62039761483913
3806,430.03173831297056
3807,120.38315715259064
3808,54.29077859272107
3809,52.550938970124015
3810,441.61669462204935
3811,168.3752118856425
3812,99.86662708441918
3813,178.60284955563594
3814,439.0076841676633
3815,461.8159702852037
3816,245.5617157985568
3817,500.0
3818,467.0493002996518
3819,59.99427274344434
3820,500.0
3821,72.08927450124487
3822,500.0
3823,500.0
3824,66.35862232941369
3825,500.0
3826,500.0
3827,107.33393490951657
3828,105.84752155321837
3829,500.0
3830,304.53586755441927
3831,142.49388363696505
3832,500.0
3833,268.10030458654205
3834,295.3256167779934
3835,319.0539364002494
3836,500.0
3837,105.13018011423895
3838,456.45431299024017
3839,177.99408889356255
3840,467.8105203081819
3841,324.26696603287064
3842,500.0
3843,311.8310432279935
3844,107.87662213111048
3845,471.88308039111956
3846,199.86601924856382
3847,324.75503916836254
3848,175.42174296219684
3849,51.55141507500565
3850,229.43840724809291
3851,215.48883587045248
3852,61.495098663033176
3853,64.46105115009027
3854,143.42093983562796
3855,139.72224643728467
3856,63.60087484648234
3857,492.8385295766306
3858,221.75624338062246
3859,106.59775721760455
3860,78.12109050059391
3861,62.042495853122574
3862,400.00131613962816
3863,441.23901530301885
3864,499.99577881607183
3865,191.66508853025647
3866,353.05688945827444
3867,279.8165842599158
3868,303.8280808761142
3869,500.0
3870,60.988032654016706
3871,58.51712228507428
3872,102.05275816030256
3873,394.04897179436693
3874,336.4183517988871
3875,95.84561512105446
3876,337.69286038889453
3877,125.37080564723502
3878,166.77404023053919
3879,468.17938878937656
3880,500.0
3881,494.3688597011551
3882,188.2438929745779
3883,61.51793248146214
3884,492.5280010409215
3885,497.1083926651198
3886,280.87025405337016
3887,58.11818297508283
3888,155.23845385996876
3889,485.0009940330244
3890,281.3815769510174
3891,500.0
3892,450.25197760583774
3893,102.31948716037273
3894,278.88978659619653
3895,205.5542426513562
3896,254.23447696951285
3897,343.82737333405356
3898,400.71588848701083
3899,347.66174710375947
3900,173.70131166974306
3901,175.63580993407982
3902,344.72992050801975
3903,55.896541334133865
3904,129.6439657364721
3905,500.0
3906,110.45666184414789
3907,201.95667784207035
3908,57.75248356922965
3909,181.2110022040755
3910,113.68625433060706
3911,330.636179610726
3912,491.1790718960983
3913,200.33759095650964
3914,500.0
3915,221.63061472210342
3916,67.5637928185019
3917,461.8137381898305
3918,490.3664973928888
3919,500.0
3920,124.54312542540465
3921,61.219294218158296
3922,464.89949667512445
3923,457.7506300802303
3924,61.24940617401581
3925,345.942029870645
3926,495.1353547521469
3927,500.0
3928,497.44203655864476
3929,500.0
3930,100.3599213162835
3931,342.8603257096435
3932,492.94711720959197
3933,104.00436935030778
3934,500.0
3935,125.23521394396664
3936,403.1679545122869
3937,69.18696926625066
3938,93.45566045560129
3939,60.54298846193869
3940,498.6210467221921
3941,208.93294523438271
3942,288.7838017121919
3943,274.68513574042856
3944,149.37850956327821
3945,400.4623530064184
3946,294.19849701389694
3947,107.17978583792055
3948,248.0914833960186
3949,68.36504709639343
3950,265.52160728142434
3951,465.9667507494041
3952,56.51817646066827
3953,97.90643631488457
3954,145.7704691700898
3955,133.16008589701804
3956,500.0
3957,164.7101096384983
3958,62.455816875412836
3959,251.9422950221333
3960,101.56635826170239
3961,279.54752253650855
3962,109.9020542908055
3963,500.0
3964,500.0
3965,423.0245060793858
3966,134.8134860026736
3967,407.6376118748448
3968,284.4956734146268
3969,347.2078625726772
3970,57.61069548920842
3971,463.88444983838434
3972,93.02568262974374
3973,161.24130191625488
3974,62.83896743091239
3975,105.81014241878867
3976,167.76913657319508
3977,495.005206412941
3978,436.63803468994547
3979,105.62766398727024
3980,196.9987322611996
3981,435.69523645233437
3982,133.75582518151427
3983,255.6976785798247
3984,452.951182762063
3985,460.9380123567027
3986,139.8887470629427
3987,468.1100170011015
3988,56.066051103993814
3989,500.0
3990,479.15148938938364
3991,201.22896597822813
3992,194.68926293586037
3993,421.0516325146658
3994,58.42893178838124
3995,350.7457840704557
3996,133.38769306108273
3997,55.97707541169514
3998,452.475664297432
3999,60.61946241334258
4000,58.93485448424319
4001,106.00527308114005
4002,112.50019613086079
4003,335.8840121894027
4004,480.5146333579472
4005,59.348699106991084
4006,491.8127031216612
4007,143.47085151871457
4008,183.64400693039383
4009,497.69933184662375
4010,116.08884702753552
4011,53.396267231216065
4012,500.0
4013,499.367067655274
4014,496.3984616829342
4015,201.36390025694925
4016,258.36329909526086
4017,102.35839019410413
4018,204.2013708846105
4019,335.5509514532711
4020,459.6802927729585
4021,73.13096593817146
4022,74.12043458218962
4023,389.44767867364004
4024,177.90698929091593
4025,325.1981567676837
4026,226.94569461391788
4027,77.43583780592051
4028,145.77410225313838
4029,250.8678308326377
4030,433.2742028605389
4031,217.80541795821836
4032,58.52184761761161
4033,50.78636715694251
4034,176.7995408242042
4035,75.55929818992519
4036,138.40058780236825
4037,407.7394558258063
4038,385.5404944421214
4039,500.0
4040,497.49091508971173
4041,56.9986342103568
4042,344.15299756495784
4043,54.069336872498255
4044,500.0
4045,55.037942341530794
4046,71.60239256598783
4047,215.20196061525922
4048,215.95480361858162
4049,50.86059548771226
4050,56.733121137888276
4051,222.17181355933556
4052,406.12190370411344
4053,59.61720899700633
4054,99.16913962830469
4055,491.3434588755034
4056,202.14680769778596
4057,499.6878228826987
4058,250.9235909218905
4059,206.89885482667069
4060,496.6033003510594
4061,58.508979103675884
4062,497.8777998981709
4063,203.20802313769343
4064,466.25108958869316
4065,500.0
4066,472.00533597849494
4067,419.5471517436539
4068,325.34296703490185
4069,196.6985480892184
4070,190.15343617662458
4071,489.92535212189216
4072,285.74327471291946
4073,71.79282859803544
4074,169.067079355631
4075,157.85645612545096
4076,319.4406778099723
4077,194.08479013102323
4078,355.4414290359716
4079,475.22917430658833
4080,59.74345233529054
4081,71.31543965816549
4082,491.9551811023921
4083,105.3651567225618
4084,499.2183149193845
4085,59.62763099870888
4086,246.89506802603626
4087,55.010849970655485
4088,282.89881945253626
4089,131.16052889240495
4090,138.96693242460557
4091,500.0
4092,85.99819681163913
4093,499.66327719904007
4094,68.21128611596446
4095,499.91238797981026
4096,328.4238148453298
4097,124.59184350612239
4098,500.0
4099,54.549264146080205
4100,114.39833728494894
4101,193.7099742220674
4102,170.7424466017908
4103,426.05502003673035
4104,405.349397277458
4105,53.2467751644973
4106,309.1531360067313
4107,45.444747716030655
4108,342.18210150819334
4109,500.0
4110,322.5861154369762
4111,198.0932368761662
4112,453.8223940550819
4113,51.402220795619485
4114,499.5718602714851
4115,493.248287919775
4116,461.25775342497906
4117,431.590705245304
4118,499.1060540482864
4119,326.9930507593295
4120,58.36168824083441
4121,71.54839515750882
4122,166.89753165263102
4123,450.9791707163479
4124,500.0
4125,492.7971892721689
4126,193.40583229629345
4127,103.75025407688773
4128,456.0415162039859
4129,65.46090442553867
4130,335.0279748664615
4131,62.51044152867393
4132,253.84895472013523
4133,69.32102528421183
4134,130.94914253630355
4135,71.39481218624974
4136,498.3942893250077
4137,325.9494791282102
4138,102.40259914523514
4139,325.5133008234434
4140,500.0
4141,499.87783744643525
4142,137.58584721221274
4143,496.7114147711813
4144,480.88338484026633
4145,498.4127976771657
4146,329.28132863033426
4147,346.8101983590204
4148,464.30279259885833
4149,468.3088372176042
4150,102.98729427773003
4151,456.1864534889597
4152,336.64772859025294
4153,500.0
4154,122.688473186498
4155,497.57004355727133
4156,374.06407436190005
4157,467.2485311176369
4158,487.0487060271853
4159,441.1532331773626
4160,183.42196719621262
4161,201.663247468558
4162,95.96444286930712
4163,186.4064524229998
4164,108.66352128694146
4165,480.15621033061575
4166,252.02220468966738
4167,173.3990351663334
4168,466.442224062823
4169,500.0
4170,500.0
4171,466.0522026707165
4172,53.135750089889314
4173,243.61108225595575
4174,107.3079718815238
4175,127.98885493004423
4176,86.67534019504521
4177,500.0
4178,500.0
4179,123.07395078839781
4180,97.01182029438418
4181,135.4654910012465
4182,471.9186607047946
4183,443.831707652154
4184,107.1894389562884
4185,450.7585818550185
4186,188.20794438594143
4187,500.0
4188,261.9426063693435
4189,53.80369101591769
4190,181.60724850387385
4191,333.08647003110786
4192,67.72881332036606
4193,271.35049802543017
4194,500.0
4195,161.5240905419529
4196,63.33783807713749
4197,135.52154583197506
4198,489.55266604872384
4199,262.90902953923126
4200,499.1069361448881
4201,499.7039990458119
4202,99.55674353571368
4203,73.34961023214007
4204,184.87830414855773
4205,398.10730980881885
4206,372.9661020864466
4207,189.46639852786123
4208,69.04048083593403
4209,74.61005129016218
4210,54.73278074268662
4211,480.5179011817421
4212,437.75991284370616
4213,107.34174227867491
4214,64.10885099459074
4215,55.142868942513076
4216,498.2698315365993
4217,496.0628521031176
4218,56.33628289901209
4219,56.26919211288061
4220,300.25617808309164
4221,105.53646410790321
4222,296.72257448770074
4223,49.8853832319343
4224,76.31193361525742
4225,58.946439200235574
4226,185.42890981261954
4227,499.4455628606202
4228,65.91425470578966
4229,192.64255995947897
4230,482.7631234763418
4231,51.13100746880383
4232,500.0
4233,60.28067632753557
4234,499.66049024514064
4235,263.2492624003331
4236,118.83397056917818
4237,142.11964878851745
4238,256.7713204616533
4239,117.64217742472466
4240,496.9472259969467
4241,481.8273250976686
4242,104.20920179438059
4243,183.98883348572028
4244,193.3597795028797
4245,60.95144507653453
4246,115.29002198302814
4247,119.78228408477014
4248,75.80690175218747
4249,73.5314079902951
4250,476.6089167271108
4251,58.134374702051986
4252,50.8712019474214
4253,107.32926541077964
4254,61.81008388169789
4255,499.29926037960365
4256,500.0
4257,57.42175061143405
4258,132.64402223722797
4259,118.24324346036727
4260,264.5469843423336
4261,50.66067234080312
4262,341.68144945118684
4263,500.0
4264,264.34847885237264
4265,111.97722951418558
4266,495.1142970419171
4267,58.03313934707432
4268,59.26077210523606
4269,449.1682279904438
4270,50.73131814467891
4271,210.7573684020793
4272,101.5609307499503
4273,463.517663969998
4274,444.63760795479624
4275,499.8134518291322
4276,327.7690569046961
4277,472.135058070079
4278,215.98913255435406
4279,58.78081606466822
4280,348.6223051125501
4281,137.79369366518398
4282,335.44694638889325
4283,260.8162086417486
4284,61.82067125393672
4285,95.04813754467469
4286,499.39052486567545
4287,52.79328064667486
4288,58.5053502190143
4289,418.4902053942959
4290,52.01424102205336
4291,432.85453937838713
4292,499.97344579829735
4293,294.1129385139087
4294,399.5017146368434
4295,64.09031039521747
4296,114.63071580016472
4297,448.3488880394591
4298,148.4421626505568
4299,460.98618480622093
4300,499.6485632445424
4301,500.0
4302,467.98551271700205
4303,500.0
4304,349.5921589341019
4305,53.608815137265125
4306,297.32742574168697
4307,304.52741310760416
4308,70.17780649348038
4309,475.8700873864183
4310,246.3105410150559
4311,500.0
4312,499.1076200858348
4313,193.75289979029026
4314,496.90046626094215
4315,138.63668787510986
4316,469.01456393551086
4317,57.34002671120075
4318,50.049179864840184
4319,500.0
4320,477.11309332253757
4321,192.0597822778093
4322,127.06140959660667
4323,179.58467156674539
4324,500.0
4325,278.7423377808731
4326,495.56040778851593
4327,187.51397856217255
4328,266.8928334940867
4329,55.35791618740396
4330,496.6609387689099
4331,468.80282539449775
4332,304.8155882160384
4333,500.0
4334,58.61633832231551
4335,373.6388635745048
4336,49.703755951460515
4337,69.66463736196972
4338,56.64812533355702
4339,86.41078408954851
4340,150.5752740090417
4341,250.89853524357397
4342,499.99344480680514
4343,133.49308511795704
4344,57.480543580248344
4345,320.115940104326
4346,496.49024151822323
4347,397.72956872522343
4348,208.53466698256588
4349,436.0777988429761
4350,216.23479324688066
4351,484.93469853099634
4352,354.8929524410836
4353,451.07944435622187
4354,431.828137755238
4355,413.2907405085422
4356,64.44046295350269
4357,500.0
4358,348.76345215295686
4359,112.04428685536402
4360,46.49973817738578
4361,60.257065884393455
4362,433.6874320152639
4363,496.2264754917959
4364,67.17305460678827
4365,499.8224870366929
4366,191.5830927697395
4367,52.691213068333276
4368,104.93440952910996
4369,500.0
4370,347.8195195960509
4371,500.0
4372,401.18709063348035
4373,57.610908002305706
4374,443.27787069669307
4375,57.268478321400764
4376,330.4634721991542
4377,476.5211403516716
4378,205.94080232708475
4379,500.0
4380,499.71025730504584
4381,499.57749506325905
4382,431.951286423688
4383,500.0
4384,73.65376607941529
4385,266.6276631784448
4386,46.98459919266645
4387,439.60772410042955
4388,61.40913852089396
4389,218.9770487840225
4390,467.59268919695444
4391,75.39880988386676
4392,348.75690687695675
4393,426.57381760475846
4394,103.99780100239451
4395,109.28656004015649
4396,198.43384546106353
4397,464.0188313049675
4398,103.69953810708517
4399,340.98231163963834
4400,69.4902769787681
4401,357.30824695525087
4402,499.5814097377147
4403,500.0
4404,56.96421749562793
4405,62.521386679164614
4406,58.19319761638505
4407,196.79561587065356
4408,497.9400871821639
4409,134.45804695965563
4410,496.18975194306296
4411,60.35567269484855
4412,250.1945506341231
4413,499.0640184139048
4414,210.0278108653481
4415,346.45379892033793
4416,453.80693815152074
4417,98.2977430884862
4418,56.73963445842502
4419,340.72611664453916
4420,415.0891260366859
4421,193.84860784664014
4422,58.84262944042102
4423,413.6107597710416
4424,499.11300720251006
4425,190.59845403181697
4426,76.08199068601554
4427,373.8031830051024
4428,151.52410045180773
4429,48.233032207537335
4430,125.95659258680146
4431,336.98594941857203
4432,70.28998078702352
4433,499.94651796181074
4434,109.20012388401986
4435,152.39633953728537
4436,155.3100573757493
4437,500.0
4438,360.5825587634481
4439,482.5033431587717
4440,271.52803931988433
4441,60.13037989783419
4442,60.4441869607402
4443,463.0463154340018
4444,197.96050768750467
4445,429.73928581768985
4446,71.16976224042747
4447,58.65345237558641
4448,128.2759554273656
4449,304.15108330435373
4450,342.99229377850793
4451,476.0854772108399
4452,161.02985940179315
4453,132.73997416022263
4454,59.99561017086954
4455,193.09822710156863
4456,52.98684596902436
4457,139.7394005594201
4458,498.88960004721446
4459,117.83253895818589
4460,500.0
4461,185.02964722836512
4462,500.0
4463,365.4247244714612
4464,500.0
4465,60.50001524547369
4466,55.21150087350226
4467,170.4975286546249
4468,58.5472968286869
4469,97.20093376751592
4470,451.73231651342684
4471,444.2944624760916
4472,79.0583165304834
4473,183.28563999356825
4474,116.41674407153073
4475,389.54310211804415
4476,488.8689264909441
4477,466.9211394492683
4478,170.73257491333877
4479,52.34257661110486
4480,444.41429307257897
4481,126.5099515136459
4482,61.33451594142714
4483,334.0247715733141
4484,486.8710327681018
4485,59.646481582925446
4486,379.80873490581064
4487,98.14604243409116
4488,345.41499324660873
4489,56.51590667031664
4490,50.59911898955273
4491,52.42102249939549
4492,337.54382222178924
4493,77.45515855955138
4494,282.564194020312
4495,61.487197869567424
4496,406.63389475582414
4497,288.8545446726672
4498,498.6115752370747
4499,438.2506152129646
4500,284.5511608433633
4501,60.6636111272275
4502,446.3028718703664
4503,333.42577841184294
4504,345.3506646083596
4505,342.34781846741515
4506,166.00063381236347
4507,150.1263462362449
4508,169.01331354052317
4509,198.54691328853178
4510,55.70345240448446
4511,328.3268226568394
4512,241.88883147275973
4513,319.9873453290058
4514,55.875379185251376
4515,476.8033746488512
4516,119.77651195025652
4517,422.5694325013318
4518,315.9688268221222
4519,52.18062092196187
4520,433.5827168548227
4521,500.0
4522,106.90386553656664
4523,465.0010189575894
4524,450.6038353758405
4525,379.3998720853315
4526,443.3984460624642
4527,136.64517745859771
4528,98.24821893173154
4529,493.2695577524259
4530,113.90405655572229
4531,69.8033156402929
4532,255.5888958351503
4533,125.97902981089493
4534,102.73949690675326
4535,59.478166603169456
4536,60.54859752811397
4537,73.59952514239825
4538,265.5260938786217
4539,140.08253697502377
4540,350.9534255572954
4541,435.8319283395839
4542,61.206287953470834
4543,498.78601428950776
4544,117.74813528660357
4545,70.97720735069899
4546,339.06261690658687
4547,66.90759791626706
4548,54.59391315134019
4549,301.36129219918746
4550,153.08073282345097
4551,455.17522639743584
4552,400.79744532905653
4553,69.95235584394898
4554,273.1434326949019
4555,433.3212926375213
4556,108.77064079198428
4557,144.96629815310996
4558,466.3272753762669
4559,358.548701854977
4560,154.41463967655392
4561,55.462943914517595
4562,492.85792323622024
4563,254.18927228812692
4564,55.97889346901996
4565,78.32462200381191
4566,498.1056435646184
4567,441.18610390025174
4568,52.81660758825801
4569,58.725170785204
4570,138.05502399093268
4571,490.31462809255027
4572,483.89005630384827
4573,478.2276585507726
4574,500.0
4575,293.38114098039
4576,107.3247157304213
4577,379.5548901154756
4578,500.0
4579,121.48639394741791
4580,466.7018293943962
4581,364.95670720402137
4582,58.23463219217002
4583,78.53228936983284
4584,355.9559835313251
4585,92.64895648237578
4586,141.96794574028482
4587,497.60534316104804
4588,498.95552067694734
4589,468.8995165076485
4590,59.64122681104617
4591,222.2926107690274
4592,53.51286720421787
4593,104.88444290222277
4594,61.402075119301266
4595,500.0
4596,151.86791657627364
4597,475.107916818936
4598,170.94345888645336
4599,120.51409338242883
4600,143.1616524254124
4601,53.64541437168754
4602,50.708038529176605
4603,51.8068931514525
4604,338.528441721016
4605,264.8819025058193
4606,499.35502937371234
4607,500.0
4608,195.6143640391537
4609,59.87950203751662
4610,499.5725765829984
4611,455.5477817164649
4612,441.861530668531
4613,500.0
4614,495.63818874661115
4615,50.25536809494339
4616,500.0
4617,80.56492791891357
4618,119.4341258723491
4619,271.9784277814644
4620,498.7127630291609
4621,386.22346047563576
4622,182.18444596654214
4623,493.2227049381768
4624,497.5280045519386
4625,127.33307545055328
4626,183.85552251489787
4627,471.10245515912345
4628,500.0
4629,498.9867229717331
4630,60.044621766547294
4631,47.777262043102965
4632,500.0
4633,265.7630038731003
4634,142.12564031720115
4635,349.6829796541672
4636,334.28542747379885
4637,349.53535787803753
4638,459.19722107948184
4639,53.12946684948349
4640,449.465793295609
4641,355.28688526555277
4642,500.0
4643,459.2983940491165
4644,459.0718203025433
4645,107.05639537975239
4646,71.5531477943762
4647,496.0981899976784
4648,57.92427300768845
4649,59.53858517416569
4650,337.99164217336244
4651,500.0
4652,298.53990788086685
4653,60.747029867913426
4654,450.58144764560967
4655,115.42339190790712
4656,50.841085907574154
4657,344.29227060737935
4658,321.8703844434656
4659,456.98222441406426
4660,451.042200314776
4661,194.31087270866945
4662,108.33857593995677
4663,170.8338758948169
4664,500.0
4665,279.71249037246594
4666,60.74372759602052
4667,174.04265092587463
4668,60.52558587036815
4669,500.0
4670,140.87395674203313
4671,131.74025082969197
4672,102.85188810316527
4673,113.26169799411487
4674,191.60583883720196
4675,479.6592622334575
4676,317.3148967464162
4677,106.27628315870243
4678,124.1275021267763
4679,500.0
4680,48.78589661008199
4681,441.38148788341243
4682,446.7896522877455
4683,279.4142841338957
4684,425.32929778249166
4685,120.73395317960748
4686,334.2537361620398
4687,64.28301982806808
4688,53.306689703329035
4689,49.76907300646323
4690,61.34640517202422
4691,425.5164544916946
4692,499.70771259710006
4693,72.27595223395404
4694,437.94698620568033
4695,104.74355215905025
4696,165.9703702486402
4697,144.72675032603638
4698,166.8929132743679
4699,460.55254194292684
4700,478.35935712412595
4701,345.87189963823556
4702,285.500107843737
4703,63.903309157241566
4704,497.8713320525101
4705,496.2104790854886
4706,500.0
4707,499.45862675483113
4708,500.0
4709,56.977936369291484
4710,500.0
4711,65.65888882609885
4712,117.99217311503463
4713,102.32408273328166
4714,74.20182350268382
4715,371.77809064512246
4716,48.89241702470555
4717,57.06178884858777
4718,70.29062790576866
4719,499.68702997469836
4720,95.83449885497743
4721,500.0
4722,56.84192505254033
4723,287.23419659955005
4724,194.71874368661761
4725,58.76745872216415
4726,463.6338089328017
4727,71.7221966594374
4728,500.0
4729,286.9807639797836
4730,267.4268622545358
4731,203.5060399124356
4732,459.1454106263746
4733,497.8484321054551
4734,500.0
4735,476.0998979059381
4736,56.96967190343957
4737,63.56352364489178
4738,332.9524274744433
4739,421.183153559585
4740,160.2081253351348
4741,499.40316463313957
4742,339.1435638065813
4743,72.04441695957202
4744,179.90588789619073
4745,317.66010525235674
4746,155.24007847990745
4747,158.87633781701476
4748,57.539472173881705
4749,480.5993790448333
4750,69.85635452396792
4751,58.98237040916494
4752,500.0
4753,323.624331820048
4754,420.39040934029305
4755,186.02845188587452
4756,117.7619740874383
4757,189.85815150095462
4758,74.03102546103993
4759,78.54496971142237
4760,498.96185181818555
4761,53.309744010150695
4762,190.98376143205098
4763,500.0
4764,427.7472867611997
4765,50.71461079297669
4766,345.5694245631042
4767,286.4095814500285
4768,121.19436497475468
4769,141.48403589952164
4770,112.2142444288826
4771,148.0716477568394
4772,310.19681836853215
4773,91.24114951494522
4774,289.9885132787198
4775,112.86379009169143
4776,51.88879573375256
4777,61.35973676048101
4778,51.807483317061305
4779,107.01815329589306
4780,401.5089049345196
4781,480.5711663877041
4782,200.9355473984549
4783,456.0183448296603
4784,499.6520869053722
4785,499.02027242077156
4786,410.79857117919494
4787,391.3313167883289
4788,253.7889920911026
4789,61.86351976301897
4790,477.3085010765223
4791,336.8372887267584
4792,480.8425566617042
4793,266.00171606096353
4794,106.53049964262833
4795,184.63533108549825
4796,103.66149743507387
4797,149.94578476694284
4798,206.22311285406698
4799,281.3158122042531
4800,422.015837918227
4801,190.80058900615586
4802,121.8585555087605
4803,500.0
4804,61.65363066447209
4805,400.4308459582495
4806,500.0
4807,499.8752398842897
4808,189.14286566777582
4809,498.755218419283
4810,142.35319644015325
4811,74.70810828838603
4812,499.8341183752335
4813,260.8786165647432
4814,331.870373772255
4815,201.54884667899424
4816,61.73082568474551
4817,499.9877099234874
4818,45.29339751958665
4819,52.69811029149361
4820,500.0
4821,500.0
4822,67.01337434949043
4823,488.21577952204575
4824,152.02968203036454
4825,61.457489604341504
4826,194.35343541723665
4827,62.27719050029681
4828,498.83305171904976
4829,423.328557521594
4830,449.5372827693591
4831,110.58534632672527
4832,107.51339221170676
4833,421.9661535582037
4834,205.2430638934268
4835,59.332621001309576
4836,108.96313070860342
4837,497.60170999880233
4838,218.06296487747102
4839,118.23536812263893
4840,420.5520974213698
4841,496.6516917069846
4842,51.32560140623228
4843,323.4343963248227
4844,47.226354145572785
4845,485.251702272762
4846,59.5154129382158
4847,326.5986499616163
4848,55.376690481716025
4849,499.0618123840154
4850,70.2649138630123
4851,129.44132990179526
4852,322.3342067467685
4853,421.6764484573944
4854,499.0644789980353
4855,125.03166086015615
4856,492.7610488553271
4857,399.1985880004131
4858,58.022290988429525
4859,332.93928514788564
4860,384.61274060946977
4861,414.92113454585706
4862,270.48558692662317
4863,123.43539092806515
4864,353.074556717573
4865,438.50298373388637
4866,62.98566207712095
4867,69.16546785181495
4868,59.46933211631826
4869,207.3585315322735
4870,318.2456121506747
4871,497.5015921554959
4872,500.0
4873,249.48747141824313
4874,499.5524831253732
4875,309.37654522581954
4876,260.98826012881494
4877,491.7162839293318
4878,168.96128996809128
4879,197.27087574916288
4880,466.1382821608013
4881,327.44649294154294
4882,392.64271694132015
4883,331.6899815853744
4884,459.2043230955413
4885,56.65177569176171
4886,165.72897367319035
4887,79.72458313579344
4888,164.07642385922017
4889,59.84105143469886
4890,50.85131585766742
4891,341.131166613695
4892,500.0
4893,372.3690516492844
4894,382.56199613832547
4895,489.9353467633832
4896,380.06464201568247
4897,101.26409974641291
4898,191.79231273098176
4899,498.49428468336316
4900,64.8728982941762
4901,432.6281950106369
4902,436.90879143484256
4903,479.35719847621436
4904,457.0962123520347
4905,407.3760530962514
4906,52.295984046489345
4907,500.0
4908,475.3901635669699
4909,500.0
4910,71.7486812889733
4911,470.87710320470546
4912,113.3167009401382
4913,110.95925408261405
4914,108.28277579469659
4915,54.13848273788385
4916,124.36668511626505
4917,164.07237963156643
4918,56.216330187522104
4919,348.3038567590488
4920,500.0
4921,499.3931563514748
4922,500.0
4923,367.46233040008
4924,60.51460840681132
4925,71.64964271335438
4926,106.96695018050141
4927,329.58528428549204
4928,466.98516443113715
4929,74.98293461305805
4930,269.2621073746213
4931,105.43635025195664
4932,487.9205033752319
4933,500.0
4934,49.908183892635485
4935,285.14824130816197
4936,130.1044800425271
4937,498.0953406304739
4938,297.52593712075793
4939,483.5559596815273
4940,499.9195335388073
4941,58.28002973738221
4942,187.15063626151678
4943,241.40383086567368
4944,347.5948755743172
4945,319.1400188755209
4946,499.5057778199689
4947,62.10924433187343
4948,91.58308722861861
4949,123.73698434473775
4950,165.40789778966953
4951,179.2193052543444
4952,220.29642338421002
4953,70.7086981200833
4954,266.32431131745255
4955,433.40243219606526
4956,63.808037972229585
4957,73.33000198525733
4958,70.37853404162337
4959,420.4607182348217
4960,495.96860473974135
4961,54.69021982201713
4962,421.13097157964154
4963,185.7411281401404
4964,499.7880440093212
4965,386.01524764094205
4966,500.0
4967,124.06576992767509
4968,82.68322847053508
4969,401.1101404693279
4970,457.9728688504272
4971,75.8047139070906
4972,149.40806869990178
4973,394.39590544947714
4974,453.63012190178773
4975,173.37031536052254
4976,498.9193976742015
4977,180.70803349856823
4978,339.71676544455886
4979,286.91379454097523
4980,462.83074716771324
4981,500.0
4982,500.0
4983,310.770218529702
4984,279.8303492209094
4985,418.7871854632192
4986,88.17067989034095
4987,274.36545513756977
4988,165.77402529272007
4989,495.97717842694294
4990,473.95080251511956
4991,210.05354017471282
4992,53.52467081792169
4993,96.38418904571533
4994,254.43760983608973
4995,122.11407611205067
4996,61.906957977491345
4997,491.81923287548415
4998,497.8967578123356
4999,75.24047061009776
5000,366.77188998964783
5001,58.912817450959366
5002,61.64063195274051
5003,500.0
5004,420.1663029689727
5005,434.99359287039675
5006,500.0
5007,315.7982836570592
5008,498.8364178788076
5009,365.5983112308145
5010,500.0
5011,47.17189513423217
5012,483.5798615902528
5013,107.5912664903578
5014,490.224850258935
5015,201.49837957493492
5016,126.668217180744
5017,500.0
5018,99.97166724718926
5019,338.8355480722703
5020,129.68382518624193
5021,213.41935640827572
5022,200.70311852429225
5023,298.9010259459984
5024,218.45374447854414
5025,500.0
5026,110.59094867656292
5027,149.64940451586477
5028,477.83020596857864
5029,339.37915300565544
5030,186.46881469608007
5031,87.71035470386421
5032,177.81853054972828
5033,61.93571069323758
5034,48.21877322227892
5035,410.82429949336404
5036,132.11100720667477
5037,52.59165315466454
5038,459.2131742357548
5039,54.60885578114249
5040,59.096552440047844
5041,108.7119041785118
5042,237.31905129082236
5043,500.0
5044,461.8098555010939
5045,107.55570606455694
5046,144.93075772603993
5047,75.58057356673126
5048,61.03309712526928
5049,170.2332235107672
5050,127.796855972933
5051,101.65063366783748
5052,88.96373018243372
5053,155.71195247742395
5054,477.4440434820494
5055,80.09780443200108
5056,99.51661168922408
5057,306.22480674094663
5058,500.0
5059,495.44566874624223
5060,107.92981411922048
5061,329.294616820061
5062,54.386033334219064
5063,154.30130391455626
5064,500.0
5065,58.27559631673387
5066,484.5207324420205
5067,362.8275715613227
5068,74.36459550429302
5069,497.74815824148527
5070,500.0
5071,231.81833600668193
5072,475.579874875056
5073,494.4468591781208
5074,182.1921799565037
5075,119.41383913961674
5076,108.03704651713403
5077,500.0
5078,147.3880240976274
5079,103.20175824316075
5080,54.31631292418852
5081,453.3085667945966
5082,313.5798914480048
5083,63.320678820541815
5084,102.4105456917344
5085,303.7154936279525
5086,72.68658899521398
5087,500.0
5088,500.0
5089,276.41489580292546
5090,142.88560067819873
5091,255.43061072917794
5092,500.0
5093,468.2579400027186
5094,115.2547161284494
5095,499.2026935834963
5096,168.0990441508739
5097,490.53174459029657
5098,324.2985570408183
5099,375.2836625792462
5100,56.37175236946267
5101,448.7502543827883
5102,330.71879103618204
5103,60.9313945400403
5104,471.4192317545229
5105,498.74153341973516
5106,70.65129611905917
5107,72.0841060428443
5108,440.7322983565946
5109,500.0
5110,151.43878391899437
5111,144.39385229300464
5112,128.14610980277322
5113,72.0214618877756
5114,125.19847939556371
5115,50.696601579485005
5116,133.90380565647365
5117,54.66630606152215
5118,100.11134371380636
5119,334.30860729830334
5120,109.62226598901842
5121,281.4716487804337
5122,150.91999207969184
5123,345.8630964632911
5124,185.52225937151127
5125,282.8048164443454
5126,306.0368980084854
5127,101.60278068536164
5128,453.2383540574381
5129,447.8464366251071
5130,53.4351084100271
5131,59.65437103522922
5132,51.26262474386753
5133,150.35494096893606
5134,428.1294706795834
5135,498.3045598057865
5136,124.3298164485035
5137,496.7468075398997
5138,212.53009287324454
5139,202.54695762648612
5140,347.0385428095366
5141,219.66296401628512
5142,77.71176756419528
5143,119.95988858327397
5144,274.82878303875935
5145,109.47038119409231
5146,71.67555953214475
5147,499.61572341130636
5148,424.39225291429534
5149,103.24988052108336
5150,397.23562779555914
5151,440.406137290203
5152,168.99749038139794
5153,160.16747355993897
5154,427.6767062436403
5155,189.95751345150975
5156,255.4840311088219
5157,59.700918907053904
5158,103.03962125999116
5159,69.94503806806347
5160,111.98281309559047
5161,500.0
5162,147.9077640099378
5163,226.4360513184041
5164,185.7172378739094
5165,497.0509699306344
5166,136.13053607555042
5167,424.20545732094297
5168,73.70171545793978
5169,439.1417572269786
5170,154.3190129068617
5171,144.0648902885097
5172,283.17915050019246
5173,293.48309705470643
5174,56.87690658416248
5175,57.88184162566138
5176,77.72377744344202
5177,72.64133838399553
5178,97.39614798894604
5179,97.25173006134352
5180,135.38791873524505
5181,76.27793293220788
5182,249.53343857428888
5183,42.2634539949136
5184,172.36291329236226
5185,325.6769043351554
5186,214.1450201216464
5187,469.08352132801406
5188,180.5507428009694
5189,73.52267835419336
5190,147.29101158300944
5191,206.5884330898383
5192,277.2065849368264
5193,54.33768222023985
5194,184.4250636607561
5195,300.0800396140152
5196,239.41854013958385
5197,57.18486374095609
5198,138.4600171043184
5199,273.03759205520316
5200,450.88518406985054
5201,345.7868020995059
5202,185.60570752646908
5203,269.23226967068365
5204,213.86057909355475
5205,43.26020047334175
5206,138.93720184928097
5207,414.4462541572669
5208,428.8983999921742
5209,339.67194661681117
5210,92.63197458582711
5211,465.99318099120524
5212,499.98383554564595
5213,77.059102936534
5214,154.64875190165813
5215,57.0394558539476
5216,104.45332234280465
5217,433.0939153590799
5218,422.3595090241284
5219,500.0
5220,500.0
5221,307.8589250485804
5222,375.8363863669223
5223,61.070826137081355
5224,108.25654109749692
5225,168.59324256234956
5226,57.78469807346193
5227,137.94168699963126
5228,198.4174360070639
5229,466.7094136529108
5230,110.61485921600956
5231,101.28467899542275
5232,281.17078560448914
5233,112.1022410946145
5234,106.08481120615161
5235,89.66529504436573
5236,168.12845193592713
5237,128.22881330329776
5238,499.9449370372379
5239,53.366243146053094
5240,500.0
5241,497.2440616721393
5242,428.3213554767562
5243,180.22542668406555
5244,259.8594414209653
5245,189.29998387223026
5246,500.0
5247,499.27088050185785
5248,120.67420558471187
5249,137.63959913243582
5250,177.511952358857
5251,490.7752911842621
5252,456.42967723859783
5253,347.98006219239574
5254,203.3628254413851
5255,500.0
5256,426.19463997576696
5257,471.9283897754638
5258,102.62746199341429
5259,444.40022441799493
5260,436.79386244871193
5261,227.11453293341202
5262,100.53901645994425
5263,499.66203247485885
5264,479.5920309786891
5265,478.0952884554761
5266,495.01936927243935
5267,145.43004401862834
5268,102.78915952156379
5269,279.5974888693652
5270,106.02360305225642
5271,196.1150272865952
5272,117.90737216649336
5273,141.75387966335205
5274,100.26328759499822
5275,440.411247347721
5276,342.725937220913
5277,499.58129045952444
5278,500.0
5279,117.32328677585824
5280,480.08154468376506
5281,91.58195564349921
5282,442.06946978281013
5283,68.496199855762
5284,500.0
5285,115.73113181217714
5286,499.0312298823922
5287,185.2448770567695
5288,132.44752760938923
5289,60.45131721406777
5290,72.15260738230594
5291,120.03395607580299
5292,500.0
5293,164.3573034343661
5294,54.836643182842195
5295,234.16269990077961
5296,155.45246153817916
5297,50.523177922186356
5298,180.45025882418514
5299,416.48020543140854
5300,495.7563818671366
5301,500.0
5302,53.995465574697995
5303,140.66420667456853
5304,143.0901277408771
5305,116.87990144183976
5306,139.51884431914678
5307,96.2758462647936
5308,102.76110758571573
5309,308.898626047182
5310,132.9279939102431
5311,484.97985288392465
5312,453.8549127009742
5313,341.4608237192135
5314,93.58884706933219
5315,206.51068947072594
5316,56.73299087410129
5317,499.3345609786023
5318,68.19070262694089
5319,208.62403407458902
5320,356.0219066321317
5321,42.85272859480732
5322,451.51822531537584
5323,79.89438791443266
5324,61.75148357961413
5325,133.93237097847594
5326,500.0
5327,399.57172653490437
5328,112.41071756448727
5329,117.07037008647598
5330,382.07857687441975
5331,473.71346536880037
5332,106.50807043937516
5333,491.1326865884664
5334,175.78228535242124
5335,57.205225378620455
5336,463.6187586138807
5337,125.37392989860128
5338,500.0
5339,301.01625124346043
5340,165.09192447580375
5341,495.48914647279025
5342,472.1240433614885
5343,433.26313905657656
5344,414.0221723566351
5345,160.5400880440132
5346,140.63428414640134
5347,500.0
5348,449.25458948299513
5349,101.76070773752407
5350,500.0
5351,49.61482257600785
5352,45.71854455705721
5353,116.70615352347829
5354,254.28457260602806
5355,247.3367198124406
5356,335.0849597613594
5357,460.00554112129623
5358,473.8503712844811
5359,386.2899506285079
5360,308.87468083480917
5361,183.50320004876608
5362,118.812055216268
5363,55.08764237011887
5364,178.00729784526828
5365,58.39539319808557
5366,59.638556637052076
5367,99.90726810023605
5368,500.0
5369,116.98316377535821
5370,375.10607703222115
5371,281.34612123813633
5372,500.0
5373,347.7000691657645
5374,488.20199926894486
5375,382.20262650563
5376,186.3442100366104
5377,75.7934899419076
5378,476.6589597472672
5379,301.70384508503616
5380,498.41768148034214
5381,62.06682462937895
5382,110.42599499505994
5383,168.2769500530503
5384,122.26189291087549
5385,500.0
5386,495.8204238522577
5387,349.87588310652063
5388,500.0
5389,164.27940734358202
5390,458.34236088969755
5391,256.99846083902736
5392,119.77649530634976
5393,492.20753218394384
5394,136.1197033114747
5395,332.67998717500177
5396,500.0
5397,117.70090955584321
5398,496.76988363022605
5399,52.7289268753695
5400,469.67028580775275
5401,186.96360228059314
5402,499.54975699264776
5403,174.70643252695777
5404,330.8676623337018
5405,154.58810685837176
5406,445.6102300997231
5407,52.9041682125937
5408,481.09097937639274
5409,210.6235622101421
5410,108.57143360677401
5411,99.30208656003659
5412,129.65870860426836
5413,52.89263191666652
5414,65.43645904894413
5415,129.84209937976237
5416,213.31943682255354
5417,246.63742377480781
5418,50.68466435217543
5419,499.5575267319822
5420,500.0
5421,116.45531668180118
5422,499.65515869169445
5423,61.60409339828046
5424,484.2798382219928
5425,70.79133482974049
5426,322.48037451661736
5427,462.6971420081104
5428,496.66816117951885
5429,459.1967856443156
5430,55.27993873435801
5431,496.51230892047596
5432,500.0
5433,63.53948378717505
5434,479.551401715394
5435,312.22420342628163
5436,439.79370145874816
5437,56.46985830311445
5438,214.60653201376095
5439,90.4953507283575
5440,352.8134252023034
5441,199.20934195600603
5442,401.3832801466594
5443,166.75447805603324
5444,498.1391519480611
5445,498.6012184777908
5446,500.0
5447,79.3017487911362
5448,164.67171508971836
5449,200.23163683503617
5450,147.40178257654168
5451,167.03892111325808
5452,419.24976485551315
5453,91.57114054225671
5454,106.7566295546732
5455,73.84475163092581
5456,499.38823188480245
5457,118.15421928120362
5458,101.72983686536183
5459,81.36360072961328
5460,294.4340782849762
5461,275.2689522100614
5462,301.92493266532324
5463,172.401687897876
5464,195.56980910548813
5465,112.1183537036321
5466,489.15502602206516
5467,126.75650150083729
5468,494.3043011462555
5469,322.56864058746623
5470,449.4369124824971
5471,301.9340664141331
5472,53.46187443827907
5473,101.19671963524328
5474,496.7985778671233
5475,92.9507993109421
5476,120.21678687723605
5477,120.14845702754417
5478,105.14965947426316
5479,121.0398526515843
5480,337.2100046354192
5481,51.48648547038303
5482,118.36076674935839
5483,195.59291175705334
5484,122.31804707041749
5485,175.93026595171563
5486,71.03946951643627
5487,182.92026002199594
5488,499.5968401541068
5489,433.3581545194089
5490,176.506756619658
5491,261.83818818618477
5492,433.69383281734844
5493,274.868444720722
5494,500.0
5495,53.466728840404826
5496,431.861095639602
5497,499.3048773984277
5498,141.36929065273708
5499,498.29503600785483
5500,386.4250731736728
5501,145.87050688565327
5502,443.73549898235433
5503,500.0
5504,73.83703606379068
5505,274.42974945372157
5506,111.99764204580958
5507,446.07898431747526
5508,63.04675514549325
5509,210.02756341159127
5510,359.09482506366055
5511,58.78013145448479
5512,500.0
5513,245.84402450822728
5514,71.66938410505357
5515,490.6366918212545
5516,159.2034571208045
5517,274.9280075476384
5518,157.66375668062742
5519,51.10572376035702
5520,500.0
5521,72.13028922300909
5522,174.56053762056348
5523,123.40063906870563
5524,479.39309594098825
5525,478.35528409785115
5526,52.39028743757066
5527,263.71899885549163
5528,139.73586794303242
5529,276.5779783245522
5530,100.35981791790634
5531,358.79847017545774
5532,59.83385179878921
5533,499.6501723194367
5534,147.8039540785952
5535,142.51483699964882
5536,102.41320165613564
5537,53.61117843555398
5538,56.14171305679989
5539,183.06757823104326
5540,153.3795422459969
5541,72.83426212053001
5542,344.569634264637
5543,378.68716520935783
5544,439.19255671901385
5545,133.65146667942983
5546,108.27482003694197
5547,346.5221344591744
5548,245.46725363849316
5549,114.11006022732519
5550,357.2616273128366
5551,129.59428039523186
5552,500.0
5553,343.81562870140897
5554,147.32666033721927
5555,93.86535042706639
5556,450.1546708924972
5557,108.52645599967732
5558,146.51748249334923
5559,72.90317656813994
5560,413.9355332228908
5561,429.13731063893937
5562,500.0
5563,110.91782724616803
5564,478.71363432122894
5565,434.2126197911952
5566,494.5435434373312
5567,498.18242189914156
5568,253.7892232795427
5569,339.3021203601444
5570,116.48690025636347
5571,75.10391496117853
5572,465.5492478749178
5573,416.01973700986576
5574,479.00124008704955
5575,466.95934352743615
5576,64.01159955210842
5577,500.0
5578,500.0
5579,495.0174255017864
5580,499.59368282333264
5581,52.98686239084647
5582,60.39818130422555
5583,51.622224369627936
5584,108.80876491507746
5585,66.1197659241086
5586,98.29325579578061
5587,419.88261605937714
5588,500.0
5589,65.67249616899971
5590,144.67172271324495
5591,108.61585478049277
5592,48.81913066231483
5593,206.67516650813482
5594,210.22093376976602
5595,166.2146991403102
5596,92.75158993529375
5597,63.28798868833215
5598,112.75976996387556
5599,76.02304276180703
5600,63.97534921754355
5601,111.94941209020422
5602,342.12721948593776
5603,60.27708991904636
5604,53.5946590917001
5605,126.55787822710214
5606,218.0204873127629
5607,494.4376303436581
5608,152.81867288445727
5609,348.96376588891076
5610,115.9588294629892
5611,61.33455297880393
5612,70.71522677636969
5613,500.0
5614,331.7393452508099
5615,175.2839994258664
5616,120.2677374995593
5617,329.8596639729313
5618,53.066267308334986
5619,205.6503161019509
5620,455.7914907496811
5621,476.64425455106914
5622,498.6484290441904
5623,500.0
5624,111.19559170815873
5625,43.4101262236921
5626,77.03542647092571
5627,51.00254252943948
5628,200.5853816851834
5629,111.93122238797656
5630,500.0
5631,451.9107131258969
5632,58.328664737309545
5633,444.75227999801336
5634,71.82935399886345
5635,71.46321146457251
5636,499.0135512989649
5637,485.11178836296864
5638,60.0864358315971
5639,346.61106097985714
5640,481.4371111633445
5641,273.03566282012133
5642,426.6703877752412
5643,289.5155687325771
5644,56.82446737724234
5645,58.57351934568463
5646,435.838779347348
5647,500.0
5648,57.71327490415496
5649,496.88348814201106
5650,147.67830195312425
5651,195.77104674398106
5652,75.2638064149934
5653,353.35908377418883
5654,94.71500430373808
5655,440.49312710562793
5656,410.65677529371766
5657,59.91488256552104
5658,498.2444073161639
5659,96.88139341116228
5660,58.7474390354887
5661,460.9689659509654
5662,121.74397375223751
5663,52.96141759665892
5664,113.49064286687354
5665,422.7695622637955
5666,52.77971902395112
5667,416.6729703853884
5668,187.65402142742397
5669,130.74474280612725
5670,442.442199894135
5671,300.2488347963188
5672,74.18491946547869
5673,487.96172050850225
5674,173.89415645969007
5675,183.1948726837833
5676,68.00185241702846
5677,475.33412300402375
5678,403.86148472188313
5679,71.5908988185521
5680,61.83968706950508
5681,274.3590771157412
5682,155.06964199364245
5683,458.63979384222165
5684,254.83446588793979
5685,470.73971191428683
5686,303.9241539562813
5687,52.82752661040783
5688,141.71216251269124
5689,137.353347157607
5690,135.65430858973042
5691,125.97604602556456
5692,443.1309886095254
5693,64.21843259144764
5694,332.07559703170233
5695,500.0
5696,499.09792998586835
5697,325.28700139223275
5698,172.01696247848562
5699,56.655597072761175
5700,480.4253480121889
5701,53.42646871499059
5702,56.837321268684974
5703,452.60256710224525
5704,499.58659727180515
5705,208.80465656956102
5706,49.95742786716001
5707,206.3521020544735
5708,459.36915105909605
5709,474.89461648323515
5710,500.0
5711,62.74163890824904
5712,497.6020573549604
5713,59.96834731632982
5714,500.0
5715,499.1094474528623
5716,499.2110588205576
5717,321.43680599721745
5718,484.763981665752
5719,499.9269267915829
5720,69.72659772452883
5721,489.5529586791479
5722,110.44598694922976
5723,500.0
5724,275.1419310830602
5725,170.95386661392754
5726,163.36876673614748
5727,361.4770816869931
5728,462.2677792971498
5729,181.98963361308913
5730,332.05133965976853
5731,59.123609036295775
5732,80.76322962602569
5733,128.55829331374088
5734,141.68337102250706
5735,109.39606043342187
5736,236.67885332399436
5737,331.39945324246423
5738,68.62943036830151
5739,126.56266778786991
5740,156.24452289413716
5741,286.33903933867487
5742,476.19036975910063
5743,60.03602065383433
5744,43.730709119930594
5745,420.4636694395531
5746,447.710727828989
5747,122.79824071749672
5748,451.68714209827147
5749,448.1391939324141
5750,202.17739072223043
5751,244.69995320990057
5752,420.1971181304245
5753,184.62081849460188
5754,151.12514169783105
5755,77.80628160550934
5756,362.09988025448763
5757,259.56226207897583
5758,153.44124203235054
5759,69.41280894298532
5760,55.374440523480146
5761,496.79468566752973
5762,499.16385070041554
5763,332.2080621741778
5764,419.42125163334526
5765,208.80129596160123
5766,416.4576369208954
5767,349.2347527226127
5768,44.67293679132352
5769,377.39507677973035
5770,121.25050244516548
5771,203.41225542356912
5772,351.28050251813517
5773,469.54497276091934
5774,425.18393440311075
5775,500.0
5776,284.8086720348467
5777,340.1603875764759
5778,123.63857224860013
5779,58.14046377409164
5780,500.0
5781,500.0
5782,152.1838919299948
5783,246.20428856033152
5784,376.92222657299953
5785,384.31122527218133
5786,444.50728128848857
5787,71.23397433000399
5788,214.51400873895972
5789,449.14304840912
5790,303.85354616127825
5791,185.7887479552259
5792,152.24694894585605
5793,434.03483633985286
5794,164.39444652474077
5795,500.0
5796,254.24182536688636
5797,500.0
5798,356.0073055038043
5799,500.0
5800,490.78333932937846
5801,499.70740304966483
5802,75.16740538799282
5803,208.84719296408383
5804,164.74018257031713
5805,53.25421682573544
5806,52.15018910408653
5807,144.96903681260605
5808,470.7365664732333
5809,284.3518545555885
5810,79.56899440432662
5811,70.39059992496462
5812,496.5364811144044
5813,212.61114366286225
5814,180.0385575196081
5815,51.39165399330082
5816,189.73798818801583
5817,260.99987751429296
5818,122.69470741333052
5819,451.23221836822154
5820,453.35798763420996
5821,499.3682813994564
5822,500.0
5823,301.87871736872
5824,73.13845090807169
5825,58.630401032925874
5826,114.61907842467498
5827,335.1440039220378
5828,500.0
5829,133.69056613856532
5830,448.3764650865022
5831,244.85170640696293
5832,54.502090920511634
5833,206.9545512952926
5834,116.5647181903187
5835,148.7214285925956
5836,497.3535059532642
5837,124.21466692294183
5838,500.0
5839,77.39005130273252
5840,70.15434971782908
5841,500.0
5842,70.33562710348448
5843,131.1940294187013
5844,500.0
5845,136.1240685069873
5846,277.9050747523534
5847,67.69838518657451
5848,500.0
5849,448.3189286731839
5850,132.9068610971302
5851,177.8949418203022
5852,54.26622805828279
5853,61.66322744061261
5854,500.0
5855,455.1168900599663
5856,54.60135504870964
5857,399.02376236866905
5858,151.23010270869173
5859,499.701559992949
5860,143.63796341942881
5861,303.3558738830504
5862,59.9617702149053
5863,414.100379438721
5864,338.23232259960616
5865,499.2227225330487
5866,322.8741464821898
5867,476.8458910683545
5868,400.2899302732377
5869,105.74157451945598
5870,500.0
5871,330.4050835350406
5872,193.87496406944865
5873,351.7577695855041
5874,70.11948081902906
5875,377.3065859080545
5876,480.9780723879717
5877,60.941897034097465
5878,319.88338306842934
5879,55.36739641089218
5880,500.0
5881,64.46741260068733
5882,496.3336216483931
5883,178.19741514470476
5884,53.50373449653181
5885,422.89479000532356
5886,500.0
5887,123.2948326477777
5888,302.7015510338038
5889,485.5631350835474
5890,53.07226119168163
5891,107.58381081159716
5892,500.0
5893,187.83216094386137
5894,193.36428537165054
5895,494.4591993415901
5896,499.68998741801556
5897,500.0
5898,343.5113143989894
5899,141.4350504893671
5900,50.2219898700206
5901,99.46352485941809
5902,492.6654333632506
5903,485.80061196823624
5904,91.8143648367927
5905,63.58375873585101
5906,492.8563440666255
5907,250.8496283711662
5908,497.68313356309875
5909,453.4869556572694
5910,386.2776769670504
5911,497.6871655244887
5912,497.5900234773918
5913,145.6608255808286
5914,58.957960312844335
5915,122.76470999451095
5916,207.8453793044784
5917,103.31378286026359
5918,114.35802455124505
5919,500.0
5920,185.08917359017116
5921,354.4582085923038
5922,439.20158646531644
5923,281.11144747944707
5924,65.05021345831953
5925,335.5902800566656
5926,253.2740363677767
5927,141.9708290114057
5928,98.13518717812372
5929,191.00392100591304
5930,100.35645248995536
5931,46.33117628044864
5932,500.0
5933,58.083827515939205
5934,300.0819048863515
5935,107.22783924971512
5936,499.63631689792925
5937,269.95228725749473
5938,498.97865957819465
5939,254.01574721714348
5940,69.27262695231698
5941,195.38379446450608
5942,500.0
5943,497.12733009832345
5944,472.64366552448473
5945,500.0
5946,191.98909986896527
5947,321.7678933786007
5948,449.3604558138984
5949,304.3020212681608
5950,463.1979323456046
5951,61.02121240652009
5952,157.02879479253806
5953,500.0
5954,109.6397258589848
5955,80.56541391800204
5956,493.8640637173038
5957,500.0
5958,219.31558966173242
5959,59.238197363406165
5960,109.21593000179357
5961,431.747961373418
5962,409.57907447657703
5963,62.09760322396757
5964,68.7994964416043
5965,45.9477650757364
5966,454.4762257415913
5967,495.5227064489301
5968,67.4005037529123
5969,92.68457779437597
5970,206.07163481186993
5971,51.386342529814456
5972,51.862035885997805
5973,53.030944956624225
5974,259.69012153964815
5975,62.606833277131784
5976,55.52577581045776
5977,447.6577303410814
5978,193.9007077837513
5979,465.3599193846708
5980,462.5624421615879
5981,118.1224173822136
5982,63.65019806686172
5983,356.8971302505418
5984,56.650011564497945
5985,104.51855737091128
5986,70.60279451637435
5987,51.8120756314618
5988,465.2841286167361
5989,487.9387407977957
5990,71.60479681825562
5991,279.5915740883839
5992,108.76923230566362
5993,469.9964389283684
5994,391.94244995838255
5995,258.6922870358994
5996,61.20674252230312
5997,146.7445592342616
5998,121.16623500581335
5999,194.94563409530048
6000,319.4215613280522
6001,105.57027843223622
6002,58.56133096153816
6003,291.527142152264
6004,119.81962534325419
6005,466.414582684215
6006,500.0
6007,70.06732757221488
6008,467.70951761212143
6009,217.02577172356717
6010,425.4418605134289
6011,70.6175683000699
6012,148.51647554910477
6013,500.0
6014,138.3357056890722
6015,96.03989417457822
6016,285.9906424682075
6017,500.0
6018,464.49672340565905
6019,126.80943660579484
6020,322.89202136075835
6021,120.94675920997447
6022,313.5790389653806
6023,476.79370733646874
6024,332.4968580033489
6025,104.68446235491992
6026,148.14409601028075
6027,265.2812823707282
6028,500.0
6029,452.687081725897
6030,108.60798183562184
6031,348.67337570261645
6032,462.2215847175837
6033,463.610340784174
6034,500.0
6035,488.1949196647801
6036,132.6854554777268
6037,55.584656469402205
6038,65.87799834991111
6039,430.21515923446555
6040,83.96419149915917
6041,184.5693312151506
6042,477.2828608062349
6043,481.5530396818385
6044,187.78867530292723
6045,495.516036446126
6046,93.4120713470727
6047,466.70241159209763
6048,71.03831127521825
6049,342.0888342448003
6050,498.93680191491694
6051,72.58759471586242
6052,345.99176688614557
6053,452.28466719013664
6054,188.86492792765432
6055,73.84229451412907
6056,72.06460832822471
6057,70.73271718232768
6058,500.0
6059,500.0
6060,500.0
6061,63.04696781750238
6062,119.20086198828673
6063,499.39344993497156
6064,397.7907459916156
6065,65.5431551776584
6066,465.16743900761435
6067,203.2974246576901
6068,500.0
6069,467.75507546424353
6070,447.4342682975099
6071,54.33613048354331
6072,439.89070639102556
6073,240.3437509812312
6074,498.9340516859254
6075,62.080573282522934
6076,500.0
6077,157.20902322662914
6078,497.9008980621062
6079,197.08836594760442
6080,345.27280417128117
6081,53.315493990066
6082,62.31877017518729
6083,61.8180433572824
6084,149.93662358647515
6085,354.10979072337483
6086,353.009798674451
6087,87.87243369140575
6088,107.8973658531724
6089,64.15619167585098
6090,339.01098564174526
6091,99.14154454594109
6092,346.264664334341
6093,362.73456323904094
6094,371.3290149962823
6095,58.63299150092597
6096,497.2277941124971
6097,106.56220815280776
6098,123.63081663073913
6099,162.28754822954681
6100,50.28520667326701
6101,338.57179233108843
6102,417.6364269106199
6103,68.65028074146043
6104,494.2821973406848
6105,450.0707295514901
6106,119.89017089411851
6107,495.16287339450685
6108,54.0670975083634
6109,127.21909840688295
6110,195.7049076671335
6111,460.7801138311042
6112,125.4597569715855
6113,72.02771643014086
6114,194.34888442621184
6115,309.31783865562943
6116,340.8540808089497
6117,499.3748522954782
6118,130.73047196537235
6119,471.8274914516968
6120,75.40241424444918
6121,500.0
6122,111.49146081909417
6123,60.529647324431
6124,298.76668281884884
6125,493.532724394929
6126,156.25270350857022
6127,80.67520531912983
6128,62.77339456501055
6129,81.29920952869105
6130,134.9184135878769
6131,496.24638969198793
6132,278.11162775113394
6133,266.4161617316224
6134,193.92280069867115
6135,499.47045827620195
6136,500.0
6137,499.6848585552313
6138,304.40262736852605
6139,55.40971461722782
6140,124.62021100122878
6141,59.77961842161747
6142,253.34227583401548
6143,70.23062266169927
6144,110.80421724445127
6145,488.1551114693442
6146,477.6891583363339
6147,357.55419864969133
6148,159.6815110893255
6149,59.59888273952612
6150,54.39120553809083
6151,49.54282735268298
6152,188.24333753169324
6153,193.47428731537138
6154,181.36546982527562
6155,332.9637289894085
6156,120.32209928062304
6157,131.51306619032016
6158,390.89003985109673
6159,400.46433340842157
6160,144.17169789445217
6161,490.0002770986831
6162,500.0
6163,193.69876966030685
6164,335.76898072199816
6165,348.0225050880348
6166,105.20906223165433
6167,148.50739542446556
6168,184.0061116884243
6169,125.15298351588444
6170,492.86757591989317
6171,117.33462229119623
6172,498.56124672247904
6173,479.3376573559824
6174,68.1230671354254
6175,388.5914328705976
6176,72.35183437465531
6177,499.72863258393375
6178,212.84005987921648
6179,264.0459600030718
6180,299.9399986547003
6181,500.0
6182,279.2645139116197
6183,350.78513627067326
6184,106.39362082726555
6185,500.0
6186,497.6452550317931
6187,310.92111640847895
6188,70.07543873973782
6189,63.25441459210357
6190,306.50312974507636
6191,444.00344353494677
6192,159.20640303726475
6193,201.55580048397184
6194,423.5516170383828
6195,441.43909108657414
6196,67.20263034150403
6197,429.21083662907193
6198,421.60941139929764
6199,437.9896057748234
6200,143.38444124875366
6201,410.01628808151935
6202,498.3814997176101
6203,427.6291367271456
6204,500.0
6205,86.21073735997217
6206,102.14321218557717
6207,56.35861128345023
6208,54.49667509794885
6209,451.03449708363655
6210,91.93725263012513
6211,420.20086863548397
6212,55.343459645111615
6213,58.84250062705382
6214,123.8613111345833
6215,151.9306853592403
6216,481.43858364126584
6217,274.9659820094302
6218,500.0
6219,500.0
6220,499.9712971334021
6221,498.6009999095064
6222,499.640290496611
6223,500.0
6224,70.09651882821039
6225,296.3277364862706
6226,55.98203826584695
6227,454.70131175095275
6228,171.47941131114044
6229,279.86577623378514
6230,59.382277103057845
6231,181.5166676683615
6232,86.198632377486
6233,500.0
6234,93.9166286944315
6235,70.47739943627
6236,490.11998866860307
6237,52.3992611508788
6238,176.16112969188916
6239,198.47255276860696
6240,476.55636903757187
6241,176.17605134187156
6242,73.56550684966089
6243,377.0484991368762
6244,466.07275155051605
6245,355.6487996314922
6246,386.43724427511745
6247,60.91789255892041
6248,305.1930938700395
6249,56.476603232148875
6250,68.68607990971591
6251,75.15126429565403
6252,182.99948174142258
6253,396.135263414102
6254,500.0
6255,476.07961169671876
6256,58.67587666417534
6257,57.6949428193367
6258,331.9635089641419
6259,500.0
6260,367.2698020075942
6261,499.4557119882549
6262,54.51065382423593
6263,500.0
6264,159.55572918952595
6265,164.25046041501952
6266,496.7413645433766
6267,51.74273625157361
6268,499.8928181029554
6269,73.71607265127517
6270,102.98221005454698
6271,233.78749779768395
6272,499.3800710886569
6273,57.35062854367614
6274,62.53957896504682
6275,498.23645572676753
6276,185.30443841074197
6277,179.31409811436845
6278,50.87828448962287
6279,363.82123391041057
6280,86.30838526516686
6281,113.17864599215255
6282,72.62805156617472
6283,290.2387048008669
6284,480.86904971544743
6285,73.89503244251432
6286,46.256344228143824
6287,153.64702246132305
6288,288.07527735097585
6289,489.5947008565744
6290,448.3076094840596
6291,60.21937297916427
6292,74.82826714714663
6293,140.25441746772339
6294,70.53841234424259
6295,492.4011799018458
6296,169.10588010252627
6297,58.22105884217562
6298,412.0000231106886
6299,436.7658191674243
6300,62.21933856732386
6301,380.6260573786082
6302,70.08068138870638
6303,73.8967031019906
6304,500.0
6305,500.0
6306,176.37289224775364
6307,146.14276320441468
6308,499.70779298165957
6309,134.66171598735372
6310,99.88357719024924
6311,451.9605414342547
6312,409.8001510247131
6313,302.2025498151887
6314,428.65832467281825
6315,500.0
6316,492.2703962703845
6317,129.21006199403473
6318,112.91418068972924
6319,432.51252906320394
6320,344.5490370406991
6321,499.44052695559105
6322,194.66387359392144
6323,500.0
6324,486.2746801226484
6325,116.13454476604915
6326,481.29390012760973
6327,500.0
6328,56.4149603689162
6329,129.06542895790173
6330,144.91626922030605
6331,180.04512049640428
6332,324.67654870484057
6333,96.86675473596868
6334,495.61994027560434
6335,482.0289790186001
6336,71.84720739012997
6337,88.88056415514994
6338,428.8402931616225
6339,188.37629013746036
6340,467.4183249331821
6341,402.5120839626903
6342,107.44329312908691
6343,500.0
6344,61.764408202258835
6345,126.14120281981728
6346,51.711617127820524
6347,112.51354451645305
6348,164.73483466638191
6349,496.8448923139666
6350,269.10191740234063
6351,493.00018975308933
6352,388.9806291187828
6353,500.0
6354,56.81349138266942
6355,107.78521129343585
6356,500.0
6357,488.4600102817275
6358,298.0374148053744
6359,488.9278397198327
6360,498.01747381321377
6361,139.96239955063209
6362,497.51639349911034
6363,353.25959721425295
6364,450.4173860029463
6365,485.3612925077581
6366,497.61953293742476
6367,97.57386859717523
6368,72.08491929745028
6369,434.7053382760374
6370,59.57493080475805
6371,182.00483994138446
6372,57.20797401646837
6373,497.4711894260687
6374,61.2271545124606
6375,314.343926325874
6376,314.19842891216024
6377,443.55281273350346
6378,496.7577060075147
6379,498.61615084568433
6380,493.9897864584881
6381,129.0540938570523
6382,66.47779327399034
6383,330.3656090814955
6384,156.69317808370138
6385,50.933388424717705
6386,364.06157837873286
6387,109.38263654432622
6388,103.52321849877472
6389,94.94319480781449
6390,500.0
6391,336.597274786318
6392,500.0
6393,59.385157639831945
6394,500.0
6395,196.8923994424796
6396,457.76694720348746
6397,133.1471744493707
6398,106.72872863203807
6399,148.54108520252024
6400,59.19310934519379
6401,461.03811117940495
6402,293.2473642745699
6403,492.6226803637687
6404,150.67594845169054
6405,96.06633312098018
6406,497.45449779511034
6407,109.56292313096498
6408,498.6119114685748
6409,133.42606017372822
6410,144.5466471631966
6411,305.2982951774589
6412,56.66659093795349
6413,497.64775688296584
6414,43.611532607593475
6415,59.124152581700734
6416,140.07817346826093
6417,412.9267156574271
6418,482.801158228498
6419,500.0
6420,500.0
6421,496.09404893523845
6422,109.52301994557922
6423,148.37616302946333
6424,48.16928294111338
6425,205.35800806494487
6426,372.8981456102568
6427,485.26726889692736
6428,89.90741650242472
6429,500.0
6430,176.5132949632644
6431,184.34499106643483
6432,93.0136705589898
6433,56.31440474996518
6434,67.02278538463074
6435,67.94935333935716
6436,64.81264710711308
6437,325.2702209623052
6438,494.000937220781
6439,138.83578084420532
6440,121.31654462768857
6441,354.0236251168769
6442,54.549368083457956
6443,72.0847962172644
6444,368.1219074869175
6445,280.89169101231874
6446,493.8944050331128
6447,120.8123933155287
6448,392.9902193501041
6449,54.7057813150316
6450,317.08894943976713
6451,257.5638865927889
6452,499.75472825281076
6453,421.92378531910845
6454,282.40300012592866
6455,456.4304622937284
6456,122.58967256732934
6457,492.31448631057935
6458,190.5188613702865
6459,280.7862976141664
6460,497.4688234083163
6461,54.60220067196511
6462,448.27388948700855
6463,120.21255904393855
6464,59.21752870756043
6465,500.0
6466,500.0
6467,220.9299427950862
6468,500.0
6469,174.7132720302836
6470,110.37723021635753
6471,332.0051160903986
6472,500.0
6473,58.56722900847733
6474,109.22535841251937
6475,106.72511615093742
6476,107.35005085825361
6477,75.08494355896283
6478,496.62421501896705
6479,312.7784099035521
6480,426.5024913755319
6481,73.83134544025283
6482,500.0
6483,154.047556548799
6484,241.9113555446641
6485,210.39674471740727
6486,49.564783527943234
6487,59.736473672519615
6488,500.0
6489,55.12291962853692
6490,132.8691202978203
6491,493.07357263573556
6492,366.11703655989913
6493,499.955082108695
6494,500.0
6495,47.27159501734635
6496,274.67050438183867
6497,145.57092252815588
6498,417.0430440242634
6499,336.85435169112236
6500,267.74414020623686
6501,122.63407745127037
6502,377.5410842108392
6503,201.05628656149156
6504,200.19447542898337
6505,124.87139179657227
6506,138.88522445802022
6507,69.26613648281221
6508,51.3199869592252
6509,160.9572202612793
6510,396.9112996832788
6511,125.4254466558306
6512,75.3222582511635
6513,467.0629005020236
6514,500.0
6515,342.50675087431233
6516,326.59258955010915
6517,206.18554244641143
6518,451.1162732213761
6519,141.8437304889133
6520,481.62467837613707
6521,264.69273144816805
6522,60.5529321220601
6523,467.91319709114003
6524,53.55698823215614
6525,112.96160916429754
6526,158.94027944983156
6527,336.44427007069436
6528,210.71978457614637
6529,132.78788002585384
6530,52.49099091316678
6531,161.2736949843989
6532,202.49744301150676
6533,428.3537071486309
6534,98.33294826065521
6535,201.99060811429433
6536,500.0
6537,499.47509049220935
6538,109.02757769262514
6539,102.76822687745997
6540,161.5445674253337
6541,257.50916236808484
6542,477.74622366544406
6543,59.347523299314176
6544,417.9434538717735
6545,499.3483708126789
6546,114.7091603308667
6547,207.30125498186135
6548,76.08196812540407
6549,63.360722113834925
6550,58.50596478789856
6551,388.13720648176303
6552,498.6468436703441
6553,104.22554770481057
6554,500.0
6555,196.31498508862745
6556,469.9966175697571
6557,422.8312372081488
6558,347.9743065162221
6559,500.0
6560,113.09412074020003
6561,340.6470792143358
6562,390.69938721686975
6563,445.11805920922194
6564,60.45891922962903
6565,152.97093504648075
6566,466.54624426285693
6567,346.1672642057961
6568,121.35976992391382
6569,500.0
6570,453.3008466990002
6571,182.03287809896958
6572,178.55620777836316
6573,321.57985353883873
6574,56.1828967732188
6575,443.9661323418974
6576,409.2869165552864
6577,293.89133083077763
6578,486.1013302057892
6579,444.2481232197349
6580,220.95925840236222
6581,130.28995995778757
6582,289.0330822100725
6583,89.73107322059153
6584,500.0
6585,497.60744252211896
6586,69.4424377105695
6587,56.315603982831675
6588,430.761486403337
6589,269.15274238683236
6590,492.80071016773877
6591,70.48991047636227
6592,500.0
6593,130.6240816516427
6594,280.6530020573049
6595,120.73682999139486
6596,50.729890028858044
6597,346.8694147541584
6598,493.93379437154124
6599,488.36959021762084
6600,408.82480109453843
6601,192.8747990888111
6602,400.8800811359225
6603,388.3647819831634
6604,56.9153925666307
6605,342.3410025205361
6606,472.24115653779444
6607,68.46609555207282
6608,53.057834801732184
6609,128.53718876424796
6610,405.5011726673289
6611,125.60384620366088
6612,325.52951033126453
6613,74.99703150644518
6614,272.2412211214497
6615,498.10079910030163
6616,54.25213430626165
6617,498.84093475948634
6618,55.47025034132036
6619,92.17155327048896
6620,71.10310590422911
6621,116.9171495932788
6622,321.1104530498965
6623,104.39296617355865
6624,500.0
6625,499.955736688614
6626,137.6238489293652
6627,495.9753959348903
6628,500.0
6629,280.2145101384819
6630,391.837739769637
6631,462.89084331620205
6632,492.925977554807
6633,62.55038625997329
6634,208.01093267074762
6635,192.52976723896245
6636,369.8112365797396
6637,75.66353063129762
6638,54.70985611444668
6639,134.2054020234738
6640,61.21033414723232
6641,436.8599900150991
6642,64.49493933191751
6643,499.4799111278676
6644,498.33963451841134
6645,181.77132780526358
6646,344.4846336745702
6647,141.51259783221505
6648,110.60453343405011
6649,169.15920647836188
6650,358.1816582222474
6651,136.49226131343823
6652,71.36773310420251
6653,132.09872277771396
6654,133.33562959378358
6655,496.490967062109
6656,172.47762927124012
6657,494.5979775366691
6658,496.2099166438471
6659,500.0
6660,73.35822838891927
6661,499.51518263078015
6662,186.65174644005006
6663,421.97736246616597
6664,371.8050274359515
6665,358.90058765954024
6666,106.72098746551048
6667,61.69037151104103
6668,114.89036902270269
6669,157.79419957348637
6670,324.8189074190601
6671,500.0
6672,120.69463363642417
6673,499.3682054592583
6674,421.55266058504424
6675,327.08636037450134
6676,392.4754275250659
6677,59.551230660047324
6678,495.90410998732244
6679,500.0
6680,434.5465366483945
6681,157.76503216808658
6682,62.71329620070291
6683,45.81355429111366
6684,246.0261521765892
6685,499.0315579052791
6686,186.9854848619517
6687,45.61308890242326
6688,485.6230849571041
6689,500.0
6690,500.0
6691,61.77277264964168
6692,71.02312224870192
6693,59.51035647042904
6694,500.0
6695,466.9192868664401
6696,277.0469164337829
6697,171.98699229617395
6698,93.26325969856575
6699,297.7817966257885
6700,210.85133907825417
6701,70.409343975345
6702,499.0640239644418
6703,66.45170346259147
6704,414.6167327660477
6705,182.24371549418674
6706,74.95743577279565
6707,500.0
6708,195.46865762812016
6709,500.0
6710,497.81817192733666
6711,122.52663743206313
6712,460.1329916177549
6713,62.06189625087307
6714,286.3933234019243
6715,137.5080752328352
6716,427.03278967985864
6717,399.92582746142205
6718,109.11376063230611
6719,354.8336612154482
6720,54.94386060426241
6721,499.11727713206346
6722,52.81943057706373
6723,333.020711158342
6724,110.39270422136659
6725,146.46690596032713
6726,339.7930701177253
6727,54.26856202443689
6728,399.04640065845535
6729,46.73017151748743
6730,96.28024443219795
6731,312.9209403584475
6732,497.0498285762986
6733,96.7382864430663
6734,163.39351797997983
6735,195.71599926846437
6736,137.89455754940226
6737,61.11137347213304
6738,116.49775039484354
6739,116.85803061684851
6740,207.6574185635379
6741,463.7488621503321
6742,65.82334544096828
6743,149.85999211398544
6744,396.61960742371366
6745,191.08540132799425
6746,170.73160932333496
6747,500.0
6748,92.4026262162051
6749,423.897749170931
6750,68.03385141209272
6751,466.7534938369548
6752,317.72319131077955
6753,300.6054523403205
6754,500.0
6755,349.7729907826306
6756,97.15161080628756
6757,53.32851025916598
6758,55.50741530651301
6759,497.1397214820393
6760,346.8235826614249
6761,354.1468192735654
6762,485.134607950141
6763,84.4363685347248
6764,103.67699102011431
6765,68.77206517172243
6766,500.0
6767,52.33401168008709
6768,60.38518754270997
6769,500.0
6770,55.6007684089864
6771,373.94983514009397
6772,379.21709174007464
6773,498.84093287131867
6774,215.72532893322847
6775,499.9604328470553
6776,127.55632608148838
6777,467.432140797641
6778,500.0
6779,67.03386583105153
6780,115.29731855274932
6781,497.6283585003299
6782,59.143452094393595
6783,344.1744149718495
6784,500.0
6785,467.9623076457469
6786,92.19815790528277
6787,500.0
6788,165.56206115097586
6789,312.41082002254336
6790,497.02129304526756
6791,59.02182609825252
6792,56.217915594475144
6793,500.0
6794,496.5433116469258
6795,143.63252076737325
6796,69.26420316093771
6797,463.7791054792441
6798,51.30882527806051
6799,88.08884370436122
6800,496.5732074223998
6801,144.15888079575996
6802,124.29962328157032
6803,498.29880032949325
6804,326.71352952712164
6805,356.2798869216537
6806,334.40265108787025
6807,499.1126912031686
6808,444.11354375692764
6809,454.1261424659082
6810,142.1098963224779
6811,68.24303561086975
6812,56.153516509660925
6813,499.5548261985298
6814,347.5459550028467
6815,276.6706567357464
6816,77.59410435947784
6817,363.64825776052413
6818,497.12287450565015
6819,121.26172805995185
6820,499.5271891357862
6821,271.5229768929534
6822,500.0
6823,75.14807935945356
6824,76.42339717530498
6825,500.0
6826,500.0
6827,227.64274756315567
6828,500.0
6829,122.42353345147308
6830,140.20360114437295
6831,366.4733374588411
6832,169.86779359186346
6833,98.60407711737813
6834,177.1968106168849
6835,478.5387417235978
6836,259.4788584603393
6837,103.40972008189269
6838,498.7590189211747
6839,188.28728334612953
6840,500.0
6841,184.55742389968526
6842,151.96198993266006
6843,134.23816541454477
6844,120.15196133410427
6845,188.03596586228863
6846,212.83829930396337
6847,54.57202240668853
6848,130.09704702415647
6849,499.95933601625507
6850,494.23937925890095
6851,126.31557534432436
6852,102.031209497719
6853,497.41350148588964
6854,499.5043727192324
6855,240.20519503313872
6856,104.71635687577715
6857,389.4320917993799
6858,393.6022927611922
6859,362.5462765153722
6860,430.20247422335575
6861,456.75840336381015
6862,255.58463576863517
6863,70.14634058273778
6864,110.8709682591379
6865,207.4092441562692
6866,459.24537446035754
6867,50.793261311324656
6868,442.12144815161724
6869,401.2960589321501
6870,51.926743989512836
6871,124.71222054719198
6872,177.34285327775288
6873,479.8943989730948
6874,208.6979975829082
6875,457.62311156460237
6876,52.07187320077834
6877,497.802420720266
6878,55.27972636764477
6879,344.85504309363563
6880,377.21436900203014
6881,316.658180427018
6882,112.41039136617468
6883,499.5542295363494
6884,486.7114265629095
6885,95.3678392132287
6886,267.2211384080533
6887,399.26455964788545
6888,500.0
6889,108.48210065711376
6890,282.6148830230462
6891,483.9098092145215
6892,462.97082473160924
6893,51.974153691996
6894,498.6322371751394
6895,54.73234991786339
6896,123.0273252830342
6897,52.09988843620508
6898,331.0374675784864
6899,461.90146308996134
6900,272.0635255367421
6901,477.1761184816946
6902,115.83959174212032
6903,294.9366131311839
6904,500.0
6905,58.23463465976308
6906,383.3182037433764
6907,500.0
6908,326.09017329597555
6909,388.20122047879545
6910,341.5122974382044
6911,55.15022170079375
6912,50.03703207799089
6913,384.0334161905835
6914,349.05666701207434
6915,413.8409177454388
6916,318.63715541586765
6917,179.7107535668353
6918,500.0
6919,349.6918654224343
6920,49.45363367711601
6921,471.5511617102321
6922,290.34695115620656
6923,203.02431361612412
6924,433.66318190586685
6925,500.0
6926,377.2401240376836
6927,59.458103613430794
6928,497.94824467998467
6929,498.62738574758157
6930,56.19480352322523
6931,117.10883234276606
6932,462.7838242894363
6933,108.37556157779193
6934,109.6754138247008
6935,195.10920921791802
6936,355.43317470614636
6937,500.0
6938,500.0
6939,473.1419204821309
6940,390.9267470997414
6941,73.27624510990327
6942,69.38310457285478
6943,278.3018088402597
6944,107.46873120414574
6945,126.64526926789564
6946,147.2209364471886
6947,477.4600431493294
6948,149.1847734999918
6949,51.72884859493645
6950,176.6300164886943
6951,475.4449230722196
6952,122.04830439228394
6953,467.0336033323039
6954,115.4783592790333
6955,498.34129095205327
6956,183.73734159680026
6957,497.7981646785373
6958,496.3780378191858
6959,51.59038680856389
6960,499.5230386521456
6961,255.36422343468513
6962,487.08320455073147
6963,497.72139599096687
6964,58.62391270251525
6965,167.260442966556
6966,134.44841381098985
6967,337.42105993680894
6968,70.48614001044089
6969,470.8476935828288
6970,500.0
6971,163.6113986866803
6972,499.2609176597438
6973,85.96518978709237
6974,434.4848586878981
6975,112.96899536944869
6976,207.04509717953374
6977,57.155021989287995
6978,496.7572205236469
6979,350.76469423563907
6980,55.118457290080585
6981,470.81883655783366
6982,495.99792102894787
6983,69.50421709370752
6984,66.12120568057243
6985,55.57711410934347
6986,500.0
6987,500.0
6988,171.17109966096885
6989,333.5987014039882
6990,391.42282322676374
6991,499.4616731823219
6992,127.76065500825571
6993,440.809546986399
6994,147.3082788562866
6995,348.94670631565924
6996,199.81757969720985
6997,499.61452578055275
6998,339.19300045009555
6999,114.87647819156396
7000,107.88868557464998
7001,443.2704611832845
7002,454.81504069535674
7003,316.79562110795234
7004,99.17683121687011
7005,440.1492319535673
7006,497.9263188643118
7007,134.6537518999876
7008,500.0
7009,73.38045168869165
7010,453.48736022216434
7011,103.33705159659456
7012,65.01623274485574
7013,386.77706927741866
7014,445.93567783586366
7015,49.14767842180089
7016,411.980616466984
7017,452.9773863270786
7018,224.7538266967274
7019,264.36870879627384
7020,478.2670287754995
7021,132.0338026785709
7022,311.2972143309456
7023,103.07128336661091
7024,262.774554056211
7025,107.64289300937756
7026,483.36412276120893
7027,268.8035412319017
7028,464.7988657997229
7029,201.00767263703125
7030,328.8671329070597
7031,500.0
7032,45.817612782958676
7033,146.20135768046572
7034,375.05682861583176
7035,62.451363770935444
7036,186.5999739082022
7037,143.9065418753274
7038,343.61451312082335
7039,500.0
7040,110.0312510939886
7041,197.0862744423421
7042,494.07145163504777
7043,121.26355324042646
7044,50.29512539296629
7045,500.0
7046,500.0
7047,493.69627739321726
7048,500.0
7049,211.51093814113398
7050,308.2981674270686
7051,491.0941865076183
7052,488.96481762073046
7053,133.78438082547356
7054,61.26514049355383
7055,130.66357083334964
7056,106.1263580677493
7057,500.0
7058,103.04249702539622
7059,322.04356028624034
7060,134.73421400791153
7061,392.8415702601044
7062,290.56133197653776
7063,500.0
7064,307.73785908254456
7065,110.2335396414912
7066,112.59663392391113
7067,452.46303362449237
7068,58.48966986711864
7069,465.215819878204
7070,69.98940224744105
7071,298.7388268667414
7072,88.76618610537182
7073,342.45108145569503
7074,139.61637216141776
7075,439.53679262125434
7076,76.06554146223918
7077,490.33168932594015
7078,76.11965834422338
7079,420.5859992262285
7080,278.6537979410842
7081,167.33004366562983
7082,478.7576260443887
7083,500.0
7084,500.0
7085,247.02398772913222
7086,94.9902087753431
7087,479.24182612437517
7088,473.5429695856427
7089,119.53421173864177
7090,500.0
7091,477.103650873109
7092,244.71293508830905
7093,54.748464565839825
7094,499.2428186143592
7095,350.214319319255
7096,415.40655288869766
7097,500.0
7098,500.0
7099,82.89971640098666
7100,340.8174356448141
7101,183.40013285128464
7102,54.195415450543734
7103,104.02926200366673
7104,120.86840294075463
7105,332.1537902353617
7106,442.26799086631405
7107,60.15326300351363
7108,50.32199867959524
7109,434.6339835846077
7110,246.55796837150166
7111,49.37771222570608
7112,467.97038201697126
7113,500.0
7114,388.46802849689834
7115,113.41007755309161
7116,498.2042213132736
7117,117.660202191373
7118,495.6628700749551
7119,126.81130840113386
7120,246.04809556017426
7121,210.03018906329066
7122,489.4546441420289
7123,72.19857418682398
7124,499.2552898081443
7125,301.6515926174395
7126,124.69083259643384
7127,144.22643923273085
7128,55.4187123560052
7129,117.9132086696075
7130,53.564080094793084
7131,195.32814142223665
7132,114.07056127903496
7133,204.31002893126896
7134,500.0
7135,445.0447552065027
7136,321.2011007798212
7137,452.0096909230714
7138,195.68805616011662
7139,500.0
7140,53.64547871764043
7141,367.9235595439998
7142,54.883521490225775
7143,499.1234524988852
7144,74.88470245995866
7145,62.288814849370496
7146,129.46192892404946
7147,51.138729326953296
7148,500.0
7149,457.0612968219158
7150,195.28975255244288
7151,193.44157060449558
7152,431.8241370127753
7153,500.0
7154,468.6533520281965
7155,89.71874633970212
7156,429.88028908094475
7157,57.450428968736205
7158,44.75165309422808
7159,55.039566764224986
7160,69.6210092810343
7161,325.74786324969415
7162,438.4420607597044
7163,177.75351808820466
7164,50.16320791396352
7165,344.4534879964538
7166,500.0
7167,68.37302152767852
7168,324.59887958807997
7169,107.87778939753125
7170,252.685048149394
7171,500.0
7172,72.02720070874972
7173,187.65189921753858
7174,500.0
7175,499.0092305704589
7176,499.68783972240306
7177,126.90385281051287
7178,193.32151959671404
7179,500.0
7180,405.0989082367687
7181,52.65810303004672
7182,436.6423190836455
7183,353.1422297064188
7184,106.24799049915165
7185,135.99339602488186
7186,110.96745738754638
7187,401.28466752835476
7188,354.43495237898065
7189,207.2219132733581
7190,166.76501572401236
7191,107.7882739819458
7192,345.782889925591
7193,54.78264803176737
7194,461.4133797869459
7195,58.65149293001711
7196,208.03153938049795
7197,493.35874209229377
7198,408.8249179364073
7199,124.74849106253349
7200,160.6671888747318
7201,499.3755568044652
7202,127.03757048317857
7203,59.71356616444892
7204,199.59797687673077
7205,340.72978353344405
7206,321.5517733667335
7207,387.4437752647269
7208,73.04091025930151
7209,293.0762152827935
7210,294.4611703669182
7211,70.65768446817454
7212,62.2755300255535
7213,496.4834993823419
7214,69.61797303827699
7215,469.63622182708525
7216,52.44460201402681
7217,45.87036420394513
7218,215.10700856393373
7219,264.13410053921314
7220,498.8752413168658
7221,58.229612637932824
7222,112.32556506186235
7223,131.6645614959465
7224,145.66560289126028
7225,437.15793863545537
7226,192.4798130313452
7227,166.46140650111826
7228,127.19462221053239
7229,407.0262417011518
7230,105.51579375998514
7231,62.16472955714356
7232,285.44980270353227
7233,141.55771415443223
7234,79.32765686090292
7235,457.04377366106644
7236,114.09177430313936
7237,74.76029446313791
7238,50.65562051198344
7239,306.37173730095157
7240,499.4893969815784
7241,500.0
7242,75.6199406469311
7243,447.84683451576615
7244,499.1545966157872
7245,500.0
7246,496.2246147279985
7247,496.90085900281
7248,498.7243510523151
7249,73.71413383900504
7250,478.3025370078699
7251,305.7847548754406
7252,312.4217130495034
7253,54.29427972384458
7254,432.97715980131227
7255,67.39755083106778
7256,163.17226201611777
7257,348.0456896974999
7258,497.32470112507747
7259,103.37374094634362
7260,88.03677160430875
7261,499.46779342871235
7262,67.64446238703417
7263,350.84820883742293
7264,122.39253811660916
7265,84.83849596505806
7266,174.71565358400866
7267,227.68755515661096
7268,316.8246627907754
7269,419.6844604097263
7270,209.71753171076955
7271,189.25335692923295
7272,347.0202094877257
7273,499.44727988715965
7274,255.74959303224608
7275,117.47047730082096
7276,58.70504800076756
7277,58.147697826121195
7278,58.874801684439475
7279,357.6627654000215
7280,302.11533269605076
7281,69.701115024095
7282,495.6384081516039
7283,500.0
7284,385.21078136418384
7285,499.976420474478
7286,411.76711869607084
7287,430.1063287406489
7288,242.96534701628485
7289,306.1815685246847
7290,54.321298824973795
7291,107.90778856495638
7292,101.463243796657
7293,107.47608003453134
7294,416.1678707659856
7295,100.87024109606608
7296,333.6996599282872
7297,497.65158283293147
7298,61.55417150819869
7299,57.85664208391992
7300,341.7099936385803
7301,110.90845842978482
7302,117.70053292602552
7303,194.00159860909056
7304,70.81743140519498
7305,500.0
7306,303.88714024817006
7307,414.6882647843273
7308,499.84184490540997
7309,53.317739269135416
7310,53.51171190073251
7311,500.0
7312,52.25010845124783
7313,388.60049665773823
7314,331.2886446051137
7315,72.5103124962935
7316,76.34750510230315
7317,119.70661054530527
7318,442.91796995363825
7319,71.21832712266037
7320,499.5220313385835
7321,141.60046976091968
7322,101.72246446877602
7323,153.90630435428454
7324,49.789046690993814
7325,463.0968222856597
7326,498.4877549312986
7327,74.60004225935506
7328,499.44490727789446
7329,474.0669155974767
7330,500.0
7331,106.87590046390979
7332,216.2273956649202
7333,491.8344527725152
7334,109.6134770607153
7335,500.0
7336,494.7521440967413
7337,114.98185296316558
7338,496.8889218443164
7339,459.16101459233545
7340,60.747542335073796
7341,58.1081152428046
7342,347.3323599852509
7343,61.480766786914025
7344,494.5885232094913
7345,156.90641383090355
7346,457.0297658430686
7347,500.0
7348,171.21999897877365
7349,182.85768622769152
7350,496.043011246909
7351,428.16720546879884
7352,47.274471370773426
7353,68.87420941401035
7354,80.47865914857528
7355,63.90995110180788
7356,120.40593057248024
7357,48.33758391958989
7358,486.0570914373064
7359,77.41296332060621
7360,493.67457261623497
7361,458.2918418379765
7362,54.94249021821456
7363,112.63083031577075
7364,425.8974172232784
7365,122.33793881612539
7366,461.23225029764217
7367,103.74939867431206
7368,170.74336817165687
7369,500.0
7370,497.8972863627888
7371,183.61429563631685
7372,49.66082435672706
7373,325.39819069733824
7374,399.4429126283917
7375,375.906423572155
7376,58.03657316899148
7377,108.20985827320965
7378,47.16637375713096
7379,351.95680276865187
7380,172.17772891407378
7381,336.83724484109433
7382,424.4344064147732
7383,500.0
7384,142.2490398804182
7385,466.4804918435052
7386,79.15010567916175
7387,164.01257386675297
7388,498.1739123369624
7389,499.93230489552025
7390,499.236993639209
7391,499.176340505745
7392,179.56900355588476
7393,477.1986372590403
7394,379.50772246621386
7395,73.68341123885817
7396,56.16232925346707
7397,105.35760854979898
7398,154.22723172102815
7399,180.91156546701995
7400,155.62288794938743
7401,185.41796061118688
7402,500.0
7403,438.8648032445259
7404,201.27536990670276
7405,98.61708157746332
7406,470.47009195435214
7407,142.0230167175122
7408,343.76479435671786
7409,318.7718111421223
7410,302.71691796857533
7411,432.18977409838317
7412,500.0
7413,430.2398756204541
7414,163.38970116081524
7415,500.0
7416,69.85963687091525
7417,55.185958672411275
7418,77.33785652466919
7419,59.101840338551824
7420,412.47675960344145
7421,388.2805077695383
7422,500.0
7423,176.1189137127458
7424,52.368856554527696
7425,499.131610769814
7426,59.07049477835399
7427,114.46926052295781
7428,455.4944183525063
7429,121.82943417897
7430,495.3577242399512
7431,123.68938477281736
7432,500.0
7433,290.7429659848814
7434,167.53982449283208
7435,69.67851640455599
7436,346.4149096109305
7437,58.82292423842839
7438,194.89497100433306
7439,499.8192123145619
7440,150.89397593740262
7441,455.7667187549565
7442,45.50754698419071
7443,138.46031944952423
7444,71.21520488198729
7445,103.9208146038981
7446,488.4776895255668
7447,487.57614604354535
7448,494.7470196969831
7449,75.63895219284547
7450,483.2052442318468
7451,300.100209363419
7452,168.73122832242788
7453,363.3291056473931
7454,268.14473783058423
7455,58.117878119809106
7456,61.94510361228825
7457,74.81817683899935
7458,225.6974000200522
7459,107.6756798102298
7460,158.71314675098847
7461,321.9810532866234
7462,63.028420166346095
7463,492.7733421331834
7464,159.54398627277612
7465,195.94181844807008
7466,497.52711824849047
7467,294.63576596859156
7468,58.16437037439083
7469,179.13581339686192
7470,90.24466191007375
7471,298.4928492639521
7472,108.17570104225226
7473,102.60280249592941
7474,485.3490053314459
7475,77.0517021976697
7476,466.9709490833774
7477,286.64989754941905
7478,497.58667067132603
7479,500.0
7480,47.19373271553671
7481,473.01673432832825
7482,350.89610831152754
7483,496.61227279838204
7484,500.0
7485,428.318384879446
7486,76.50196547368142
7487,471.43320951208045
7488,423.664857213368
7489,453.11962321007115
7490,470.3240705378089
7491,478.40735788264874
7492,349.1238806817787
7493,184.52119672878334
7494,435.37100844196164
7495,448.69880602589114
7496,104.91324585322678
7497,117.34249576850335
7498,500.0
7499,105.13808627621923
7500,141.4341709610644
7501,417.9668445367288
7502,492.83035989952975
7503,52.52606355807464
7504,379.58431847950317
7505,180.35107968201282
7506,97.61155428893507
7507,349.93676136342765
7508,408.3696735869714
7509,170.3376695692691
7510,293.6606514200479
7511,70.89371134558449
7512,288.4965991350094
7513,272.83113249371036
7514,264.0325787133107
7515,324.3996020447796
7516,112.00998697664201
7517,440.1485916751411
7518,334.0324519197609
7519,195.857955723025
7520,257.3203915418551
7521,499.01613114659165
7522,296.9584963228656
7523,63.76785849670661
7524,444.25316845094227
7525,389.2106775356379
7526,434.03900639661174
7527,462.71281454725556
7528,500.0
7529,91.35406008086922
7530,58.99807330674527
7531,337.1607164544106
7532,191.85786288550355
7533,61.09092613005197
7534,335.02101578313534
7535,48.78886751139612
7536,185.50021282250563
7537,500.0
7538,442.0927975211555
7539,51.77039494666363
7540,170.27035538172254
7541,270.66999147118963
7542,69.56170744789165
7543,70.78216581983212
7544,267.0966061065973
7545,495.9003855386808
7546,411.5164868672868
7547,250.06177390270352
7548,460.8820603217064
7549,120.68101103541383
7550,68.11716618441712
7551,117.55010386177133
7552,312.0968217967036
7553,437.5881162243668
7554,466.9640556297077
7555,190.05108721560268
7556,161.03746846159686
7557,176.1738818233036
7558,427.30516432628775
7559,362.7762631154775
7560,272.9845389490618
7561,462.51513843816167
7562,138.64776076676782
7563,108.20726425569417
7564,321.4659380205267
7565,275.4551752064141
7566,207.42201106275812
7567,492.3294079724508
7568,434.221364207144
7569,500.0
7570,469.29905122894127
7571,114.67699090762447
7572,499.2404798501334
7573,263.37174955287276
7574,118.14825872420955
7575,238.23922737293972
7576,114.53656905895488
7577,276.7190687473465
7578,55.11936231865295
7579,498.3831291604729
7580,71.84972940483816
7581,68.67893577339996
7582,142.21745525788862
7583,58.01198149728494
7584,124.81305714681656
7585,498.69655300926615
7586,278.5874655451295
7587,70.51666995782696
7588,474.56914251305466
7589,61.93970435347494
7590,72.13119227040075
7591,69.55430872678862
7592,54.31223276093495
7593,131.36950798079675
7594,105.66807026885579
7595,114.05838651493309
7596,110.01213325442197
7597,45.579435191693214
7598,335.08912448728
7599,456.9068241484429
7600,185.22191530391862
7601,59.390047467303674
7602,497.570720280234
7603,154.41767005177883
7604,82.3491835079497
7605,193.00188840495574
7606,341.54265272876717
7607,60.35619604385347
7608,95.80578585612263
7609,76.28960927743384
7610,500.0
7611,497.5602061942383
7612,496.7012557668828
7613,108.47650967140322
7614,122.26765657689256
7615,378.0423349079759
7616,103.06051883878942
7617,499.32186951525966
7618,189.94041318008823
7619,440.6256069832049
7620,58.023451278383504
7621,371.2397965178837
7622,59.99689407559535
7623,56.31686685794845
7624,247.10372458085425
7625,327.56730873916064
7626,464.8752030534426
7627,274.6322363590244
7628,418.1089701388462
7629,243.82790898648054
7630,77.95188438016255
7631,99.59605344961189
7632,482.35748688879926
7633,50.28503585555727
7634,101.04701230899155
7635,464.080285733539
7636,179.84187396806308
7637,133.4349449905637
7638,102.68549103348263
7639,204.29716424742773
7640,281.8208352780917
7641,170.85151677721063
7642,498.388385902578
7643,73.17288447153592
7644,61.58980026866476
7645,207.46528843651691
7646,67.2859636679247
7647,284.45328240816514
7648,53.34852234096833
7649,139.5580549439107
7650,480.04434243468995
7651,69.48900622551596
7652,188.15174674271552
7653,60.47710085021233
7654,166.03991613531605
7655,426.02314353528243
7656,68.77486349904976
7657,492.74005291812506
7658,407.44018522941894
7659,60.10737397261819
7660,311.2796815210731
7661,500.0
7662,63.08203754680642
7663,457.9192297409936
7664,216.90826603094865
7665,102.83916006746892
7666,119.39471372266647
7667,51.747589658532405
7668,396.50876468101035
7669,108.02101992703119
7670,63.23072665620745
7671,57.35187546632248
7672,58.93385008383006
7673,111.67895875200901
7674,70.48769706297082
7675,417.66245193725473
7676,485.8412286615628
7677,102.76011300947044
7678,59.54887139894704
7679,414.2903040943611
7680,427.1978587756548
7681,155.3484628746764
7682,190.40049702771788
7683,322.7801181251547
7684,62.17679651252891
7685,497.84332827589026
7686,134.03991736367593
7687,66.65991373015532
7688,268.4589176495505
7689,115.47541190683746
7690,146.27033755279507
7691,474.6161637817046
7692,333.90732999507924
7693,92.4994955508694
7694,154.49724563939407
7695,499.60411856212806
7696,191.40715155122933
7697,496.9701198887983
7698,498.24747238800836
7699,373.0951621445019
7700,479.11488139023743
7701,500.0
7702,452.85524497367874
7703,101.38543409635808
7704,320.71130501451813
7705,354.5310074304213
7706,57.702666219205824
7707,152.05461301306485
7708,473.0868178895129
7709,469.9896714397536
7710,499.988466023375
7711,500.0
7712,187.135450103297
7713,202.34651717655098
7714,493.2158053109438
7715,351.08702977815307
7716,182.64674273838716
7717,104.61125112360543
7718,263.04534371436915
7719,61.789530079369584
7720,500.0
7721,119.77104784559938
7722,443.38425129338526
7723,334.9352445266154
7724,142.0616386547331
7725,336.79584670442597
7726,497.88420792011425
7727,500.0
7728,433.8806621655956
7729,333.3251115667031
7730,123.01612669088733
7731,492.2621796006042
7732,157.3304064963599
7733,124.97844324672047
7734,496.3028619470408
7735,499.22093903478515
7736,391.954003429297
7737,272.8868593942951
7738,55.66685308390322
7739,344.7589918688706
7740,351.70954181142855
7741,69.70067592803632
7742,119.32987805671057
7743,497.0398091183116
7744,185.373049871063
7745,500.0
7746,302.8124290749852
7747,205.77444097143666
7748,96.04002355295854
7749,500.0
7750,388.21002607688024
7751,82.47160193593471
7752,55.9539652509685
7753,251.1222638062551
7754,153.8434495842245
7755,52.423343302011546
7756,101.56241676234876
7757,497.567956512738
7758,124.92403599428357
7759,469.4541652951681
7760,97.92396007879466
7761,48.022887282570565
7762,461.01267136006607
7763,410.9835135537778
7764,87.2754093131038
7765,457.6734980691246
7766,498.81727288625467
7767,44.72464478195717
7768,53.58988797963369
7769,456.29617701490645
7770,57.288835602089485
7771,76.40813076701268
7772,354.860093278144
7773,58.43434745759711
7774,59.54541187855423
7775,52.58216696529958
7776,256.7810884603089
7777,91.27791669816995
7778,281.5118437296023
7779,349.86273521374835
7780,131.34192519135203
7781,472.9657416321718
7782,197.27925032481727
7783,78.24498976680283
7784,49.90433276041632
7785,499.7399116680622
7786,269.5071507039997
7787,449.16187424716634
7788,500.0
7789,309.1884425526153
7790,51.06411508682936
7791,168.62045773636842
7792,385.2068033886105
7793,104.1771867358255
7794,112.03889113002084
7795,124.36389102194005
7796,213.9539120108447
7797,145.42483859088705
7798,105.16524109934232
7799,46.108425641968836
7800,47.74869943182111
7801,488.6963306965541
7802,58.27490063780647
7803,71.75436623524266
7804,128.85325144647743
7805,116.73051214693032
7806,464.911299006915
7807,500.0
7808,464.68793217028815
7809,50.54577198206964
7810,162.4414628882846
7811,499.0645698071867
7812,85.25659461219495
7813,60.05047318468858
7814,444.28917228425075
7815,131.99094371802008
7816,58.617259123121485
7817,500.0
7818,49.16788383757284
7819,48.54867683301201
7820,439.5086485752751
7821,231.11452476288787
7822,75.2952198149981
7823,85.91534352550939
7824,103.86713309714088
7825,196.9488636727758
7826,152.49815438274067
7827,232.34218078474674
7828,494.2631202162062
7829,110.62586111238244
7830,413.65603711098424
7831,500.0
7832,55.17293386594592
7833,496.3534093588198
7834,112.20623623926974
7835,159.88054810495925
7836,479.97774949798736
7837,101.37020365806433
7838,422.518593698824
7839,496.5911842735992
7840,60.06529084096603
7841,433.711572660613
7842,500.0
7843,49.36545550689691
7844,70.43570132521782
7845,194.35504023798396
7846,178.46286940180872
7847,136.40793365198337
7848,52.059745211876745
7849,122.59211470456069
7850,499.85578505243757
7851,500.0
7852,321.70062492822734
7853,97.51445973316058
7854,174.8803272295978
7855,500.0
7856,309.9358653126331
7857,103.79930428448176
7858,128.27495528337886
7859,138.1939122983388
7860,188.8432799858666
7861,495.6535011879304
7862,352.31799335271387
7863,486.1189457509362
7864,71.68900927124818
7865,213.77418310617136
7866,120.53173391875686
7867,63.561968392168296
7868,127.69002188088075
7869,170.5537923310879
7870,179.1846568084776
7871,265.71237899895567
7872,51.3724230719222
7873,473.81888333526786
7874,186.89612199371203
7875,220.22802287139572
7876,123.13916451842834
7877,264.8094816025737
7878,57.347900323643344
7879,181.81168490234327
7880,226.78398453950143
7881,67.14730394878694
7882,500.0
7883,451.52620937779386
7884,202.36306148766607
7885,105.17800544042598
7886,141.69384483115905
7887,62.000430625779956
7888,61.365602082948456
7889,154.88801443868215
7890,405.2549200925674
7891,500.0
7892,497.7803306789982
7893,168.90731655559188
7894,471.1112669695166
7895,64.43045883730647
7896,336.79045888373855
7897,73.30343629240784
7898,77.81998445559339
7899,261.4278547050638
7900,267.6718596267331
7901,500.0
7902,72.79882039732004
7903,299.2546050864982
7904,500.0
7905,135.40319299616078
7906,74.18340698887101
7907,326.76070980915114
7908,394.70217302809095
7909,60.52651299755555
7910,432.6351868129268
7911,117.30028872927357
7912,500.0
7913,351.51146607918247
7914,116.38195583473649
7915,491.99112409776353
7916,286.92172954901906
7917,108.36668001131375
7918,483.01392732754914
7919,337.36788846224715
7920,66.39485630633196
7921,66.78833212255523
7922,500.0
7923,55.921991969828184
7924,496.66323717548346
7925,301.4967419694435
7926,494.11235112574855
7927,268.83409126081733
7928,117.27278186297855
7929,129.7823005767385
7930,460.06861363008824
7931,340.9400313908145
7932,489.8656820818046
7933,195.75799534137775
7934,72.2125580586272
7935,497.4902952296653
7936,57.48461127274354
7937,264.1623578555077
7938,70.64894736701189
7939,57.68560350027645
7940,173.66103173970552
7941,437.79934779207053
7942,169.3423105068124
7943,184.67958073924675
7944,459.107789652208
7945,500.0
7946,123.75197758891888
7947,489.21996134072003
7948,495.81974279675455
7949,98.443685817669
7950,182.4464665742008
7951,165.47963215805123
7952,77.05970838254206
7953,360.8268143056253
7954,189.9225826370983
7955,499.02941446234644
7956,111.52775631005852
7957,120.80234895517512
7958,498.62022753163666
7959,500.0
7960,108.54477525174039
7961,165.70048067975435
7962,50.21969180888813
7963,316.22564754522716
7964,185.54126996864736
7965,500.0
7966,102.4607820383568
7967,486.1632335986967
7968,390.6044104111289
7969,212.22943395238235
7970,425.50069634482566
7971,107.46650106520207
7972,237.15874956590935
7973,106.161177018156
7974,489.78125161034416
7975,150.12141180141774
7976,241.74343030584564
7977,500.0
7978,413.7464812083298
7979,353.5400569326878
7980,271.46529804138805
7981,119.77001396169132
7982,473.7863546830346
7983,306.418784717211
7984,468.21769448018824
7985,254.52506765142437
7986,491.71366377882225
7987,116.13497882866011
7988,68.57946735465632
7989,500.0
7990,56.403253239660785
7991,374.33830018948515
7992,167.79740380033056
7993,334.2845127665976
7994,319.6008237168612
7995,478.0706092453144
7996,176.54263462851043
7997,251.88846900551619
7998,62.15598368740589
7999,458.19499434582815
8000,309.0131220614038
8001,495.7686458171015
8002,500.0
8003,73.93472482695434
8004,453.38435277077826
8005,91.04745818960123
8006,210.24788211627978
8007,410.4272273673924
8008,498.43344028674073
8009,165.60612355843747
8010,326.14600788133185
8011,485.0196317414225
8012,61.727042581167304
8013,118.71259464560501
8014,449.31605323373134
8015,102.72046437256058
8016,138.94969909589994
8017,49.25000094105272
8018,405.36625495882765
8019,170.44106360408713
8020,500.0
8021,49.52175436046039
8022,62.32610867393659
8023,498.2654517900532
8024,498.52768193722153
8025,42.05711585463492
8026,473.0851311073247
8027,262.15244742472487
8028,500.0
8029,328.94548704572054
8030,351.6058751599663
8031,86.24115154559453
8032,134.36060694634608
8033,349.3290932378245
8034,299.1845485820884
8035,499.9429560582588
8036,104.94202330498632
8037,108.25731766665848
8038,500.0
8039,66.98670198106906
8040,500.0
8041,337.3100229473208
8042,71.88785398168336
8043,500.0
8044,471.5094681712889
8045,328.51825594555373
8046,74.07986623918515
8047,106.96142210416718
8048,485.22255646411384
8049,128.6185463068241
8050,100.98636947801702
8051,58.381439389458386
8052,125.67871390093123
8053,150.96642857367476
8054,351.3856218524659
8055,457.33039378976923
8056,59.29018949999289
8057,368.7922358112659
8058,198.5708048336184
8059,121.41161038952745
8060,60.789925781542316
8061,133.30632459556355
8062,500.0
8063,73.39392097055206
8064,500.0
8065,100.62495541726243
8066,500.0
8067,95.8940676053667
8068,48.62473620591628
8069,498.08631447396397
8070,167.20861098100391
8071,154.70762655766083
8072,122.36130162272505
8073,452.3014806134373
8074,55.57002638050954
8075,422.33141182286613
8076,63.72117670031942
8077,49.80000145722953
8078,449.1162713482528
8079,496.29548458484146
8080,355.1729504847426
8081,397.7412449459948
8082,329.25941540437265
8083,444.97840762177066
8084,499.5822387601586
8085,388.26889836839393
8086,75.35733207569393
8087,123.19929084671075
8088,48.74127778113126
8089,144.54587630628535
8090,495.97668177376556
8091,342.59978226680846
8092,60.389985640612565
8093,499.47282849787615
8094,129.92212837862868
8095,56.44574759014441
8096,58.82573638118973
8097,103.63192207645406
8098,412.0452493951318
8099,173.73234986895184
8100,214.48971747924674
8101,112.10361379321942
8102,196.86602450202798
8103,218.94766090496768
8104,69.66692434558112
8105,499.41203081058075
8106,104.23973494056602
8107,147.4369490739875
8108,498.33492721493974
8109,495.0503554357361
8110,496.5058865605315
8111,279.4687349648796
8112,460.49790268019694
8113,83.74201060055177
8114,500.0
8115,500.0
8116,56.637364437730795
8117,500.0
8118,500.0
8119,74.21356392786198
8120,123.03266047389552
8121,496.83098169917247
8122,227.51527526260097
8123,126.12426431356016
8124,105.20300596048331
8125,206.53741497063447
8126,485.08670964741566
8127,388.4364000578109
8128,201.2684078626014
8129,69.09831512422588
8130,211.76085000176164
8131,126.58162340928884
8132,117.33218390505641
8133,151.89511405286189
8134,177.5571817523221
8135,458.8578632081342
8136,260.2320447636108
8137,51.955449820075
8138,340.52038303399127
8139,49.75010312930604
8140,461.6546581343085
8141,496.7710100586479
8142,220.12560115961776
8143,347.7994446395565
8144,136.6945168967555
8145,52.21506477163301
8146,481.6793062840039
8147,498.0519315800259
8148,500.0
8149,173.51010527365327
8150,498.6548726482201
8151,456.5025651968242
8152,419.4302064882031
8153,282.5608706658424
8154,499.28264776740826
8155,55.966630565709266
8156,51.875782048663396
8157,326.1690205164866
8158,498.8869860054933
8159,118.10933923637012
8160,73.07689315300578
8161,129.89747717427917
8162,500.0
8163,409.75594102344945
8164,496.7809565151757
8165,113.37117563037282
8166,500.0
8167,318.3324771947374
8168,269.76842870628934
8169,111.54555965926625
8170,51.311900534443865
8171,55.2950875562927
8172,497.810488069718
8173,117.27981699572877
8174,202.9010241448948
8175,456.43473059461667
8176,58.73374177423878
8177,213.70978498974492
8178,78.14909194593992
8179,282.2403960475092
8180,495.43159275655455
8181,495.33118040766163
8182,150.16112623504134
8183,127.94915980471757
8184,484.7293529500098
8185,114.26569452408134
8186,169.2521905032929
8187,280.32094787848996
8188,462.5405536295183
8189,254.23367825255139
8190,137.82635626544814
8191,73.10802292413791
8192,196.04209457173866
8193,60.865103029670195
8194,59.149483291052164
8195,59.65500356569056
8196,345.13497364162424
8197,85.91526720239345
8198,55.891629075648595
8199,379.87401652973534
8200,499.4260437423154
8201,194.66402912710748
8202,445.730106371946
8203,56.391720146574315
8204,245.13237783513858
8205,366.67331475456785
8206,500.0
8207,178.04335542609977
8208,462.40708482395235
8209,419.4703445099766
8210,489.0504058309948
8211,157.19452362620692
8212,123.58319755696189
8213,96.84448903959526
8214,301.63537750153057
8215,225.09665288997064
8216,148.13465989073637
8217,121.84748744289922
8218,189.82197089755977
8219,498.4964189105076
8220,498.1777788796883
8221,286.94273202904617
8222,98.49623807782285
8223,500.0
8224,98.11834356523323
8225,341.3222297714977
8226,186.22051835110238
8227,360.0719999243353
8228,406.74389680690734
8229,488.60025183601545
8230,103.18832642331887
8231,61.217284512250764
8232,63.03199341345339
8233,179.87465852018224
8234,57.73331024423413
8235,74.6939477167852
8236,436.70777055610586
8237,296.14228024987676
8238,112.6466481982504
8239,342.7769481315348
8240,133.04135260233167
8241,151.98488005551212
8242,500.0
8243,331.97855880019085
8244,182.54153139044817
8245,456.6512689378164
8246,488.9919827383376
8247,57.14010020486107
8248,383.65852247881253
8249,207.78054997533013
8250,400.82832338806094
8251,499.55466299936757
8252,270.12419051761964
8253,100.87884613592215
8254,349.7378443708687
8255,264.25539995823965
8256,52.955690363475384
8257,189.513293207782
8258,198.53291261660104
8259,497.6836904253514
8260,204.3533196774633
8261,499.855692661249
8262,413.70554032454675
8263,422.1913247073285
8264,499.83010182250814
8265,500.0
8266,500.0
8267,402.4571986954261
8268,280.9143745756785
8269,500.0
8270,500.0
8271,445.41144229478095
8272,276.3817169983254
8273,497.81235642029804
8274,47.81847495537708
8275,500.0
8276,496.61411251235324
8277,50.690073275303575
8278,205.454674933038
8279,389.5055255962563
8280,191.60076246963197
8281,185.3007638129203
8282,50.234905392585496
8283,54.32476916892015
8284,57.087917402702004
8285,71.31029303443813
8286,182.15387129449107
8287,105.20590897964675
8288,499.3205163039348
8289,186.82828396084665
8290,110.63574766237758
8291,462.87080847942605
8292,184.08214616225584
8293,494.50920709114087
8294,500.0
8295,500.0
8296,59.4559752521497
8297,229.0273009685692
8298,62.680471736405835
8299,436.36720193157623
8300,500.0
8301,500.0
8302,343.28835751576673
8303,341.6933257772869
8304,97.08802513286447
8305,64.63117561254968
8306,489.9929933849729
8307,355.94632534625435
8308,99.57483780916354
8309,80.34523247683038
8310,46.44385557438315
8311,55.260123788905
8312,106.69922859072683
8313,315.6469362228239
8314,499.19070965158323
8315,500.0
8316,251.47377423731012
8317,495.25444252994384
8318,274.8570001373725
8319,69.8737210687847
8320,492.8633423354467
8321,56.92163957846614
8322,500.0
8323,458.8954352155441
8324,144.36782496605414
8325,61.97347212126894
8326,471.5440026206205
8327,57.641915798446234
8328,388.07861813900695
8329,54.13609337048893
8330,353.81736990726654
8331,246.02189651588958
8332,324.15130334120386
8333,163.27922103401124
8334,68.18162234146146
8335,274.63713790919036
8336,234.91487067473327
8337,56.23092037159681
8338,472.8691286939661
8339,434.39835486578113
8340,435.3393991549915
8341,204.09384427740108
8342,471.2564880469554
8343,499.35134765150434
8344,184.81575483534502
8345,56.03243253157369
8346,177.27475549016495
8347,59.42292870149194
8348,499.9962731856107
8349,292.83244022412254
8350,499.0989142270291
8351,107.6738539516355
8352,276.7264142394017
8353,496.904913418693
8354,164.39000958284797
8355,464.7010425220524
8356,473.61457754646125
8357,500.0
8358,499.70412200597013
8359,464.05497341607213
8360,500.0
8361,343.388510929896
8362,476.5283307581851
8363,192.18489315268093
8364,214.49890174081688
8365,500.0
8366,485.1681404494814
8367,188.8531526957952
8368,143.14910483571452
8369,56.55823800187795
8370,122.2959267385211
8371,499.22560232820695
8372,104.70885323245724
8373,300.22115103665095
8374,499.1086998467064
8375,179.10272380203833
8376,486.47416724424875
8377,471.9929394839651
8378,121.68773685562694
8379,160.61163290774144
8380,78.00909692590355
8381,340.01627768059615
8382,244.24088277994122
8383,147.42092529095478
8384,146.85365336249015
8385,72.93962370688445
8386,355.65648819465036
8387,231.1172327278332
8388,447.58244023578175
8389,97.90890370177448
8390,177.93769799026575
8391,75.1670830781972
8392,62.24169471353257
8393,498.91389216135883
8394,248.1392034490219
8395,486.9131612742247
8396,173.006747157599
8397,276.1123313221075
8398,436.49959352842757
8399,500.0
8400,142.1720842118844
8401,122.08839891142502
8402,48.65497988477113
8403,499.66429831954315
8404,479.55350624177686
8405,386.5182831669432
8406,282.15049399911
8407,275.658376274373
8408,197.9237447845095
8409,59.62004735272262
8410,383.0701635205756
8411,344.4725243037357
8412,197.43828569193528
8413,409.9061983583807
8414,500.0
8415,331.8924753969686
8416,458.06608804910854
8417,500.0
8418,323.679701025893
8419,499.5422636849796
8420,285.78122598801565
8421,157.78530000867346
8422,439.1099644783352
8423,111.2004555556547
8424,53.35743122122132
8425,128.0062947862455
8426,138.84448370736854
8427,430.36598957185555
8428,83.69883096684477
8429,433.4164610862565
8430,56.13351693718915
8431,237.06038617098784
8432,58.095646544952274
8433,57.56265163602084
8434,306.6698752302221
8435,394.77420897747714
8436,98.7838563634224
8437,500.0
8438,99.51692922252698
8439,497.9370183921454
8440,439.0991341114832
8441,340.4494682809871
8442,486.93255959367156
8443,500.0
8444,189.79706869972875
8445,198.80457841439141
8446,484.33809785851565
8447,114.09414831338279
8448,204.7701727686512
8449,133.16558649698806
8450,125.361817434545
8451,48.99908386814778
8452,111.2315676895279
8453,52.65491139144397
8454,72.86821971686155
8455,141.75894636332237
8456,48.55034613084186
8457,407.0093088188253
8458,58.82825369546539
8459,491.4515604991997
8460,204.80315539630874
8461,98.34692719886453
8462,349.0888546887577
8463,356.9012319453808
8464,456.2395582138166
8465,406.60584713391574
8466,107.52076429427548
8467,355.22511251134864
8468,370.63866020048476
8469,96.94034633209574
8470,500.0
8471,101.70569928948966
8472,123.80971423216522
8473,329.5143829755561
8474,484.14585661424167
8475,143.04112482923094
8476,435.56118550938925
8477,371.00871252302727
8478,105.22965862337415
8479,361.9354748605326
8480,500.0
8481,128.50388534292878
8482,425.80046711958266
8483,286.7086639957336
8484,126.69601364928369
8485,53.192673861763254
8486,474.17106170369016
8487,428.48746536590704
8488,331.9326887837269
8489,452.92119793754034
8490,110.18255717203276
8491,74.1754822072435
8492,114.9147374324337
8493,332.23844708081
8494,500.0
8495,103.74396646912308
8496,500.0
8497,500.0
8498,55.464244188859915
8499,55.28533303751882
8500,175.87952410146033
8501,100.14474358009676
8502,52.893050874172225
8503,498.2257074306656
8504,256.8714509037528
8505,100.89782238051066
8506,462.44888218638016
8507,81.490118817622
8508,67.744414650919
8509,494.29179538155194
8510,477.76453190096834
8511,64.51089098707963
8512,68.07920593435385
8513,416.5182273401176
8514,257.67819589462795
8515,143.98051453696456
8516,180.5808618588544
8517,215.88502891603758
8518,271.89116163629575
8519,259.50296994828693
8520,496.4976717278911
8521,212.7410196407896
8522,58.967920786952604
8523,178.12206691026293
8524,498.56758214584727
8525,58.38978236796622
8526,489.2082209882868
8527,399.86975186859945
8528,63.90336159694624
8529,498.6626246191939
8530,134.7506786124945
8531,127.44077394439435
8532,112.2873021246045
8533,57.24696187311552
8534,63.241370472584705
8535,498.951386388596
8536,107.7098500195515
8537,497.8382145291723
8538,424.6328126833066
8539,127.90849594845795
8540,376.6854108529517
8541,491.80091396790635
8542,58.861062860949595
8543,58.025772178456165
8544,254.09435920431997
8545,453.86120831664994
8546,490.864284577896
8547,201.1136651393606
8548,398.55856783866375
8549,285.4093398999827
8550,264.3152643941283
8551,52.327127287110486
8552,499.9891332960094
8553,57.907893917668034
8554,53.65966233749705
8555,476.04107958073416
8556,58.98496523123271
8557,419.61753756468954
8558,69.57154916530489
8559,449.5581922245485
8560,101.39687428811558
8561,469.16899155011544
8562,57.28962505301122
8563,127.83718075692359
8564,499.23937097819106
8565,492.53191540227795
8566,433.8360522494589
8567,500.0
8568,483.006960800766
8569,86.01379470414984
8570,55.89441413155366
8571,72.7234372951107
8572,94.89250412083743
8573,471.88418595851044
8574,162.73024600408837
8575,107.35059997977547
8576,169.75114317386155
8577,267.03227678299254
8578,500.0
8579,101.90504963914617
8580,499.93727859821877
8581,71.82836983680122
8582,58.24665076395987
8583,479.84941139262696
8584,465.6355024310701
8585,261.20478768710893
8586,107.02045474640451
8587,486.742676938033
8588,113.2469843195498
8589,132.77230952439402
8590,495.1913642370059
8591,466.6903008854948
8592,500.0
8593,70.9796652436363
8594,496.04861212530136
8595,428.94327829622375
8596,499.7424453200755
8597,277.3876110315093
8598,188.6774617501413
8599,408.7119655645366
8600,167.25217376106224
8601,205.01552348824663
8602,500.0
8603,222.17476499753678
8604,73.66535136823481
8605,133.3578855428912
8606,129.22589311289417
8607,500.0
8608,79.94151008357184
8609,387.32699915366743
8610,352.55258803845345
8611,192.15385982473958
8612,56.95172102488614
8613,162.2760988831259
8614,478.7572424595734
8615,172.84736757139558
8616,483.33601627943546
8617,57.45751140376847
8618,166.3859953444366
8619,51.808159738484214
8620,58.43834773547581
8621,74.08887557438347
8622,71.18455446813674
8623,434.7153378586993
8624,198.6152450020304
8625,58.60742267942538
8626,474.4838344593808
8627,139.34176032225105
8628,482.7838125967625
8629,61.879601041865456
8630,500.0
8631,474.38014245928287
8632,413.97346485829485
8633,98.38619863421437
8634,121.24173051484821
8635,279.390979800555
8636,52.84172147074976
8637,497.6176198262958
8638,452.2985103579644
8639,500.0
8640,59.51409767237533
8641,283.72513360724855
8642,494.5647439024161
8643,110.89404918387757
8644,162.8420546782872
8645,498.9309370895341
8646,88.29861697614666
8647,276.62837101602094
8648,500.0
8649,129.3878711448944
8650,62.97676990672398
8651,213.7784423956351
8652,139.53581409804082
8653,499.4326410152553
8654,459.5415341915509
8655,497.05142960272144
8656,192.85501120298187
8657,146.2359379464171
8658,55.38280464500599
8659,110.11669399561902
8660,499.1464375647022
8661,493.78244887514563
8662,487.83564498888006
8663,105.7731131059699
8664,114.0949880780314
8665,180.15627663207013
8666,145.8337584123161
8667,495.7121144746394
8668,152.79921635018664
8669,184.18603538204889
8670,339.4888178750124
8671,260.7742748465961
8672,420.475421580201
8673,107.48195922530054
8674,102.92806471840046
8675,100.19144565570146
8676,279.94451510538573
8677,493.534571463877
8678,173.35198014287766
8679,500.0
8680,319.8566390439531
8681,494.46399935715715
8682,480.565020440122
8683,96.39784938935614
8684,500.0
8685,50.012257352675164
8686,497.90306377024467
8687,132.7735097537197
8688,471.7985225703939
8689,141.45992943266938
8690,262.396802907988
8691,500.0
8692,418.0815741145432
8693,500.0
8694,105.59039876722426
8695,500.0
8696,473.9838872648405
8697,499.6026664179693
8698,113.83815606647812
8699,301.8444014483507
8700,267.5559690955543
8701,57.86599664661214
8702,345.6615975855838
8703,499.95775364308514
8704,494.9766360668288
8705,106.39110091381013
8706,494.8968366752807
8707,220.1783514486615
8708,450.9698659799399
8709,459.3499260316621
8710,123.44782616236114
8711,107.0759470508849
8712,138.0366642519432
8713,202.06400657737439
8714,99.73115740776446
8715,401.9032663401237
8716,160.61861733582427
8717,182.7928965536378
8718,499.14974108138216
8719,60.09283784074499
8720,433.7603058842658
8721,114.18304146836286
8722,467.9709549204309
8723,207.5102973830343
8724,121.2831292175786
8725,497.7354764836837
8726,485.0496707545534
8727,114.62709953356119
8728,500.0
8729,338.1854815866789
8730,72.47168716532876
8731,499.7806989536091
8732,112.28226993908447
8733,181.02806455002113
8734,499.8110624428242
8735,479.905532642105
8736,431.79397097822124
8737,134.7071831885479
8738,55.67156282407669
8739,63.58767657678966
8740,321.38820847225577
8741,359.75913791357135
8742,273.19988152392847
8743,53.384312757572644
8744,459.4868510913717
8745,138.40002058902746
8746,64.89684526722428
8747,420.0096260612942
8748,72.57032639405423
8749,331.76241690079485
8750,48.2897681463196
8751,421.86418642947785
8752,484.29667680775674
8753,47.66346511669286
8754,110.77852934103582
8755,493.8830149181904
8756,383.3905156819447
8757,50.40780734882961
8758,53.408314064883996
8759,149.56939990168107
8760,75.47023484483589
8761,288.24073067078865
8762,318.1057566254568
8763,500.0
8764,56.1052237878265
8765,409.2718716306888
8766,500.0
8767,73.83696132009872
8768,56.82270951196395
8769,473.7004732124017
8770,67.76622057900323
8771,99.87111336948243
8772,297.5316233414652
8773,59.61622597350026
8774,110.34386428740869
8775,309.4948780536273
8776,105.184041187888
8777,493.40161195923883
8778,72.85448241116488
8779,467.20827079734835
8780,494.8026988709863
8781,86.7329914815218
8782,439.2801690703533
8783,143.13771055104604
8784,497.34408881268365
8785,53.02966852396999
8786,82.96118398809003
8787,204.74221467008238
8788,57.54171776314951
8789,133.14285785932148
8790,477.0604652371096
8791,116.88906929826979
8792,498.9950930186897
8793,498.0163037040586
8794,311.54412490213736
8795,500.0
8796,500.0
8797,103.1447852383377
8798,139.31273485791513
8799,324.2740089889743
8800,130.11605023170958
8801,492.0279260891124
8802,310.10574585049824
8803,436.342919200966
8804,158.52405027553664
8805,396.8214441265155
8806,499.42776079044336
8807,104.04789272588388
8808,75.06770899528587
8809,380.7340413401256
8810,277.0387204875347
8811,52.24216890017732
8812,198.0863687163294
8813,500.0
8814,241.80764880279722
8815,500.0
8816,281.693426010795
8817,500.0
8818,111.35858167343508
8819,393.7877138035941
8820,56.24359620182989
8821,497.35588647736483
8822,499.7345423066981
8823,59.44265425767928
8824,493.5974660409647
8825,442.2432084904771
8826,498.1581626256323
8827,340.37174119666327
8828,58.29188937940243
8829,54.103927334337925
8830,409.9112903490661
8831,326.69536866376586
8832,289.8278802520637
8833,497.94029265561244
8834,500.0
8835,173.19655866072202
8836,327.58989293309077
8837,365.3402353341158
8838,69.56289655837088
8839,100.6174800370643
8840,500.0
8841,500.0
8842,147.0137020813954
8843,131.1655048387234
8844,49.9058623323987
8845,73.62892867773287
8846,71.39750644648171
8847,59.84379260083096
8848,492.61634824029227
8849,499.4089844888789
8850,340.2274838009654
8851,131.4788998484586
8852,152.44991349527663
8853,59.37190207868794
8854,500.0
8855,494.40628547804465
8856,125.76688491521453
8857,485.60243780696874
8858,291.3624254288098
8859,109.28430610569468
8860,101.38214624877227
8861,482.92467182041815
8862,447.7746242267228
8863,500.0
8864,497.9069693772541
8865,133.38033972360017
8866,443.7101752444015
8867,132.98204491314698
8868,120.31509505037005
8869,166.4390124708549
8870,500.0
8871,421.22920941322667
8872,196.68875829535136
8873,62.96261790673699
8874,500.0
8875,336.36506932427227
8876,137.73700574847433
8877,142.71657475041172
8878,133.21915091650527
8879,491.63735492211333
8880,403.58516720261105
8881,465.65654596565844
8882,498.6670326178628
8883,354.35459173571473
8884,122.21576149475132
8885,498.3828547897416
8886,92.3326804302124
8887,449.0076430543299
8888,479.4919430973686
8889,54.88421947910968
8890,500.0
8891,500.0
8892,500.0
8893,337.30350600678435
8894,51.990247704109045
8895,433.832390551658
8896,123.6250702506976
8897,119.58677775661018
8898,198.4573936334468
8899,497.90161806934464
8900,406.3491314820323
8901,58.818950346230395
8902,498.9273208191406
8903,106.08425977631029
8904,500.0
8905,448.726051456698
8906,331.51217412715164
8907,460.74266708155074
8908,283.2242791478201
8909,70.38795339785104
8910,102.697648177929
8911,500.0
8912,500.0
8913,443.4044020013059
8914,500.0
8915,110.93465262909643
8916,60.96583360607134
8917,117.34888625856206
8918,334.0850302705011
8919,357.9683591763986
8920,114.87881012679831
8921,58.64958361682864
8922,436.401826400816
8923,59.7925076155241
8924,159.0590060688395
8925,149.96459668461335
8926,418.38485961917667
8927,468.35613362372
8928,393.27951518786733
8929,462.5977380516664
8930,61.23124547620131
8931,464.62123168449455
8932,302.54133739758817
8933,250.66161798130867
8934,460.75686723526087
8935,499.7731741127303
8936,500.0
8937,53.89166966859578
8938,106.22662227399158
8939,345.0017477375062
8940,187.51442254434022
8941,114.82120380560734
8942,500.0
8943,489.1272927738347
8944,94.47304993988101
8945,296.519705830958
8946,75.63587108527354
8947,340.44838303141273
8948,329.49694840205154
8949,456.37882344484683
8950,109.13905162173532
8951,498.0305940013443
8952,134.8595241544156
8953,88.18779232585375
8954,152.01369339478504
8955,60.133856159777054
8956,355.7625259121125
8957,161.72104818075962
8958,459.2116095001214
8959,490.54329278768756
8960,363.373448780264
8961,499.20185676617984
8962,500.0
8963,497.03374070789755
8964,451.7267167680478
8965,471.8793067592923
8966,449.85504002464074
8967,115.23790609454011
8968,498.10153862213735
8969,498.73040995840245
8970,445.06480661713533
8971,55.954693748171984
8972,57.456242475093404
8973,493.23027770594024
8974,499.06253059269045
8975,499.84024789000074
8976,499.620255833181
8977,264.8527754991041
8978,500.0
8979,396.6226962684849
8980,107.95129259606247
8981,434.72757677241566
8982,153.57225566265345
8983,90.6661211684938
8984,148.704103998742
8985,195.41784904819622
8986,123.82505160128565
8987,500.0
8988,97.53166028712792
8989,500.0
8990,58.97248365912509
8991,112.2604844298179
8992,106.06352177582939
8993,69.58769588231577
8994,500.0
8995,156.13307878612366
8996,172.03667208492826
8997,340.4876270282857
8998,500.0
8999,479.6856239027467
9000,500.0
9001,500.0
9002,60.039390304476896
9003,329.3267876802108
9004,50.86755509579113
9005,132.33823682693014
9006,192.01891182823138
9007,104.15926771748678
9008,454.80865006692346
9009,100.24147225881967
9010,457.98118578353393
9011,193.37914333726752
9012,60.12250534068426
9013,440.4879005140413
9014,415.3845654013362
9015,220.8269878593328
9016,141.22783363275877
9017,416.4176132628133
9018,319.375795902632
9019,497.77360872548047
9020,460.74604423719495
9021,149.72364622532749
9022,500.0
9023,496.2923595054343
9024,137.40532264818745
9025,499.4040427791268
9026,493.7761841533305
9027,318.5026988053968
9028,500.0
9029,61.452167868342485
9030,97.41235756635936
9031,101.11756588189678
9032,447.08574276899833
9033,103.07135569759981
9034,171.04947072998272
9035,491.0279171292475
9036,317.86159299210374
9037,252.054582782318
9038,414.0257693007403
9039,259.5759185025021
9040,206.05252504170704
9041,198.99216001038968
9042,455.44561965108153
9043,338.5917498486126
9044,418.66240910640977
9045,331.3854509526955
9046,133.8822402470656
9047,500.0
9048,468.375682837238
9049,109.86346508484398
9050,296.3704108840416
9051,358.50481723448047
9052,142.93520001621093
9053,113.46196578942157
9054,391.2855992672987
9055,62.571729321150514
9056,479.2348603110217
9057,352.20836351004334
9058,350.4021287654495
9059,340.8978431314686
9060,187.66429609513742
9061,163.09880284230465
9062,500.0
9063,482.3718636655484
9064,491.49688426874036
9065,136.7012281792322
9066,56.060969510177216
9067,500.0
9068,444.95641788186475
9069,103.21933234757566
9070,300.92210686776906
9071,496.67470036491676
9072,75.74770039261543
9073,498.7170897597033
9074,173.3624625061822
9075,500.0
9076,75.76146071920468
9077,463.9040728382295
9078,110.0312900350865
9079,500.0
9080,349.4096246544324
9081,56.028193216810024
9082,197.37060453680385
9083,131.28827918171186
9084,302.80087387839626
9085,499.9422409079517
9086,188.53919008260053
9087,483.36871760100314
9088,124.66375298172503
9089,60.9548322939954
9090,256.6531890947625
9091,498.4774485231918
9092,351.8743924922376
9093,499.47205257517084
9094,479.7418818497821
9095,499.98286197805004
9096,181.40150780751134
9097,61.135371942063955
9098,500.0
9099,123.40375608954184
9100,63.829001027637695
9101,499.129994639706
9102,355.442479357335
9103,274.80984713471406
9104,446.92227731347134
9105,353.3566440749742
9106,475.28734091134055
9107,500.0
9108,104.21881719256871
9109,75.02200493501901
9110,499.31438138708154
9111,55.17680394896629
9112,196.6215700765366
9113,57.851814907842964
9114,70.78875982530475
9115,110.61216273772406
9116,179.94355250039598
9117,490.20021586620794
9118,405.79456119262875
9119,220.19651371228844
9120,330.52900729981513
9121,217.2985388807599
9122,477.8894312050228
9123,152.94266639318616
9124,486.43037804347045
9125,62.311332190223155
9126,498.52304522434724
9127,50.90566384322722
9128,336.64585542298187
9129,174.37833370737272
9130,73.50417315432583
9131,53.120251321918246
9132,47.941631493407115
9133,50.4224556741506
9134,218.8450523483582
9135,169.9199924778378
9136,470.48449254046926
9137,496.98465482131064
9138,500.0
9139,499.4458192332552
9140,82.32859453079064
9141,98.16791102878733
9142,336.5269698068176
9143,347.84680867938533
9144,141.37651067235987
9145,116.38963131882093
9146,500.0
9147,64.1821255591272
9148,343.9289378300759
9149,113.84010488218888
9150,202.55339773750688
9151,60.2771769776087
9152,189.8366788205416
9153,71.16925115595848
9154,103.56402859207775
9155,328.90638210241514
9156,163.51295752953564
9157,499.32076595934694
9158,154.51780402547715
9159,116.51292628724082
9160,498.2537802177502
9161,485.95836545577475
9162,500.0
9163,60.88301694205414
9164,492.89676945074274
9165,500.0
9166,283.2705808461807
9167,141.70225511387355
9168,373.3999995067507
9169,459.2641531650489
9170,181.65484787662297
9171,60.95770938165158
9172,457.78718763748975
9173,56.51567568371309
9174,226.8326211276725
9175,310.1732941702637
9176,109.59728387954215
9177,500.0
9178,306.2493538654019
9179,186.71137908121935
9180,356.94551138258663
9181,76.85833157202174
9182,268.5866720262885
9183,111.0920045120665
9184,138.16397794859785
9185,105.94320797925911
9186,500.0
9187,488.1328327775242
9188,58.42286423330262
9189,500.0
9190,110.49985158068574
9191,52.69417331953118
9192,111.45685474702701
9193,211.46737168331686
9194,63.90156069974451
9195,57.043671226192814
9196,499.75456188572105
9197,463.1143680429004
9198,100.19059904214558
9199,462.3888179942142
9200,66.8453753672779
9201,262.5524979267581
9202,426.1135699716191
9203,162.96372733827025
9204,113.72030699359723
9205,500.0
9206,58.4880036056981
9207,52.005756466191194
9208,247.85724616534944
9209,50.02690146671317
9210,60.37846865521195
9211,186.1992347407131
9212,102.0151476734411
9213,149.12476664116696
9214,57.41937981045708
9215,59.9758193893973
9216,175.45285132074596
9217,135.68564009677888
9218,500.0
9219,69.11256108579892
9220,62.00521906333235
9221,128.99943627414518
9222,120.85564695623763
9223,500.0
9224,322.60420007543416
9225,416.5119729240555
9226,400.8702776182341
9227,72.63278172346298
9228,340.3101346389939
9229,272.1153385800298
9230,259.45057335178853
9231,160.65110679934403
9232,496.6786722331801
9233,442.574538197405
9234,500.0
9235,53.63522102803043
9236,291.60907858275334
9237,418.0832447402789
9238,239.75158534619962
9239,362.8475436039949
9240,130.5059892410613
9241,343.24623575324676
9242,67.3582184266071
9243,500.0
9244,63.64035552277596
9245,55.64656496485797
9246,322.51555840023104
9247,484.7108696096056
9248,364.7457248081115
9249,108.64550085357669
9250,499.2628437091345
9251,133.51901248732287
9252,99.99456154807069
9253,51.685551149515575
9254,108.93565317497564
9255,130.13023450602554
9256,103.9497002812341
9257,127.36800021469422
9258,482.75509132382933
9259,127.76951400193462
9260,54.44196994502221
9261,478.0927789788076
9262,66.70609186080287
9263,500.0
9264,131.85818173594083
9265,390.90354730645805
9266,109.37994468634557
9267,412.1693885101553
9268,53.58295138513401
9269,56.782017013804825
9270,265.99490696727105
9271,288.77798819305997
9272,500.0
9273,332.7100437950411
9274,139.1427355279502
9275,57.19611805471514
9276,282.41367263965105
9277,95.2020647625412
9278,62.228405899488706
9279,458.60393499586655
9280,82.08930232530696
9281,498.1358836130387
9282,57.42036204795728
9283,112.34212173113335
9284,192.5856797227475
9285,430.4817890251701
9286,280.65053885518256
9287,497.9664202633585
9288,269.82957350718556
9289,465.82655916393355
9290,102.67888001055069
9291,57.281047007934085
9292,406.41245719859126
9293,367.56481053301195
9294,302.4112116603232
9295,147.92184812394754
9296,499.82037920221296
9297,345.7224384798463
9298,337.98799390668347
9299,344.9401952268404
9300,97.44547432192947
9301,390.08637765430683
9302,322.990773805039
9303,53.41658922343626
9304,410.65172584700133
9305,282.952673889126
9306,50.98544112741961
9307,426.63572243847284
9308,499.11062567142073
9309,58.761367500619755
9310,442.6917434870894
9311,129.17749906485562
9312,495.99192247142423
9313,450.83817578038764
9314,500.0
9315,190.70260347104448
9316,466.46719420450734
9317,277.1150173537202
9318,104.8518914111271
9319,500.0
9320,60.7133217147731
9321,123.52826532001725
9322,291.0403476048009
9323,110.08991130295587
9324,500.0
9325,324.38198194801333
9326,423.6432297684818
9327,397.4404353672544
9328,114.25265445080048
9329,179.73199433168068
9330,431.9291722564278
9331,129.17710642132997
9332,57.97271665063576
9333,500.0
9334,302.59832344243824
9335,499.3195813265811
9336,98.851938687249
9337,477.9363186296746
9338,500.0
9339,422.91324136548883
9340,455.1184519059975
9341,499.17089555890004
9342,99.34142477417913
9343,55.81369274331465
9344,98.06006693954136
9345,500.0
9346,467.62599473274906
9347,166.77124963100488
9348,76.0838726470466
9349,47.57105334787752
9350,79.81837252469613
9351,393.353894808497
9352,58.41828767313568
9353,63.20614519457571
9354,497.84050878863025
9355,341.21419277980135
9356,72.56977256706234
9357,345.1378773440249
9358,132.8079787606424
9359,247.33111221881848
9360,499.78299613377385
9361,264.687285205225
9362,468.0501267845435
9363,116.50200959539748
9364,155.09909944190548
9365,122.13129338026425
9366,133.88476277540963
9367,70.69987782842914
9368,55.20331905761664
9369,50.60662153755217
9370,462.94985474980183
9371,293.546884916441
9372,302.96900892366887
9373,145.69940375136048
9374,72.75748083644716
9375,209.6814299440806
9376,51.8947522860549
9377,107.7997541571925
9378,47.5169264122933
9379,500.0
9380,105.15032234313512
9381,454.61272948728566
9382,52.155551413760435
9383,73.16033546071534
9384,486.4945283927452
9385,192.2551604137219
9386,60.55482512999967
9387,114.14743018338196
9388,319.6193279363268
9389,187.54860960452862
9390,323.13334361036414
9391,194.53024411724635
9392,144.59230501408945
9393,499.43742019673914
9394,482.48287193947914
9395,500.0
9396,183.62069719938833
9397,174.60154438755035
9398,188.82069353132815
9399,59.81807864057373
9400,211.839914262871
9401,475.9991446904935
9402,105.42442378721472
9403,50.49383960056883
9404,176.9801857933153
9405,499.76913660296725
9406,439.1746934462067
9407,71.0082117341759
9408,94.96552760099785
9409,342.23695997163264
9410,436.7948157456849
9411,140.23516039289728
9412,498.998838549884
9413,143.51543592378547
9414,490.26994763829185
9415,328.100122352061
9416,88.39545866819452
9417,50.79769550035606
9418,144.96050996811658
9419,498.80878213500966
9420,88.84840544519636
9421,93.68077335974289
9422,161.9437725812424
9423,89.03640563290776
9424,178.9241887878604
9425,130.3823600267154
9426,216.12132090983178
9427,214.49303200021126
9428,500.0
9429,49.72015664489475
9430,442.05139205842147
9431,500.0
9432,186.92345562255727
9433,52.57175760555984
9434,76.46144726197265
9435,102.3899883918647
9436,500.0
9437,498.9516973970059
9438,75.28043687123022
9439,51.47030554697825
9440,55.87902803551921
9441,447.5756653518009
9442,498.91285385570967
9443,496.3672077970061
9444,135.46289882656458
9445,499.23300249160366
9446,105.5114078358974
9447,173.0933024048027
9448,499.027159147363
9449,500.0
9450,496.33405758201354
9451,254.8324768838757
9452,417.64346821768027
9453,135.9542735140531
9454,77.1974155049265
9455,59.486362155110996
9456,63.75916561711404
9457,141.5957135031399
9458,499.1414782652618
9459,406.62538474837834
9460,500.0
9461,59.42637693477117
9462,41.57900793864329
9463,365.38052680551857
9464,266.18002385385716
9465,58.25792075842352
9466,146.81111397667132
9467,115.84290093227807
9468,75.09962344896033
9469,263.63093740153676
9470,439.4092118063814
9471,499.59182579867473
9472,306.43415088479674
9473,500.0
9474,60.4076394812572
9475,499.86857308367735
9476,424.1043069883675
9477,500.0
9478,450.82749693460255
9479,122.97488126314732
9480,500.0
9481,120.73140777786278
9482,58.2106052488274
9483,345.17980110922764
9484,174.48753199516653
9485,194.61669027031508
9486,469.80736080078935
9487,158.85217183363403
9488,499.61934269825326
9489,486.61008643034165
9490,500.0
9491,483.84683016173096
9492,499.8813787039461
9493,204.85437432471193
9494,62.52956276938099
9495,500.0
9496,139.38801057017636
9497,119.62600660704709
9498,302.69530200104316
9499,471.0354620804196
9500,208.67943049496859
9501,112.98883479891987
9502,212.28650417458607
9503,55.79617119773817
9504,126.09359508104961
9505,90.30356371219476
9506,50.71057978608147
9507,58.45532533226954
9508,482.5847408537071
9509,491.54666178574297
9510,395.1272826618517
9511,480.2114702960841
9512,487.8256176539259
9513,55.30412569062108
9514,168.76681314656102
9515,500.0
9516,412.84647402483097
9517,56.099585884619856
9518,368.5203577709867
9519,72.94332137619955
9520,432.6845347189784
9521,454.430714015052
9522,239.53230022340716
9523,496.10973565491776
9524,422.4575516729759
9525,500.0
9526,500.0
9527,57.07246909688669
9528,500.0
9529,57.93345926114024
9530,310.2437303945962
9531,221.06174672674743
9532,428.4636587580887
9533,47.699740427904835
9534,68.69449063462298
9535,294.56315739270974
9536,111.09386890305868
9537,353.60826981316785
9538,281.73096400787887
9539,460.2351706691843
9540,150.81722640967283
9541,53.172900084047434
9542,498.6581648266082
9543,60.672684708184946
9544,497.78295550164387
9545,139.79482736760076
9546,496.8921322243688
9547,94.76848411320931
9548,108.9672929816395
9549,200.13814343338385
9550,252.4955318677849
9551,110.25416902836847
9552,58.072254007218156
9553,61.96119808416524
9554,455.0493725521921
9555,499.47875762345257
9556,73.94063257218562
9557,328.97252477113784
9558,316.7195610641822
9559,405.9659957203075
9560,66.98232651279343
9561,183.46232698590913
9562,158.6805714393587
9563,320.4171260084903
9564,145.0531485154059
9565,115.89424479654105
9566,60.11713910873283
9567,274.1321672660776
9568,50.29276642981742
9569,60.415108879044936
9570,146.25840678446042
9571,58.2442990066975
9572,153.1136691094747
9573,59.723622190385456
9574,435.54660600604495
9575,278.3838183224226
9576,118.81063175584859
9577,499.22091078066705
9578,439.05761874564735
9579,134.39984250906744
9580,64.67415609109108
9581,82.06174591310025
9582,167.51558421654386
9583,339.38196440300067
9584,465.93926184909265
9585,500.0
9586,63.36744350368119
9587,60.73333064867694
9588,56.069495149722776
9589,439.87433662991305
9590,283.47709690780414
9591,276.6299193660136
9592,392.20842777169537
9593,491.4064314309448
9594,458.73429377364204
9595,54.05036992932981
9596,462.6488643163385
9597,94.02643817411271
9598,405.81191198328185
9599,499.63005971687926
9600,425.13760370119155
9601,499.4650673679391
9602,270.33953069191256
9603,495.0577234850912
9604,330.1772682875008
9605,132.7822077580268
9606,326.70152639164417
9607,495.6037775763581
9608,54.800072123271576
9609,71.72042274055173
9610,410.66058603951296
9611,58.01982611951625
9612,96.77180116960488
9613,434.97425258001743
9614,485.26959292803247
9615,500.0
9616,471.0902794264681
9617,500.0
9618,73.83284428894159
9619,101.69978828181935
9620,59.28410492908583
9621,500.0
9622,180.87401403471713
9623,498.04012181847656
9624,176.7352470535751
9625,462.1058174534602
9626,497.74942163372236
9627,499.199757446214
9628,500.0
9629,499.2906391946504
9630,331.6566653731424
9631,499.353372094856
9632,399.5076410614922
9633,103.66198458252202
9634,231.3614310880829
9635,500.0
9636,492.20588426570873
9637,139.01756246927266
9638,66.5885183933056
9639,492.74755664973804
9640,176.56865429222552
9641,52.702990099198914
9642,102.66019646239008
9643,61.74511364829614
9644,337.9546750585301
9645,494.1218681629877
9646,70.11881035486994
9647,476.0341814209549
9648,53.28026825420332
9649,308.2384241046543
9650,405.88391169651607
9651,129.46734400640779
9652,59.883387079141926
9653,53.27443783309931
9654,452.5983465532064
9655,254.75270007981237
9656,100.7402350662721
9657,291.9239580451441
9658,308.73351235213426
9659,390.2216860881903
9660,107.14155140920742
9661,491.67907345008985
9662,329.90221883331947
9663,500.0
9664,449.49306669802723
9665,491.19511474681843
9666,392.03840653613156
9667,99.38467112328127
9668,209.69949550574
9669,436.9992933242107
9670,192.15296509264695
9671,322.7435645810707
9672,458.71747577478385
9673,184.81017982609154
9674,294.69086032997876
9675,303.4731357983643
9676,46.80018779520155
9677,266.23685632422274
9678,190.8542351791208
9679,145.44734877843032
9680,335.9662483124071
9681,460.21858510508264
9682,482.44396206818635
9683,446.92298179060975
9684,494.5675437814345
9685,204.40150890035517
9686,451.3852843496195
9687,65.67646570982627
9688,107.17143728593496
9689,484.1444760136026
9690,151.1426351591294
9691,227.71844251961977
9692,270.83097992424786
9693,303.39171826615825
9694,453.43429852784493
9695,107.44745652967325
9696,479.21302560020376
9697,494.88642174000336
9698,500.0
9699,441.48770773380664
9700,349.4474704645238
9701,349.30747320100755
9702,86.86768807911551
9703,497.17694327350546
9704,284.2244933973269
9705,270.28900359653574
9706,118.13631723930311
9707,382.6880412024908
9708,500.0
9709,73.52036259300891
9710,460.0152813510455
9711,131.23488180920558
9712,445.75294490698417
9713,56.24566766321014
9714,498.89154673074097
9715,112.83912157280557
9716,500.0
9717,444.7512486786907
9718,268.0144564162649
9719,110.59485760894455
9720,301.35497398912116
9721,500.0
9722,115.75082031338144
9723,114.43620867321701
9724,177.8925277145619
9725,195.12466705897958
9726,56.11617446368637
9727,77.51111128648597
9728,412.03563702610774
9729,124.54824617030386
9730,206.50271324780388
9731,121.0536156906257
9732,365.6048723625488
9733,111.82042976884156
9734,495.9065576388308
9735,500.0
9736,475.87473995792743
9737,286.74030169184283
9738,285.31543357571394
9739,70.28382409807845
9740,111.29611428511103
9741,121.32478395080614
9742,498.56437505572853
9743,124.39280725255546
9744,498.8832348402805
9745,123.93111177578851
9746,109.12427632779941
9747,329.36331695324134
9748,415.4809169515918
9749,107.83837474963306
9750,54.899511167570864
9751,174.56555868023887
9752,410.9742706060397
9753,94.79749637833774
9754,465.25038828205106
9755,91.0208343619917
9756,260.56405726244543
9757,497.39190998494365
9758,75.37811934175033
9759,426.0846713548233
9760,79.38481290520544
9761,462.20900039900977
9762,499.3482412381984
9763,290.8119754854169
9764,82.25616885098711
9765,107.30180924286849
9766,64.34723119250677
9767,58.69930107266313
9768,70.89003597153203
9769,267.5008501426819
9770,195.61084687522816
9771,140.4025897596988
9772,160.46137957834
9773,471.05098410565483
9774,131.33821726806596
9775,61.57794475188778
9776,172.3027627558342
9777,352.92765176505117
9778,299.585328755418
9779,102.4462346656957
9780,326.76700079673924
9781,177.97347163595626
9782,379.40947349663594
9783,61.52509632812907
9784,123.99740277276217
9785,330.1597892936576
9786,68.47756405455625
9787,92.09039384276623
9788,71.29982480773275
9789,171.41383081313398
9790,137.8557361611275
9791,187.0323187509756
9792,61.05524614236612
9793,283.4942884954811
9794,376.659086151094
9795,498.8919538874208
9796,500.0
9797,135.63314537812397
9798,492.4418105438715
9799,325.4064396876822
9800,60.49289127633411
9801,60.07158168312847
9802,58.867813000398286
9803,50.79166120628608
9804,500.0
9805,441.2111980197456
9806,96.63822642100348
9807,429.9667603810115
9808,204.40092848575682
9809,443.4393898270562
9810,493.35458786372953
9811,220.26011050472178
9812,500.0
9813,500.0
9814,416.4393313341807
9815,471.4606039991796
9816,55.39040083193331
9817,445.8854003353253
9818,381.9862596150406
9819,51.82964311493918
9820,87.65058886027593
9821,78.18963387515782
9822,62.28000334704588
9823,142.68397228511975
9824,404.71630259225685
9825,132.2918717670674
9826,470.73939409928505
9827,60.62253507557021
9828,208.69746564308468
9829,407.33597687093413
9830,424.62060908666297
9831,72.10751846933738
9832,142.02361683224794
9833,499.5477278982552
9834,158.30031118249823
9835,500.0
9836,61.11197115483876
9837,56.94189547779206
9838,115.67567538419017
9839,111.87632113526303
9840,53.708221104624
9841,112.21597601161068
9842,189.52198885466353
9843,201.06984241412692
9844,307.659504849863
9845,204.19674847035049
9846,485.0839489318048
9847,267.91260467699976
9848,500.0
9849,67.86508315673561
9850,498.04239290554415
9851,448.37179444650724
9852,263.2308613196708
9853,327.3363174922931
9854,500.0
9855,52.274128336128456
9856,286.4089081106363
9857,173.82550189061197
9858,72.6128911824176
9859,456.864596689994
9860,490.62395301808135
9861,498.9482541587405
9862,192.60227103116478
9863,61.89223444125392
9864,128.67266474602695
9865,139.33836628483317
9866,498.50213853713876
9867,421.64622976935357
9868,288.0556770765853
9869,324.4864685913054
9870,460.0475005943232
9871,281.59669158763126
9872,494.29332423120843
9873,54.31899888767873
9874,440.1540815775377
9875,348.53991964771535
9876,250.14719479760504
9877,500.0
9878,59.271885523499265
9879,498.9733870764172
9880,79.19772665367665
9881,260.073367124491
9882,189.2709314711062
9883,54.879587268860575
9884,115.3966337737298
9885,180.9797836846294
9886,217.04687074305374
9887,320.1078575178195
9888,206.4874388516882
9889,131.63505342763136
9890,500.0
9891,471.0931712678238
9892,199.55867523322974
9893,499.2047209826426
9894,495.78568766211913
9895,132.06646011537194
9896,43.37186916186151
9897,65.54335174665549
9898,301.4067570957323
9899,114.87709463963338
9900,146.8042696758061
9901,451.04042423313757
9902,340.8943134807554
9903,411.2098152522711
9904,49.6429305986771
9905,392.9643865249552
9906,410.26404631092936
9907,305.4510100903067
9908,487.97909982871306
9909,132.0700699805497
9910,221.58706127658309
9911,162.1358647145892
9912,52.279948518830004
9913,156.65830034991592
9914,63.27359946119624
9915,127.80352944253565
9916,490.9997792433495
9917,260.64846659958033
9918,113.98422615064216
9919,483.0791691512027
9920,439.8070832457378
9921,340.1078144124059
9922,360.5259391008822
9923,499.9630887423044
9924,471.8960920370219
9925,68.21089761216459
9926,500.0
9927,132.42137086857701
9928,104.51721269751324
9929,499.79340936344016
9930,413.48672664050963
9931,258.63775385035547
9932,107.18979248578117
9933,302.872434343354
9934,109.4600661305429
9935,57.801570513605114
9936,499.9990616910077
9937,59.15210735427442
9938,168.48728651338567
9939,56.67926802577976
9940,272.6616012075124
9941,487.1285719940931
9942,281.36675920129
9943,279.3015213231822
9944,174.42202274421126
9945,347.8890833583183
9946,481.9704788079472
9947,73.8478321761174
9948,168.73445597223207
9949,70.52929149304845
9950,480.5082626696835
9951,346.60293326672627
9952,354.43596594921746
9953,432.1914487978237
9954,49.88203816338438
9955,120.67742031312054
9956,113.64940896430755
9957,115.8533742298106
9958,184.24743859800535
9959,75.19135310725241
9960,101.6973617502113
9961,52.73225236785339
9962,116.89286088315458
9963,210.617595032257
9964,492.46306765495194
9965,484.52359911680867
9966,351.46750740925773
9967,323.6536441435758
9968,57.392346961721245
9969,485.95332137112706
9970,347.87995384738036
9971,492.1129988336828
9972,385.76931217290627
9973,169.60611959625095
9974,300.5452104888413
9975,151.02145330207964
9976,169.26877104148156
9977,423.46968990325354
9978,144.3171897940727
9979,495.6819745755914
9980,342.72763702906497
9981,55.44997924140155
9982,141.4804138865291
9983,473.40529346985835
9984,96.79021116718792
9985,79.08245071530345
9986,252.60850007474653
9987,499.4677897025655
9988,278.5852002035524
9989,175.58592847700186
9990,133.32639402945415
9991,484.36904666374016
9992,500.0
9993,497.23590662672257
9994,103.56335915492858
9995,343.9167184554022
9996,111.58329762586158
9997,100.67930786315355
9998,75.59061698559276
9999,150.77123385576115
10000,248.0351239731964
10001,112.65548722394595
10002,246.9945019317194
10003,341.15931786510396
10004,496.0511048340196
10005,157.79133559789605
10006,425.0400230201342
10007,54.57058200518162
10008,56.548695175205665
10009,105.19205066442592
10010,96.99312523214546
10011,59.36909917101275
10012,155.5427493671022
10013,57.57433513020362
10014,463.0375832591875
10015,499.6145512150441
10016,500.0
10017,182.17777939127305
10018,466.859305333438
10019,500.0
10020,498.37258516962595
10021,172.98028179647534
10022,54.022407627291805
10023,58.830739356566625
10024,153.66688479829665
10025,112.40676498005638
10026,176.6762219140792
10027,53.06230963391066
10028,138.74528373061318
10029,202.9791527066347
10030,65.46228695555077
10031,499.7870594761872
10032,103.52548915823947
10033,240.66752416813554
10034,500.0
10035,265.4177263001967
10036,295.90036929233884
10037,426.2948650711812
10038,483.2103444715474
10039,55.71053873307316
10040,316.44674637205014
10041,98.71753359130687
10042,115.88114518191966
10043,498.2490150480511
10044,74.48597356026342
10045,362.3168984831171
10046,458.4610673658106
10047,499.2408760732394
10048,217.86357967969386
10049,461.27102877711894
10050,127.28086234759587
10051,160.29770652264256
10052,170.99867624331793
10053,172.46537105415825
10054,462.2996315913376
10055,500.0
10056,59.14993858612642
10057,95.93056699254558
10058,353.4425680440436
10059,130.95158570807334
10060,496.113077919377
10061,499.20348736147093
10062,387.63417356846196
10063,452.8996320076238
10064,58.809390969718464
10065,69.23626092000536
10066,192.6634343879776
10067,326.07657563879945
10068,450.7228466029949
10069,185.91842448511866
10070,500.0
10071,90.05808834028727
10072,499.5656298552934
10073,500.0
10074,500.0
10075,74.21944836407542
10076,56.50394382806007
10077,257.05206919317646
10078,49.71077472438324
10079,104.5441868567028
10080,190.00896848662452
10081,107.78468946367202
10082,260.6527738942625
10083,403.82541442193343
10084,327.96080983327346
10085,480.88684436014375
10086,207.9897018204495
10087,344.85256124726436
10088,162.1272622598561
10089,59.703959445187294
10090,114.41650787346624
10091,57.21697021465323
10092,73.72294015643843
10093,447.44362609301834
10094,345.71813958206593
10095,282.15971695563513
10096,469.98624262120535
10097,63.092829818075536
10098,298.30394546815637
10099,149.77421031145408
10100,401.40163876852
10101,428.8715651516126
10102,271.34600865122275
10103,482.1201774428446
10104,404.0433473755508
10105,331.0344506591675
10106,359.13347052808155
10107,499.376186739916
10108,499.42177940804856
10109,134.37453636671827
10110,57.263267867667786
10111,70.70135475254814
10112,331.99002105005815
10113,151.20511585711245
10114,366.3155124384306
10115,97.73684604819204
10116,500.0
10117,500.0
10118,491.2483924786003
10119,151.59063075158318
10120,139.5098646731515
10121,267.4510917198527
10122,201.074007532777
10123,71.63304341869622
10124,493.87950908216135
10125,188.22958142551317
10126,98.43056706794383
10127,143.38946813715756
10128,71.91495168569331
10129,175.03839602331564
10130,73.48415560204559
10131,185.5248965002696
10132,346.14541673546887
10133,273.29655419700623
10134,48.15854748282722
10135,355.977007197363
10136,94.59360234171349
10137,99.99551087011702
10138,123.32924423652366
10139,101.57737554005966
10140,465.84206561537536
10141,49.163345338622875
10142,116.46468208974937
10143,407.39199635984517
10144,165.46527230997856
10145,499.1408957869935
10146,342.08411624933535
10147,209.28756670910408
10148,211.3423999567412
10149,438.28299306804945
10150,206.18736621872586
10151,427.9390356971403
10152,412.7832184624044
10153,201.00277901737257
10154,117.04155237516815
10155,395.5560002387713
10156,87.0303353940171
10157,72.0462242421465
10158,97.45930624363254
10159,44.11112163875393
10160,110.28329570281076
10161,71.66345031171761
10162,499.5990381651321
10163,59.780472564166985
10164,76.78228232308777
10165,460.3519472823559
10166,131.93417247325453
10167,113.14185394421041
10168,58.44241240233097
10169,351.18666014160914
10170,282.332231878129
10171,441.06999362932953
10172,67.25942317184928
10173,430.23580266634656
10174,189.62006284766073
10175,261.87910398801296
10176,69.40707887850236
10177,56.596763596706374
10178,496.05704409653583
10179,412.0807745774806
10180,472.5961319041056
10181,76.49234027777916
10182,169.80142820916055
10183,413.8600796427186
10184,139.6940980407895
10185,497.60273687278965
10186,111.73392080153955
10187,497.6866227883254
10188,130.34558709875407
10189,58.11997553183769
10190,74.07640412544589
10191,500.0
10192,498.5466241408952
10193,454.1162490926512
10194,104.54775192936629
10195,420.7364311495153
10196,495.43113603661874
10197,297.2717339699832
10198,110.14907000871835
10199,444.77331434984785
10200,455.18992699988013
10201,110.22628780222556
10202,405.7473028909206
10203,148.4615121610321
10204,59.81570860660668
10205,58.47343865208672
10206,104.19086637773458
10207,73.65724384563462
10208,447.4143091801027
10209,110.36686227929138
10210,71.11841162987211
10211,500.0
10212,55.302034017213394
10213,382.1904748540222
10214,494.55753849654474
10215,195.00648883684156
10216,467.0962944952623
10217,462.57392453190124
10218,430.668211252791
10219,246.54751567768582
10220,72.20238893486123
10221,479.9462755786943
10222,332.76726570255204
10223,301.4972351876062
10224,60.10370752453176
10225,425.17585582540875
10226,118.94074021718154
10227,75.71605475021639
10228,57.42534671348351
10229,448.1901284871001
10230,265.81192298593805
10231,48.64174248341065
10232,61.49942315090045
10233,62.351969974957456
10234,359.9516784245451
10235,492.73020199592986
10236,100.32784057759346
10237,409.5554893200939
10238,105.7168966582488
10239,118.25044861203114
10240,416.53079227867954
10241,156.17205197527397
10242,54.8223091900262
10243,346.77150214857863
10244,498.93822401779397
10245,482.8428637531257
10246,387.167900669515
10247,54.36262194869476
10248,184.87294043758794
10249,246.257667947554
10250,364.96881398668495
10251,150.44804110162852
10252,495.14587180557214
10253,498.28050067899323
10254,170.83267288527895
10255,71.7402884696281
10256,302.5472549931987
10257,119.1774226139676
10258,500.0
10259,500.0
10260,444.1298606193785
10261,500.0
10262,500.0
10263,470.0980019384325
10264,49.20620668735022
10265,345.5170415450648
10266,254.77416112827177
10267,500.0
10268,315.5147125629137
10269,343.6549168854458
10270,173.8444031970903
10271,139.79960554697797
10272,343.2087004494275
10273,450.87304921518114
10274,56.631114254931504
10275,102.70037448337592
10276,348.0845689339168
10277,190.84188210486698
10278,135.91773268564597
10279,479.86129594470736
10280,139.68185609888482
10281,176.64832670506857
10282,436.89693176461174
10283,117.26611280211429
10284,492.8282095116797
10285,53.06701430192961
10286,346.6649271996339
10287,499.91029255855756
10288,221.00785178314214
10289,341.43863520361873
10290,59.22881620498747
10291,447.96040125754973
10292,72.13462033781963
10293,74.17092570902713
10294,467.56255670069254
10295,73.64195483124372
10296,333.0697002263868
10297,500.0
10298,500.0
10299,498.2632779478659
10300,499.8635867350722
10301,435.0993551725515
10302,496.65877613339114
10303,201.455612681396
10304,500.0
10305,56.846789750711196
10306,492.2005640219422
10307,52.1972493669421
10308,432.72480437569925
10309,191.7649798964579
10310,492.44944456673545
10311,498.28925004916954
10312,220.49077899957814
10313,426.08053309985337
10314,53.67374053896525
10315,106.82252983736288
10316,116.59807240355002
10317,340.6137242082239
10318,322.4639613550004
10319,70.68858312660942
10320,56.284854549568124
10321,40.32572095068549
10322,257.6479285903898
10323,89.91792613449203
10324,470.457119144397
10325,386.18339048734856
10326,90.45826484199117
10327,186.82181050565936
10328,95.2908785018407
10329,481.50758097419214
10330,413.86511106561926
10331,70.13799413110708
10332,109.49826286118909
10333,344.49233867070615
10334,499.35527521404265
10335,499.9466734821873
10336,484.9642986698643
10337,101.28022893234711
10338,199.97590442503196
10339,500.0
10340,497.71386992122314
10341,497.40964663587295
10342,500.0
10343,138.80150776539352
10344,60.30292809939182
10345,189.9184898266262
10346,441.64960172213534
10347,106.64863194882369
10348,209.15542071485135
10349,500.0
10350,473.34838038481854
10351,500.0
10352,498.1990901886561
10353,500.0
10354,432.27267507273564
10355,53.82315858498074
10356,56.82431963968814
10357,500.0
10358,162.20329488661503
10359,372.01584039397125
10360,113.71467374705537
10361,163.3401446657319
10362,500.0
10363,66.5771243169049
10364,197.35254489028972
10365,81.2326089865237
10366,420.74582736454886
10367,209.30027783900402
10368,428.64813695610206
10369,55.2004235772482
10370,242.89380284877856
10371,218.1661840971313
10372,329.26178264633245
10373,485.30973652681087
10374,487.956150234647
10375,70.3821781964624
10376,354.8475091964397
10377,499.7247102030766
10378,480.6372458633021
10379,123.9677143146747
10380,136.69222534411966
10381,167.37832146899936
10382,398.39557251033733
10383,77.56680618150592
10384,252.34079217333544
10385,118.5842740333627
10386,192.7388957335924
10387,58.56677139568486
10388,500.0
10389,197.07742039173505
10390,120.50031567407963
10391,102.35505576909978
10392,47.551130154964675
10393,75.46225922058782
10394,61.20373294294041
10395,495.531488941399
10396,104.18354567972878
10397,53.565410722171464
10398,500.0
10399,447.7870653634458
10400,176.10226083551248
10401,208.33185191951048
10402,63.11445863365064
10403,137.31523811755312
10404,250.8780820003206
10405,300.7746730532691
10406,277.9941858566426
10407,500.0
10408,57.48046393887449
10409,456.20707942270735
10410,265.0365826413583
10411,268.39946129606153
10412,444.01271293513
10413,51.042728573003004
10414,458.4126579268577
10415,500.0
10416,499.522904177521
10417,53.327526403326516
10418,483.94698402544225
10419,47.20676753778635
10420,456.86184896381866
10421,415.0624262189406
10422,497.5801622290144
10423,43.837760866880075
10424,500.0
10425,442.6982114475776
10426,447.1145859804675
10427,73.40024295291315
10428,158.99355374876046
10429,60.11088994277942
10430,448.85048041121775
10431,52.368825588560746
10432,100.13570394763165
10433,449.5124435352466
10434,174.30577287967378
10435,52.15230034328357
10436,461.03679007802384
10437,462.8782752047647
10438,497.39241122399153
10439,477.3778365368246
10440,446.51544868959803
10441,353.4262201712171
10442,445.46887465906093
10443,499.77482429310476
10444,104.67258212412716
10445,340.0535407152602
10446,56.23479390839418
10447,336.6995195994399
10448,55.45126902676563
10449,273.59524321087895
10450,54.19541632483543
10451,126.32375663291492
10452,192.95224942944643
10453,437.3983569688222
10454,446.799164668973
10455,500.0
10456,122.30643194984216
10457,500.0
10458,479.9402784616508
10459,480.73806045949596
10460,499.6857359430005
10461,450.8051252883326
10462,500.0
10463,81.94886044376746
10464,489.48257537329766
10465,63.87553454309719
10466,500.0
10467,425.4643862048655
10468,140.85033203769888
10469,175.34992060396786
10470,338.10718582698377
10471,76.06382673757354
10472,61.032270254148806
10473,498.8117636208925
10474,177.06513154527488
10475,159.07608910356984
10476,500.0
10477,265.63160083361475
10478,120.05914579837807
10479,59.32756723807721
10480,261.49877235592726
10481,276.30596536718724
10482,153.52131058436868
10483,156.09188037558806
10484,500.0
10485,98.61869640824384
10486,57.12234124680944
10487,500.0
10488,59.522694343169746
10489,92.90650809351087
10490,144.94322254995515
10491,73.82528421304848
10492,115.82482544032138
10493,317.33943433304427
10494,254.29941662394484
10495,474.6846063199323
10496,73.90298912569949
10497,499.01069622657735
10498,180.41662820382794
10499,282.3350475297621
10500,88.61156882315773
10501,75.71775983621416
10502,213.69936695545334
10503,499.6853955463214
10504,471.60405716014037
10505,58.483188928708685
10506,62.52206704028782
10507,339.4973886628961
10508,498.11144645938396
10509,480.31649746865287
10510,61.364073452318976
10511,47.43325330951703
10512,182.42936567476005
10513,225.80726223631342
10514,55.81333961206586
10515,123.00820956914455
10516,408.7555052787558
10517,495.32073060295966
10518,250.67410703519704
10519,339.17095525381427
10520,67.98576108609134
10521,195.3157410624763
10522,135.54467567170653
10523,215.7649038615188
10524,499.2986550748531
10525,72.07100536898734
10526,373.95733703096823
10527,263.3976802173187
10528,409.6290255100163
10529,138.52943828803853
10530,49.61077352514946
10531,499.5177674417696
10532,407.96090865711056
10533,343.3102505742751
10534,71.33334213463607
10535,353.3528343753074
10536,155.36063522174194
10537,102.79747734453869
10538,128.81991886381155
10539,489.77363278917073
10540,76.54008345324073
10541,116.06065934321776
10542,150.21222643021846
10543,174.35241882485408
10544,113.29606785269272
10545,497.57036569201546
10546,412.4340432793414
10547,500.0
10548,74.00681006271714
10549,73.74819645015987
10550,103.74139727739473
10551,169.49763506447255
10552,500.0
10553,414.1185814555723
10554,500.0
10555,121.47899945022618
10556,417.26178003053667
10557,343.57490212578523
10558,466.06957884166155
10559,187.43882051504744
10560,483.2202371054474
10561,124.90344757606616
10562,95.71998698132568
10563,267.36904751104015
10564,112.03185228417816
10565,48.02545744704244
10566,73.72623909760603
10567,115.073466360789
10568,500.0
10569,441.3962633023963
10570,343.10119591425484
10571,53.51434866651111
10572,367.0693553266584
10573,126.76592012382912
10574,320.7836921869558
10575,205.64545422351352
10576,291.1945026160133
10577,165.00362309847725
10578,52.62956142601237
10579,89.63760343038174
10580,73.50515355288688
10581,164.41523648311565
10582,496.5087217825917
10583,301.69704598515955
10584,492.1576728379307
10585,73.99147504556437
10586,498.7299447501364
10587,109.93954702240913
10588,199.48376693777192
10589,499.9083719482128
10590,128.6801894870455
10591,185.36530297988637
10592,55.448572879071605
10593,435.5243717802214
10594,498.3155582021284
10595,483.63007257822335
10596,500.0
10597,174.30089962823865
10598,74.06537344758185
10599,107.1954605829954
10600,491.67449652813764
10601,62.16889928821534
10602,498.98283710054676
10603,117.15780070555718
10604,121.78750290481233
10605,328.6908680605664
10606,407.3036661923991
10607,114.45158714631938
10608,96.34308683533669
10609,62.57047267043757
10610,499.95424187423583
10611,136.2374210293936
10612,333.2449319112907
10613,78.48695130768692
10614,52.87782599742276
10615,486.5669174906308
10616,341.2324888604426
10617,49.21822096149292
10618,338.0538229841987
10619,394.4659444202374
10620,77.3446722030068
10621,357.5423701656398
10622,119.81961142043671
10623,499.97387198498956
10624,424.2578955797474
10625,52.38512464813243
10626,70.05429086779102
10627,470.0117836334399
10628,495.65858454463745
10629,93.33220852647732
10630,341.0053623822187
10631,62.37017206465476
10632,500.0
10633,336.37586445696786
10634,195.07800141943198
10635,494.2084186986713
10636,320.2093246223901
10637,64.10132767169101
10638,73.355977080521
10639,57.13642504199697
10640,311.81962969193785
10641,498.16126232559384
10642,447.7931638592946
10643,151.61432323902187
10644,341.2212010907843
10645,500.0
10646,412.8426902706392
10647,495.1715462044845
10648,407.5643679739584
10649,428.96821149573054
10650,199.83035580253352
10651,58.19846070670174
10652,113.27746954929438
10653,118.28071274259001
10654,477.83089013496846
10655,192.6082697209037
10656,67.67742358675625
10657,208.53586887583532
10658,442.46196718814645
10659,174.68107002597844
10660,476.9428586608967
10661,499.50154027519017
10662,444.10349217355804
10663,458.4097213337729
10664,499.1112728918627
10665,351.6339218550885
10666,265.0072746041412
10667,483.2076193881682
10668,500.0
10669,500.0
10670,60.88512301301159
10671,104.8621168627047
10672,419.67401869866785
10673,75.02558702148599
10674,110.65787851917057
10675,101.44180415231907
10676,185.04342450789983
10677,181.2385348304755
10678,340.3713460663064
10679,416.82331079021253
10680,197.97447640883226
10681,71.09137861246738
10682,68.9038029606041
10683,55.56678230862591
10684,498.6376662981595
10685,465.87864911362703
10686,466.619375703938
10687,420.97238006321925
10688,435.01356207815246
10689,181.54963125598744
10690,500.0
10691,445.018801488187
10692,58.172770884536014
10693,333.4094786130823
10694,100.96305945390444
10695,496.6202470034436
10696,137.2659459670396
10697,400.19684196485264
10698,297.1098580559161
10699,441.5159058353636
10700,448.8442991576969
10701,178.6114979277789
10702,436.23038249808667
10703,130.92985831018098
10704,498.9351763969018
10705,337.47653592422057
10706,71.86497777075509
10707,70.13460778437806
10708,307.49908616016967
10709,419.5988282217189
10710,260.5132505017125
10711,499.579800285434
10712,270.8012279856507
10713,469.41692340810164
10714,60.288977847827354
10715,172.60689129157663
10716,266.34094127289046
10717,298.5481169176153
10718,453.0350052023864
10719,444.5740291988816
10720,292.1860967542098
10721,270.9317227024741
10722,287.462950674344
10723,379.50212085587464
10724,204.5661245293087
10725,482.6900293444653
10726,333.3218008225871
10727,105.40429090746869
10728,499.4066503329136
10729,272.34388556957236
10730,209.21252280268612
10731,499.78222446817927
10732,91.54814657290368
10733,499.0756498373331
10734,483.0862705380788
10735,186.95012099853733
10736,320.269525294765
10737,68.45161590481571
10738,423.09752387741025
10739,128.21835237420314
10740,55.2290623468263
10741,60.19754630391844
10742,193.50139972063403
10743,219.71641770825167
10744,499.7197016387637
10745,334.45353800056694
10746,421.6991978256715
10747,153.5633294229519
10748,479.7671531646439
10749,486.6028789881573
10750,54.734527645205205
10751,67.51716730148011
10752,57.532873843808694
10753,500.0
10754,58.68173394759805
10755,347.26486328666624
10756,128.17739897212576
10757,115.24586625453955
10758,96.41013021901887
10759,48.92755370163247
10760,438.84939960027145
10761,127.15982232283086
10762,467.97165053011247
10763,499.6515733224412
10764,343.48649747374543
10765,245.3722881284654
10766,59.337071572862
10767,96.2793560564704
10768,497.6735001729645
10769,334.41207273427017
10770,496.76902447718834
10771,76.13901962709761
10772,50.408883084483335
10773,57.9745607302759
10774,139.78399823896967
10775,319.0474059898971
10776,500.0
10777,169.03551398411537
10778,107.6618371314417
10779,106.96113782932579
10780,58.19278851032233
10781,465.0058527934948
10782,500.0
10783,500.0
10784,166.99760074060694
10785,51.80257236385721
10786,124.08292734690869
10787,120.12192429889404
10788,110.4078290167026
10789,261.621628776138
10790,127.98062276128681
10791,70.16944156755217
10792,476.2850070715115
10793,473.30784418497365
10794,135.8739922869089
10795,453.3556993441414
10796,391.9689834789656
10797,162.9484253243701
10798,88.12570551653931
10799,492.6320423118186
10800,450.1276326188332
10801,186.10570360072188
10802,164.9504302446194
10803,106.85179478438889
10804,499.2069433231747
10805,423.9322495501786
10806,279.9588885690973
10807,355.225010224095
10808,186.31679674462677
10809,500.0
10810,500.0
10811,499.7032808021347
10812,70.86197145270802
10813,121.29903857955784
10814,495.6476393289871
10815,51.634465997547196
10816,426.6263844133868
10817,487.31039384563456
10818,55.33367816740811
10819,88.98387428402481
10820,51.647131733994215
10821,56.887687636563655
10822,130.86671955734272
10823,114.86089243127009
10824,440.396804239866
10825,65.68595788609726
10826,163.52976287709708
10827,450.45875322488973
10828,475.10444207622766
10829,303.6998381727928
10830,152.0248184493364
10831,492.05790018773484
10832,63.136405413098416
10833,492.66774312904056
10834,60.84762481696552
10835,70.05669648821782
10836,485.91749254792546
10837,158.8979198092161
10838,120.70108572476781
10839,213.15550905476977
10840,168.76559358088252
10841,348.86443074598094
10842,160.91090157276267
10843,273.8524089427131
10844,63.89353735679967
10845,119.7866839642968
10846,352.6545999217881
10847,52.68444021531805
10848,118.10452883699942
10849,468.46673444948306
10850,346.14646968648236
10851,55.65490390594313
10852,271.3491330744493
10853,340.1538995373518
10854,500.0
10855,378.54323379783915
10856,434.63892417665147
10857,52.78018263201557
10858,68.53054542680663
10859,54.57905246176785
10860,51.756620101268204
10861,499.57756542171
10862,58.283486761500384
10863,54.363596437790605
10864,500.0
10865,286.30590866078086
10866,126.60999209403256
10867,117.0149223851021
10868,219.4234736478732
10869,500.0
10870,111.47271732713196
10871,448.8353448112633
10872,58.30381321507452
10873,498.9503194594396
10874,432.3187488906997
10875,58.61316171761568
10876,74.41562788124945
10877,61.15316405711435
10878,53.77918271815855
10879,337.6631213471053
10880,437.688889710322
10881,59.21628713674141
10882,402.78398901303103
10883,265.09668384686825
10884,483.7039522846949
10885,482.30518145813767
10886,183.76387429365477
10887,187.9426029678954
10888,100.3803513902684
10889,175.08840686615684
10890,454.7989995815391
10891,164.67290075829177
10892,95.62384892788725
10893,444.3110117225655
10894,251.33208034559314
10895,420.104388087051
10896,79.72465552508896
10897,91.98508150436133
10898,442.83083915279576
10899,496.9469654261783
10900,61.26264030240338
10901,274.08203140164477
10902,196.67289781295597
10903,226.96090593018695
10904,498.58030297752686
10905,87.8549501927927
10906,303.18274157248777
10907,499.72937416363266
10908,175.32060450058233
10909,355.03651442649874
10910,500.0
10911,188.01011587135005
10912,143.89994885449818
10913,496.09260744632877
10914,89.17539087393189
10915,461.5004458135363
10916,229.78496203073553
10917,352.2110725421496
10918,406.70880994409134
10919,69.72999911999582
10920,499.1438903672306
10921,56.64437732718637
10922,63.29806705652586
10923,345.60123869636675
10924,497.9843983179661
10925,347.73290580836044
10926,334.67385173881553
10927,500.0
10928,124.01921558883308
10929,491.41789306312785
10930,189.23185468258694
10931,333.6277791625596
10932,63.92350514429346
10933,425.0229334547795
10934,409.17730763320014
10935,486.58212417733887
10936,47.174305637500666
10937,499.7021840629568
10938,496.51887312169424
10939,166.6485716014058
10940,77.59710111566369
10941,352.5862829986658
10942,496.45248348760583
10943,87.27119525637531
10944,110.28753088873154
10945,500.0
10946,172.27276729473115
10947,391.90342245771967
10948,292.3873810248945
10949,107.66899885311423
10950,431.41948723293825
10951,335.3846519797455
10952,136.68557012677718
10953,113.29568963378927
10954,98.4949602822481
10955,57.22419265422886
10956,83.27305745097257
10957,52.23917795666613
10958,71.63943762388459
10959,60.29134370850538
10960,101.62007479947705
10961,160.71132197944598
10962,57.132721895059454
10963,311.0061262874258
10964,152.24207323538087
10965,63.94813289756728
10966,500.0
10967,112.02082276228478
10968,121.37307800258128
10969,459.77841580518844
10970,500.0
10971,266.8949049180511
10972,70.72963384807244
10973,141.81495804904102
10974,337.8428768823635
10975,205.6915451231035
10976,57.40730237792718
10977,104.66894376794718
10978,106.40485868681614
10979,356.5361823653766
10980,429.2905660534972
10981,79.69760564732346
10982,161.2872190047965
10983,177.66178022731435
10984,62.95285591812736
10985,499.37571513845216
10986,69.0316136225208
10987,50.94047558788775
10988,149.97180585832035
10989,322.3969373969115
10990,289.9530737650976
10991,311.09045091650523
10992,129.20182123942413
10993,404.3749940127349
10994,498.49381334726945
10995,493.5652569279696
10996,79.67066371965777
10997,133.60427007038328
10998,121.28153412094153
10999,105.06936666841352
11000,72.44250898141497
11001,366.1446079231141
11002,460.2826910900076
11003,207.86372845813253
11004,94.87816375022658
11005,118.85063284333913
11006,50.42424650531798
11007,495.04298675375946
11008,58.94671110269812
11009,431.85966576023
11010,498.3350730624869
11011,101.86875600492665
11012,187.75990779674964
11013,393.83812022046766
11014,55.061082184803
11015,50.7239238847176
11016,472.1075410281744
11017,163.8739454211709
11018,103.45434991959011
11019,483.96869873050923
11020,110.25598812733571
11021,262.84398545643353
11022,92.54443578772022
11023,466.5415030020764
11024,500.0
11025,343.82342719578537
11026,59.230636364482656
11027,434.8250882095065
11028,52.71826189744871
11029,44.214349936824945
11030,499.4158473592701
11031,500.0
11032,500.0
11033,308.4585961257539
11034,421.8405752241631
11035,454.57430664107596
11036,102.66737357479255
11037,57.68732476214879
11038,120.97978589584221
11039,311.2572520693046
11040,462.9523191722928
11041,107.98627686470735
11042,54.95382452928658
11043,254.2483905355079
11044,201.08785233877433
11045,365.2228517717266
11046,498.74029204301894
11047,299.2426718865497
11048,125.5095404403344
11049,397.48439147113675
11050,55.527753479572
11051,435.5021479190908
11052,496.9021423634465
11053,500.0
11054,488.0268021496196
11055,61.010396669417666
11056,236.21585907493983
11057,57.7809016843809
11058,330.1022902311938
11059,51.491248904077366
11060,355.76246390661674
11061,480.81504374857707
11062,172.2565042380187
11063,180.3959679717803
11064,500.0
11065,125.22101046443692
11066,492.8278077621963
11067,467.5364140529314
11068,496.4334099628668
11069,56.85649612937572
11070,289.63024432529966
11071,331.74335607968163
11072,125.5337446600169
11073,185.30825896598094
11074,260.1905633073005
11075,62.1009126423495
11076,88.28357077409315
11077,130.0861601307476
11078,201.18895875972606
11079,61.94985685208988
11080,488.1991698131617
11081,250.6601876877617
11082,105.21644022452713
11083,496.891339337456
11084,286.36366907102365
11085,343.62007782394954
11086,51.937606851600165
11087,56.48530508321893
11088,52.62356278538478
11089,161.49216850967895
11090,98.35440789494967
11091,481.00522325629254
11092,480.47151834668233
11093,105.94371582994367
11094,500.0
11095,52.23292955259895
11096,334.59191497617775
11097,100.86134888433642
11098,496.96919592255784
11099,65.34810032908815
11100,68.96681269823205
11101,287.7413787795493
11102,167.72199737819378
11103,56.817532891272506
11104,334.1519821962406
11105,475.32016279429087
11106,316.48598744519603
11107,152.79151493903177
11108,121.99181400787428
11109,72.65486032124959
11110,114.35583874651758
11111,463.477595138117
11112,497.4172894231102
11113,369.00657704168066
11114,500.0
11115,50.00700965005307
11116,64.7943198675356
11117,56.88415997139296
11118,449.09205207020955
11119,260.9676148859912
11120,96.63100963214328
11121,114.5972853601487
11122,84.43813874830136
11123,497.6862647250781
11124,224.24396782318854
11125,58.661087985016884
11126,104.20640965779248
11127,194.27867839234673
11128,331.6981350244419
11129,308.3454470676829
11130,453.0542447720852
11131,279.17230992723125
11132,72.08862823933893
11133,500.0
11134,499.4941986155544
11135,261.41570685166676
11136,498.8616984571886
11137,209.2214323343367
11138,68.45063705671852
11139,190.06072402843046
11140,86.77788167365097
11141,500.0
11142,349.0264502786597
11143,487.25351688509005
11144,193.88667953889305
11145,348.0656647528624
11146,74.26896740753875
11147,500.0
11148,482.8711619484594
11149,208.00549284920254
11150,69.14878690248118
11151,497.9032359434152
11152,470.47178010876564
11153,180.66769198867135
11154,56.707483638973244
11155,62.651131281282694
11156,116.25420849604993
11157,425.1703906663622
11158,49.07249472636572
11159,302.18877479267667
11160,450.2350150006482
11161,103.85176746282906
11162,57.166050878511
11163,417.1810432659737
11164,257.76786689502796
11165,394.5502110126332
11166,52.554098245700985
11167,496.0825731461496
11168,451.8043984232678
11169,499.4919420687998
11170,284.66217812105043
11171,194.46242515702318
11172,99.52031394744148
11173,189.09946153466015
11174,500.0
11175,56.82424022584243
11176,500.0
11177,500.0
11178,112.1877334434516
11179,498.3727798000899
11180,123.66619748519662
11181,195.26980862975554
11182,196.7367586354538
11183,74.11056149565225
11184,157.97249365939373
11185,355.8856107720027
11186,53.60013855891411
11187,55.15468482724644
11188,472.32064696157704
11189,96.71441813249109
11190,63.49642168559496
11191,198.12079276995308
11192,422.47469280269684
11193,51.855447638704106
11194,452.1759045866792
11195,55.339942231003974
11196,498.70102692116166
11197,97.87682165443263
11198,141.4015504444971
11199,415.0461538981425
11200,193.36075646602671
11201,500.0
11202,112.20972638176559
11203,55.82179437542419
11204,50.660027877762715
11205,161.405460224357
11206,422.45150510964675
11207,283.98150443399675
11208,56.93364060940103
11209,72.97523325278163
11210,498.9662360229915
11211,74.24567112806349
11212,500.0
11213,124.95374839356396
11214,205.76496299969057
11215,103.50453973091729
11216,73.57830986632997
11217,138.16507815658105
11218,500.0
11219,143.51920195429486
11220,345.88100810666054
11221,70.64833988143403
11222,71.65566793463006
11223,261.84813994091945
11224,104.14816703070073
11225,326.12667855321524
11226,429.50339213300856
11227,108.42690238992546
11228,500.0
11229,97.08435757019824
11230,493.89810673045554
11231,60.37034772688585
11232,271.805424280205
11233,448.7619886004317
11234,417.3415504955923
11235,329.3987505613734
11236,473.38057992079587
11237,464.1270216187185
11238,178.09111654664025
11239,76.6412635774617
11240,500.0
11241,499.5024472998416
11242,139.32222564012315
11243,168.67580849092752
11244,296.3396328075687
11245,354.3759261800523
11246,499.8158931151684
11247,470.2225194350158
11248,167.19429303424428
11249,440.36176096061007
11250,54.85507999342852
11251,55.84315614540714
11252,420.9264470656292
11253,110.73015369446074
11254,117.74340851703809
11255,494.62380460432405
11256,336.2115396605816
11257,500.0
11258,53.252710440668196
11259,73.60139597665993
11260,500.0
11261,105.48441757933833
11262,331.17884248940675
11263,430.17926780567024
11264,93.63452024155329
11265,498.61589064674837
11266,129.6293381230729
11267,121.67638859994119
11268,500.0
11269,455.5420154315085
11270,142.39108513250238
11271,66.9590412507327
11272,360.98454027681
11273,145.07431890037657
11274,172.6550245185391
11275,497.67469430502865
11276,128.0894661702556
11277,123.0687983657685
11278,500.0
11279,208.77006141131758
11280,153.21731402477624
11281,500.0
11282,148.66758415194036
11283,485.94214617509715
11284,359.2741323256798
11285,74.87221425808669
11286,500.0
11287,500.0
11288,486.5357006833915
11289,500.0
11290,257.24883978394865
11291,484.25996635649483
11292,58.24695209294225
11293,500.0
11294,70.96776407792471
11295,121.46532161565904
11296,498.1676519003878
11297,425.85062764499526
11298,172.23728478853013
11299,283.73165589435166
11300,349.2911375779395
11301,351.3803103322899
11302,500.0
11303,105.50873421907855
11304,243.46453713317942
11305,475.96781877291863
11306,307.5009145217855
11307,73.09287352507826
11308,489.31799699772773
11309,266.76811479853916
11310,214.2680089190245
11311,464.40522015779067
11312,208.4767907926148
11313,194.42883279962368
11314,49.92836425647718
11315,408.4756025808599
11316,480.8574157028112
11317,160.28057206762966
11318,428.92101679483403
11319,424.5988091297994
11320,274.06954942281425
11321,196.04250324094332
11322,103.27658419691988
11323,117.35704882713893
11324,466.4279929963491
11325,107.10770317670381
11326,48.350695913989995
11327,50.43416998458463
11328,485.1548121950383
11329,493.7263382429112
11330,101.16367183007179
11331,96.21377191517742
11332,500.0
11333,259.04188392438067
11334,135.25448083444635
11335,340.6490539636012
11336,181.4372688610785
11337,154.59155986456796
11338,475.17392832652706
11339,72.61381430194156
11340,70.14548144930606
11341,204.19655717188076
11342,66.06210636158323
11343,114.94041737515707
11344,498.24086969302596
11345,495.7444264874531
11346,131.50988228609685
11347,493.81445259048644
11348,435.3983436745828
11349,276.7558399440929
11350,500.0
11351,130.42100842801892
11352,50.0920922644258
11353,56.864812018799064
11354,204.93250837962722
11355,448.27981844118585
11356,134.77517641342595
11357,500.0
11358,63.325767235854144
11359,455.5438448152523
11360,63.56549663739801
11361,145.70423571325134
11362,184.17159301761149
11363,486.84752115622973
11364,468.2526886950567
11365,56.76739874149282
11366,109.22523929890707
11367,500.0
11368,500.0
11369,189.65225976661907
11370,419.31093787109506
11371,53.910241952787295
11372,71.14576736875496
11373,491.13965734829424
11374,258.13004661903517
11375,76.19351884634835
11376,500.0
11377,62.0177081036458
11378,482.25298791815146
11379,172.10306979049136
11380,499.4741913107403
11381,75.1663584566908
11382,213.86073441341
11383,127.3359816379839
11384,259.2778671089023
11385,70.06526013747427
11386,470.0249027498885
11387,498.90107994455764
11388,500.0
11389,207.8438161256995
11390,342.0832086259693
11391,313.5887988328681
11392,148.9804358520868
11393,141.3232944568197
11394,139.0745916205077
11395,95.10502986167914
11396,62.86372290828474
11397,131.5120444995274
11398,161.314588152302
11399,67.5462036669025
11400,277.6267096417613
11401,487.6578071393693
11402,96.68451148050534
11403,126.91883283778121
11404,441.7098623535831
11405,61.62187501888859
11406,174.5113669953079
11407,61.97216917719918
11408,123.56522484636926
11409,117.70289487768267
11410,499.708399056578
11411,282.23342441689806
11412,442.35823057457685
11413,56.55822985489446
11414,101.06652507082055
11415,243.00921069816602
11416,68.8219386232128
11417,60.101195751220544
11418,500.0
11419,70.94447414380232
11420,470.6303200067952
11421,73.43783898481344
11422,181.23608264438036
11423,500.0
11424,107.58955444608495
11425,54.00330864274459
11426,168.23445071594153
11427,500.0
11428,500.0
11429,332.6187726935275
11430,498.4895856146344
11431,93.72335604241982
11432,464.9711166754802
11433,456.1755497659177
11434,164.25923300849274
11435,462.18621313616035
11436,499.2505180585794
11437,106.31943721243891
11438,466.01860162862056
11439,450.39400567453424
11440,330.0194385401612
11441,141.40592432795756
11442,471.60543388241484
11443,190.84166943916668
11444,118.6072010158109
11445,458.24741307015256
11446,69.02705195652584
11447,58.08035239880374
11448,293.8915876854586
11449,114.49018323907006
11450,126.50262443712623
11451,191.61005849936072
11452,161.25435674776867
11453,181.31700846875663
11454,249.11883963583102
11455,204.64951497869436
11456,75.04257266420669
11457,53.88998195523318
11458,450.6901209862316
11459,113.31109232716153
11460,494.6101496060164
11461,154.84690433563162
11462,59.056195622043184
11463,221.6737899553867
11464,499.15581585377157
11465,186.68034623142495
11466,499.0007584797651
11467,108.9815395705026
11468,167.03476813297135
11469,205.31932509538268
11470,463.5516244235979
11471,424.5715069718662
11472,284.7088620984608
11473,45.67369449405237
11474,494.2478672695142
11475,486.6176401519307
11476,500.0
11477,115.72531999056908
11478,80.0510091624534
11479,61.370388918998934
11480,165.58886018076674
11481,262.35713302434584
11482,119.4554201393862
11483,500.0
11484,137.4311585817754
11485,500.0
11486,114.12524220745713
11487,280.3915368759523
11488,83.19740406598304
11489,477.19418255562846
11490,54.854753142780076
11491,69.17541114526182
11492,500.0
11493,331.13845342707765
11494,53.87189862544733
11495,131.8387473889575
11496,331.93300076141156
11497,58.82028283318343
11498,115.5152676994407
11499,136.65317728806554
11500,98.67134427691678
11501,59.21025940194402
11502,181.78972455660153
11503,145.3155632620307
11504,354.3466487004787
11505,159.24951374007463
11506,278.7005159936043
11507,288.967278592194
11508,72.92225879687066
11509,386.12133878857725
11510,464.1772166135999
11511,277.22911689924706
11512,170.63993246159043
11513,467.98559454745737
11514,498.8893920650538
11515,499.4491114090928
11516,265.5386810348933
11517,500.0
11518,498.6595002244088
11519,139.02758195020596
11520,500.0
11521,105.38229399819208
11522,124.99763878066527
11523,260.63179893630536
11524,120.67457546709855
11525,116.2964171953021
11526,71.69253797423556
11527,61.0244363876405
11528,500.0
11529,196.3221676861893
11530,72.2735518073088
11531,101.96189911276564
11532,71.63594050081298
11533,477.6501239341038
11534,210.33394807918143
11535,71.27755410522704
11536,324.0184578478213
11537,123.49473895022636
11538,438.4808898884053
11539,114.53544702451762
11540,259.6929159905469
11541,175.7479535457813
11542,356.0339064948182
11543,158.5730268362057
11544,73.99020595537542
11545,264.44646235272023
11546,59.713240884054116
11547,162.45870175180926
11548,256.52896721646874
11549,371.55033702100934
11550,499.8346646561066
11551,495.1812157861553
11552,498.71444309105834
11553,173.45656212449506
11554,379.77473144297124
11555,186.78418344808279
11556,119.95119823036147
11557,165.48724072997592
11558,500.0
11559,398.8923034534379
11560,489.35533495288894
11561,276.69589925872083
11562,466.30193906504036
11563,86.76014042995969
11564,500.0
11565,130.21108226700645
11566,433.1482832691829
11567,326.59839428893275
11568,169.56261014494942
11569,109.83545146933116
11570,110.36834261699782
11571,152.4923342288197
11572,92.17321261359804
11573,46.406983500545834
11574,60.75339251503513
11575,55.79139665812387
11576,248.6649856463356
11577,101.11847893747293
11578,422.1804673049488
11579,458.15458704492187
11580,58.205497950964215
11581,500.0
11582,354.87103191533805
11583,97.02620546245709
11584,325.7648834467111
11585,207.97441147367806
11586,58.717048610143785
11587,500.0
11588,53.73997199211492
11589,56.095589052509034
11590,495.95064891945776
11591,499.9850756702779
11592,494.3011086140732
11593,398.86092978945607
11594,47.75526751538074
11595,106.79428689358994
11596,58.99751644786632
11597,498.3836938237754
11598,266.7159091103794
11599,162.15713490787226
11600,500.0
11601,399.3461874167798
11602,300.4789122676827
11603,103.79832414777054
11604,133.11902550943913
11605,499.0466024854453
11606,48.1606345211392
11607,348.00242837921803
11608,52.903264045826496
11609,432.2921576650874
11610,500.0
11611,452.1833699596741
11612,500.0
11613,116.73097134160122
11614,499.7022250023714
11615,356.2737727405164
11616,486.40829700441685
11617,500.0
11618,487.84831912011
11619,499.2468006790556
11620,262.5969672764115
11621,61.10591416143228
11622,498.4422538832989
11623,58.202338894335185
11624,494.833386337947
11625,73.50110990741854
11626,65.97083176959178
11627,52.31745013175598
11628,129.48086817754708
11629,495.4226418506446
11630,387.273555838976
11631,497.3911200828254
11632,500.0
11633,273.1357240254915
11634,53.302096672344234
11635,440.1059555392902
11636,123.91626255557722
11637,500.0
11638,284.44468858358505
11639,55.49383810493697
11640,47.0807174811263
11641,91.78491479475797
11642,167.76474602893535
11643,488.1452627019082
11644,500.0
11645,242.05532534667756
11646,70.7998823271019
11647,72.48143532658267
11648,497.53441927258683
11649,54.18858465034617
11650,76.30849187537989
11651,340.40847082376445
11652,337.4761607976354
11653,494.7561478633899
11654,252.7790261842944
11655,499.76560991914624
11656,59.64528371195975
11657,61.01031551371746
11658,479.47617193247777
11659,351.00539531942
11660,57.35643065219297
11661,116.74727534248862
11662,47.08716987131872
11663,142.17779788421373
11664,500.0
11665,168.07246298244988
11666,471.2673448374328
11667,500.0
11668,500.0
11669,216.5569698720072
11670,54.78185617992587
11671,499.9451266612844
11672,55.959801265792564
11673,111.05933049021255
11674,49.74121998461571
11675,113.41074212718328
11676,53.316908476036005
11677,112.15796444966759
11678,200.30252061712
11679,492.4049427265321
11680,123.99503571484718
11681,482.12878623444806
11682,56.92168736645952
11683,498.5378253688808
11684,466.7105560156447
11685,449.53257211444895
11686,500.0
11687,480.5887267362068
11688,460.7013874025207
11689,149.215686761191
11690,57.46050754824368
11691,109.90032707279518
11692,498.48405714146065
11693,352.99595512171345
11694,408.361903664138
11695,500.0
11696,137.6181890171616
11697,121.01258887189009
11698,499.0054662229986
11699,358.1501785663734
11700,489.73118462231366
11701,256.6235479010643
11702,71.17877924573013
11703,162.77501826130248
11704,175.11825186852846
11705,60.56853304447283
11706,86.99389827800033
11707,402.2310330465446
11708,443.5335115433128
11709,447.88664439095817
11710,106.91007972009527
11711,498.83848756859584
11712,211.49845280181438
11713,110.08759231575226
11714,124.42459641559239
11715,500.0
11716,343.27466025235015
11717,143.8797939673649
11718,150.05244181786588
11719,500.0
11720,324.6610637483645
11721,155.03373931054244
11722,152.30711798866534
11723,105.4885625903834
11724,48.49104405755642
11725,484.2715540468315
11726,108.35180985322671
11727,431.881946722502
11728,290.30996079070326
11729,56.38691033792331
11730,201.1937452757079
11731,247.21201466627446
11732,246.26889705438742
11733,286.2441398214661
11734,137.94143062321777
11735,249.85823419109977
11736,264.11694692916564
11737,160.1780031299921
11738,499.51792138112273
11739,206.3651689877347
11740,83.14082082975176
11741,106.71431391328791
11742,493.3201686522374
11743,189.4203879513231
11744,70.41140670000883
11745,497.9632447296299
11746,155.71209117430573
11747,156.19396573655877
11748,487.3998651489536
11749,500.0
11750,148.88041740417185
11751,498.7933725995773
11752,500.0
11753,331.25165399232793
11754,467.84900360536494
11755,202.67433704358422
11756,490.6901675116136
11757,55.21892284465599
11758,54.34733689215452
11759,404.09952879908155
11760,495.3986443423683
11761,66.92296447334397
11762,99.32692193451925
11763,99.399270096081
11764,499.9062884487645
11765,136.82433097866243
11766,95.33292469250934
11767,370.85885788090934
11768,300.6281841788233
11769,53.28500004132205
11770,60.89081161523691
11771,180.92037780089444
11772,54.21357393714506
11773,115.45104487130729
11774,346.7995441310283
11775,152.7144633657677
11776,94.47692580271658
11777,432.52472544174987
11778,104.13163959371369
11779,114.46049364264887
11780,59.633067251989885
11781,392.3413651752794
11782,259.0268186913778
11783,122.98794499183093
11784,480.58397603409765
11785,431.43606501287127
11786,63.73882758300186
11787,499.4236427272908
11788,82.5890009148675
11789,186.4249651198839
11790,448.70023535369995
11791,499.963222489101
11792,145.42056110596548
11793,249.1184858989418
11794,70.18706935800475
11795,463.5145542507386
11796,109.2764923907072
11797,500.0
11798,331.0893474247782
11799,495.23920074202215
11800,60.0229557384946
11801,403.88810465597953
11802,145.18126438624208
11803,108.83268468599499
11804,474.83149784049215
11805,53.579446394507045
11806,61.966433511726834
11807,107.95269856407097
11808,500.0
11809,99.69403694498791
11810,170.48626126640255
11811,59.454982042500944
11812,115.84591403026954
11813,329.0963792088379
11814,237.37368171814705
11815,462.6371978553933
11816,430.59558916473253
11817,497.9670661183748
11818,420.82018231584595
11819,47.96093259109909
11820,55.60463970483103
11821,462.8083356198852
11822,185.81354035060585
11823,260.9451563986806
11824,186.77085194600767
11825,61.72745831247907
11826,76.12128927080742
11827,188.7841406136064
11828,326.21511385703883
11829,314.4632152366361
11830,500.0
11831,140.7283015703079
11832,72.15373416971568
11833,53.645870150889436
11834,411.3488585278273
11835,60.8960043098342
11836,402.95805047434175
11837,268.7284203072058
11838,499.61193248083
11839,451.5740103122892
11840,92.65372464947893
11841,448.23029456564666
11842,446.91007041211196
11843,497.1427868684177
11844,427.50840968758894
11845,71.10686880661052
11846,70.70942450693937
11847,454.45236599449913
11848,500.0
11849,407.7575103113204
11850,463.8786709839783
11851,206.90982994390163
11852,500.0
11853,500.0
11854,215.90155401679124
11855,301.89609689629066
11856,341.68655667266
11857,492.94816964508175
11858,176.62599982586
11859,500.0
11860,351.6961902842728
11861,190.99420363733654
11862,124.2331298214221
11863,437.43611806928743
11864,464.5873345322159
11865,466.02955900003525
11866,455.29707804834146
11867,126.65775526479955
11868,489.3807623363608
11869,71.77140514792045
11870,101.0684050593548
11871,276.34386321538824
11872,500.0
11873,499.08802087913097
11874,480.3401781295804
11875,477.33994681826516
11876,401.84881827475726
11877,457.5076508789456
11878,153.718897238051
11879,268.36717655739875
11880,162.90867057014785
11881,116.01038287000122
11882,378.31852601237625
11883,275.6096841700533
11884,488.17513193356245
11885,497.00052219406825
11886,56.983697880500074
11887,466.7423358667701
11888,103.37356548185046
11889,190.56015283178488
11890,51.056151945449415
11891,499.7183017539793
11892,255.994977883584
11893,500.0
11894,493.4906855760913
11895,60.14136592017918
11896,260.64465655363387
11897,244.62373348466008
11898,254.3512541270092
11899,203.17983436833129
11900,54.9166099660374
11901,54.20596332977871
11902,462.14380189922156
11903,500.0
11904,56.65353610027114
11905,324.94440268670405
11906,499.8517438005786
11907,485.187535167144
11908,118.54116419226321
11909,124.29225676427727
11910,472.34919568853627
11911,395.3012931586383
11912,383.8780061180072
11913,170.63521981227117
11914,257.3017761801926
11915,68.14266733387372
11916,278.96645565881425
11917,100.47230839935452
11918,499.8546027076852
11919,261.85800150224304
11920,499.33730743907836
11921,498.0134116769672
11922,106.82528608242617
11923,144.03695396021533
11924,52.18175652749248
11925,476.88494140502905
11926,52.31710269548082
11927,423.40557963477295
11928,500.0
11929,192.54841479270902
11930,365.554973283912
11931,390.60957327024846
11932,351.88832465125716
11933,500.0
11934,442.5961410823382
11935,148.0636964722175
11936,388.46477106051503
11937,130.64520798417482
11938,111.82217787456663
11939,298.8148721874384
11940,62.10419299003985
11941,332.8349989161641
11942,474.2564677556778
11943,213.82933890406463
11944,212.63300608900283
11945,99.43441740712873
11946,76.22475571214466
11947,201.20239445503154
11948,71.1050871436109
11949,135.4216546743234
11950,152.01940967716587
11951,457.3196943791541
11952,60.19709025440425
11953,80.77528591714986
11954,194.6319444546054
11955,145.62832592895307
11956,500.0
11957,500.0
11958,358.08135062758333
11959,500.0
11960,499.0492945575587
11961,106.21584546837377
11962,71.03203051931813
11963,104.20855912568503
11964,499.0533088567744
11965,267.1291157386677
11966,499.6317002878445
11967,67.05074950666588
11968,408.2969427660114
11969,490.37702422028275
11970,106.65975797910644
11971,496.0323290624903
11972,477.2456937165132
11973,124.8225678010208
11974,150.8560343804208
11975,495.6692637845349
11976,137.9010827022699
11977,337.7961424819626
11978,169.99206492489992
11979,479.6626160080051
11980,129.72135835256694
11981,457.9793915215182
11982,423.3905663683163
11983,500.0
11984,127.29145910381715
11985,169.72014668898825
11986,499.70014036174524
11987,496.6766028656543
11988,498.4702923502014
11989,393.1121320058448
11990,66.75764327998459
11991,286.04613775176347
11992,464.9849622871176
11993,183.931293448429
11994,357.09903877904924
11995,136.80185661890985
11996,143.21520108109533
11997,74.44388217984807
11998,59.00625667621858
11999,214.278882844995
12000,496.9705197559854
12001,449.7991588606459
12002,187.42635566536626
12003,54.43310706837053
12004,274.9817415952978
12005,119.67761249699876
12006,499.78254146891953
12007,57.40678901979727
12008,301.671939826424
12009,335.1321623096675
12010,408.8154792490185
12011,500.0
12012,164.67716637890845
12013,449.8149395713682
12014,208.87087147740283
12015,433.83806729153895
12016,500.0
12017,105.55748131370436
12018,69.59836329070133
12019,71.13497508600956
12020,208.11295127552347
12021,73.50240913394124
12022,500.0
12023,462.3022296043823
12024,321.51023578762295
12025,500.0
12026,497.2743419080899
12027,69.44623727774659
12028,177.21467087397613
12029,124.20819413105097
12030,338.59031935483927
12031,467.08602730364254
12032,452.5590710554274
12033,54.49625150207686
12034,67.04306406465683
12035,75.00928893407654
12036,72.67249738001166
12037,159.7919164594776
12038,50.549594349638355
12039,72.42207026134847
12040,176.68949408464692
12041,500.0
12042,57.84769217003323
12043,343.1500986926811
12044,100.44059072745802
12045,160.36601931495505
12046,69.42588071243647
12047,416.0526956126972
12048,60.44110720110655
12049,136.51230912512642
12050,465.13448288428265
12051,341.5780712053146
12052,500.0
12053,154.12693927376094
12054,58.529259438314995
12055,54.267454041203365
12056,415.4178953199173
12057,500.0
12058,145.51791610987232
12059,50.142980774389514
12060,477.9541518856445
12061,69.65426324406943
12062,121.23159147836313
12063,131.42200495329334
12064,130.630002394245
12065,498.79703609785406
12066,113.95504809958274
12067,115.2372560061753
12068,459.95745987881565
12069,73.45538048792808
12070,113.0833128574298
12071,59.739403963085735
12072,279.3840360277295
12073,487.99438248793854
12074,210.67015354195917
12075,194.96642092154914
12076,109.95812891973327
12077,499.93067523577747
12078,108.42162091944843
12079,294.0015165224355
12080,482.37274383729107
12081,446.7210963451015
12082,57.34065717597492
12083,452.7038052935294
12084,60.386716498330614
12085,500.0
12086,379.3839892530449
12087,67.82871669881882
12088,452.2495833627098
12089,500.0
12090,500.0
12091,149.30940844613613
12092,123.76274984948239
12093,73.51031974055887
12094,497.3464949435722
12095,165.19679507640143
12096,70.68960252852706
12097,76.28307281697298
12098,121.99642118759405
12099,191.67758460150532
12100,328.2022841203078
12101,295.2184095511623
12102,499.0836397157633
12103,183.81424905416796
12104,475.03715339046533
12105,55.794086844413854
12106,70.06771847952714
12107,54.93298507852715
12108,391.4384618382538
12109,473.8321987037863
12110,118.25731704100058
12111,500.0
12112,103.75065514000104
12113,68.42640488237015
12114,240.40073602971472
12115,57.22945156789211
12116,235.99298866913117
12117,102.9754583006652
12118,330.56476926313
12119,283.01848547119073
12120,500.0
12121,348.3705000075231
12122,310.1058535899604
12123,48.97634222593983
12124,358.2305155395878
12125,265.345564514237
12126,171.59283062378097
12127,351.74100556525286
12128,110.84649443912693
12129,73.69374299401818
12130,181.04242917857485
12131,100.8724469368866
12132,485.08537292515996
12133,500.0
12134,127.26297304498698
12135,264.05203658343726
12136,422.96450251705437
12137,453.1661022236626
12138,472.29961418942696
12139,400.2390876206217
12140,470.3338824386233
12141,188.50595604208476
12142,478.7789853154002
12143,477.3227267425253
12144,105.55889663952317
12145,114.43667281652458
12146,265.542230277759
12147,499.5930956124008
12148,274.2339646388817
12149,450.9351254815732
12150,75.56092993941638
12151,70.92445306236019
12152,309.48449000995413
12153,49.343340543935284
12154,72.16857391644336
12155,102.98851266758314
12156,312.24857211480196
12157,496.337419729654
12158,120.31030204629934
12159,307.4884805073696
12160,240.33974207068565
12161,90.66539145319194
12162,417.83153525008714
12163,499.4627701374514
12164,500.0
12165,336.5998168169241
12166,351.6761804034379
12167,147.55461953374382
12168,491.50397711401564
12169,88.56481057552894
12170,345.4042938876957
12171,491.1435533569574
12172,67.74972818256538
12173,471.95149126207195
12174,59.67365918237758
12175,348.5960720175726
12176,199.75480290238804
12177,158.83218266367538
12178,448.2150186194474
12179,432.688503528562
12180,129.32801761166994
12181,191.2075012831547
12182,499.2518963961569
12183,498.3559454221049
12184,469.8698991966605
12185,446.7715328717345
12186,341.7031520843175
12187,117.98298974764168
12188,174.4020061707218
12189,477.53782644816357
12190,486.5906744971185
12191,83.19345690747487
12192,499.1562109762068
12193,109.23306197970263
12194,127.89232198853767
12195,454.67315939132
12196,51.63858306173489
12197,74.45538887964479
12198,180.0164194670423
12199,211.03577028474524
12200,470.93697899099254
12201,500.0
12202,498.4356307605769
12203,98.11789969030036
12204,463.005644000344
12205,484.7298006162215
12206,468.81830026749
12207,330.3708420291723
12208,128.97117069429436
12209,56.46784127064584
12210,60.26250421360232
12211,491.2358301896164
12212,61.44745211625889
12213,494.1379264211992
12214,292.66895513503164
12215,499.6667084997725
12216,53.41859340845913
12217,59.04265352196141
12218,288.8546708174583
12219,145.47656459454535
12220,263.9819507275773
12221,195.74886166933595
12222,100.12863707436554
12223,450.14525183774833
12224,70.22441325038722
12225,55.602816534383436
12226,500.0
12227,274.1286352086877
12228,500.0
12229,152.21310282447035
12230,273.7267102916028
12231,91.70258739788991
12232,347.1006840578316
12233,114.58735858533876
12234,52.3956069258595
12235,440.82675211662206
12236,108.46184784026326
12237,56.42042322446174
12238,499.18990428688767
12239,126.04536776272494
12240,122.75737475444392
12241,45.81235655389327
12242,252.12742161717188
12243,75.73725449660726
12244,308.17890833795434
12245,97.59909434152848
12246,335.30932285212657
12247,158.7619281330813
12248,499.9565136281286
12249,135.65887444363906
12250,500.0
12251,108.66086771901517
12252,71.62745399752595
12253,139.04452667793134
12254,160.9289492139715
12255,150.00867179377556
12256,193.5296790380921
12257,496.77296567616884
12258,432.9503874332863
12259,328.602814243966
12260,53.8801642705759
12261,356.03244027762764
12262,142.8444373685565
12263,48.83170290908537
12264,94.51734364936156
12265,500.0
12266,431.9615148098641
12267,500.0
12268,60.322035919422234
12269,96.04843054776025
12270,356.3340904498516
12271,342.2015419152794
12272,498.5520302171211
12273,231.75604732353895
12274,225.4691845593947
12275,456.03717796736237
12276,339.6988909727215
12277,183.41008965219677
12278,327.907277767363
12279,438.57969858662125
12280,71.52429868942669
12281,65.46784759988208
12282,499.48743111753004
12283,475.9544811417906
12284,72.60181969876349
12285,497.8298333493917
12286,53.47091890318078
12287,83.08204501414633
12288,477.7027267614066
12289,202.95085329320452
12290,217.2152174390789
12291,180.58593592949143
12292,476.35798182847634
12293,500.0
12294,495.81274888332666
12295,113.61924511524865
12296,72.77470180541681
12297,175.89366389542985
12298,336.30330640859444
12299,394.2106180974386
12300,74.97301077330175
12301,496.85201845997653
12302,500.0
12303,353.60306988178246
12304,499.7622672734036
12305,495.53337759591454
12306,61.33683065687869
12307,500.0
12308,499.5001819544751
12309,74.69951207647335
12310,139.65949243462578
12311,330.25039692962235
12312,289.9626545227269
12313,355.1797141136957
12314,500.0
12315,262.40413381997297
12316,101.47392350853497
12317,73.74753264741138
12318,456.39569338975616
12319,99.70728044106637
12320,254.80774580266848
12321,49.007594942328694
12322,459.2056803286101
12323,55.90801524297695
12324,59.11826980245607
12325,500.0
12326,453.853896706004
12327,100.67384529322356
12328,61.92706747860349
12329,500.0
12330,361.6958559701621
12331,94.15951284392534
12332,184.96090955563398
12333,56.773139290851674
12334,73.93958914837144
12335,185.61057460593258
12336,187.84976290488314
12337,113.17801561943173
12338,427.64268290369523
12339,115.04311546003527
12340,417.11024901542714
12341,439.9198045687339
12342,399.8096786691923
12343,233.31310572607853
12344,109.27119113871112
12345,123.50627725200306
12346,90.24353780020581
12347,52.24087900185681
12348,181.02544847543055
12349,142.38694734671225
12350,500.0
12351,139.640409276693
12352,79.69519281365021
12353,500.0
12354,57.61482656960717
12355,496.9507775605832
12356,105.31029265081304
12357,430.31260042341427
12358,65.74365285221698
12359,500.0
12360,55.920299379653834
12361,125.51197994003041
12362,75.4689162181724
12363,494.22045377106986
12364,446.59748641451705
12365,190.49970365310156
12366,117.31841681249588
12367,126.69874972244057
12368,440.81621945559556
12369,54.95323961895771
12370,190.85838871605188
12371,204.58806756877462
12372,486.64255932018364
12373,365.5034129791918
12374,132.01494157912947
12375,189.68148453101384
12376,255.67706669507191
12377,311.84708323043424
12378,500.0
12379,326.87214313809324
12380,122.63119803742518
12381,500.0
12382,467.5016098393635
12383,497.70435568111316
12384,156.27668037484614
12385,498.97209607922264
12386,349.89481646310725
12387,500.0
12388,426.36126112458953
12389,51.74173611309861
12390,445.5111613539161
12391,155.27749504819005
12392,156.531809483269
12393,59.18685205202584
12394,139.47343066209567
12395,333.37889474161284
12396,72.55144239330633
12397,494.1901444011196
12398,499.9586094008049
12399,322.38135313627214
12400,48.31505388496578
12401,69.83155632187623
12402,496.97025943214874
12403,56.571342473055964
12404,500.0
12405,138.09103191719777
12406,71.61380111180112
12407,61.35666960208445
12408,53.555376934965224
12409,474.9932476105356
12410,413.59438913262926
12411,404.4877771946924
12412,160.1165825269063
12413,54.077236435349334
12414,342.64919903923
12415,52.70363166038411
12416,61.06419912437157
12417,66.43269995046415
12418,176.07236783580376
12419,156.32422200113143
12420,118.81063981071864
12421,209.6126434355504
12422,293.12483587722596
12423,164.72624051842052
12424,94.64545616744576
12425,470.25788646447234
12426,136.19214929073007
12427,59.184282431185636
12428,499.76159760733594
12429,160.26448354766234
12430,446.1155658533761
12431,340.71550476317265
12432,423.303921395609
12433,371.36811380923706
12434,121.79708118280901
12435,73.73539971970442
12436,423.65393566284274
12437,500.0
12438,137.77404094389294
12439,222.46940253630822
12440,93.19046247429354
12441,367.6283208260359
12442,160.7344679323186
12443,141.44378894430218
12444,117.12064966500444
12445,89.10847701183889
12446,188.28482842304038
12447,114.84752500962877
12448,471.8482562152323
12449,137.36035109445962
12450,75.92567912517993
12451,97.20084455509593
12452,492.683982625864
12453,308.24110501951475
12454,359.457231201153
12455,492.7714779016008
12456,478.83287286323304
12457,499.71721527844375
12458,500.0
12459,350.1487979779554
12460,90.78335139406045
12461,499.3352269623748
12462,407.98148914028275
12463,188.40106916470995
12464,66.62235558773678
12465,121.50663881816868
12466,142.32290271905777
12467,133.01900728821158
12468,151.9273491925116
12469,127.27513395329444
12470,453.6307242507138
12471,74.6889355853229
12472,57.91705478403678
12473,103.10875427628702
12474,466.24533123009587
12475,457.5899878104206
12476,67.29954038962394
12477,52.102137452689576
12478,99.18664189513049
12479,366.0638692579025
12480,471.7655972901199
12481,500.0
12482,500.0
12483,495.8301845019277
12484,102.95222919492217
12485,346.84917589248784
12486,434.389982664502
12487,187.20778757951152
12488,59.51990580648497
12489,499.9027650467358
12490,293.30931855416173
12491,151.43813988399756
12492,498.8398862859557
12493,54.94750070785743
12494,58.2657825822359
12495,344.4994797378834
12496,205.29462605167666
12497,129.5443985828275
12498,494.47333392396274
12499,498.3986543905039
12500,331.1443509923454
12501,494.9133528034358
12502,500.0
12503,62.24955456162912
12504,325.85585863335035
12505,406.96859184752145
12506,60.85514276221737
12507,64.08763873808368
12508,398.97116514589584
12509,329.1829611001732
12510,499.4201022454955
12511,93.97044622384992
12512,55.64234615255445
12513,351.7314923981405
12514,109.51449232793948
12515,444.7843734569027
12516,66.27334882514054
12517,147.57367355229385
12518,139.95914541207554
12519,70.41504122731713
12520,74.76574431461142
12521,334.8828911503924
12522,452.80351074737985
12523,189.96940538820877
12524,72.18931412394332
12525,298.06098199204985
12526,446.47320899283636
12527,458.2027057169493
12528,335.11479582496327
12529,282.3592863185919
12530,395.2408453734158
12531,420.57886864374893
12532,201.10443145712497
12533,500.0
12534,109.8787789203796
12535,316.4289983198228
12536,94.0562020490752
12537,101.72694530197322
12538,366.8855145563935
12539,201.33630628150814
12540,166.90148075447078
12541,153.6846001703405
12542,314.76879043632925
12543,116.47359938060657
12544,449.80485619988895
12545,493.2274091903914
12546,418.3994793229124
12547,58.23782960555351
12548,74.10382037259905
12549,58.260540761779325
12550,108.03873091033194
12551,344.16422313382014
12552,57.24184618059773
12553,59.406154854025004
12554,499.63939405423764
12555,288.91844097485597
12556,453.2321367881655
12557,118.75944317406838
12558,463.08875943374466
12559,220.11902483846464
12560,326.51796059170425
12561,120.81723635269958
12562,87.02176122860847
12563,497.5332494845836
12564,93.00459650156279
12565,64.21628194326345
12566,497.9085866600226
12567,494.8805734065359
12568,500.0
12569,500.0
12570,71.78623154755488
12571,324.31852470367846
12572,500.0
12573,284.37046533753914
12574,65.64449858109249
12575,188.36603917861822
12576,327.9512519142592
12577,500.0
12578,180.61020484189868
12579,285.3806103076906
12580,496.4421188339047
12581,113.84100368536593
12582,71.96962624516333
12583,423.1212778765251
12584,54.75315653252967
12585,173.5149004918555
12586,172.31756921262362
12587,500.0
12588,489.33413373702996
12589,338.77407559023936
12590,328.41349808974775
12591,400.5442838517764
12592,54.31546111724174
12593,59.175584462719755
12594,135.42969773665
12595,411.36733163808816
12596,153.46076841235646
12597,250.01734760860438
12598,41.087889217842395
12599,486.6478010959692
12600,447.79560543838977
12601,419.7311332105718
12602,494.8724092121365
12603,53.41270507293507
12604,500.0
12605,108.55795967228917
12606,182.3059552475674
12607,498.34593611380956
12608,117.95135026844454
12609,460.4508761957488
12610,441.6406143952188
12611,60.63854124269989
12612,200.59001805333253
12613,59.609376546167645
12614,355.88548170691524
12615,334.9388713427001
12616,311.4870052290111
12617,327.78818593516894
12618,447.91002045847245
12619,91.45068684464452
12620,56.882262239076354
12621,282.5844623534552
12622,126.51881358435705
12623,451.5385270119546
12624,500.0
12625,295.98615519996633
12626,499.14796793644655
12627,500.0
12628,54.61120979185361
12629,492.4595965924922
12630,500.0
12631,159.04880166887338
12632,50.04925340232056
12633,73.21185559841555
12634,132.32826339355825
12635,314.3898444826288
12636,472.55698170816925
12637,123.99972456053925
12638,464.59993328454624
12639,58.09715483257182
12640,258.1802321228128
12641,70.79245200634789
12642,474.60065439090727
12643,500.0
12644,101.36024764408359
12645,112.94852320818161
12646,167.26960256009082
12647,500.0
12648,73.97000302612201
12649,487.86896067016363
12650,265.1691133086882
12651,125.65788748368206
12652,124.12680325207451
12653,71.3618177274135
12654,331.32440981273936
12655,56.500220100100506
12656,162.71863470984374
12657,250.4407236556408
12658,71.47498394529181
12659,464.01085204137365
12660,51.878175389958685
12661,108.27097516937246
12662,122.59014098373069
12663,51.781255276417234
12664,90.51451518938505
12665,54.524094777897155
12666,500.0
12667,57.40877655568246
12668,409.3302390587471
12669,500.0
12670,64.68127644619652
12671,430.798107912962
12672,49.871212582786185
12673,193.3846957062036
12674,90.32782174450536
12675,77.09971810355395
12676,118.8449626201666
12677,89.24295393508184
12678,59.21672367408911
12679,143.76725392003868
12680,58.91126085318233
12681,281.5556576979641
12682,348.89812637151783
12683,442.9315245126056
12684,114.06579423114287
12685,481.4397241326244
12686,152.7104567407992
12687,71.33560462433822
12688,162.56462030986688
12689,53.87545329835709
12690,123.05363477485957
12691,199.5776948968283
12692,500.0
12693,409.93620651818895
12694,114.7579968280966
12695,116.21094761764184
12696,350.7365075888743
12697,337.172639356233
12698,71.43939163857563
12699,76.09105610975281
12700,108.85579979261121
12701,446.680296917319
12702,59.45307102611862
12703,437.5348735239715
12704,206.76259078015548
12705,272.8774471530335
12706,484.91471197997447
12707,98.73331744361752
12708,59.80623296443143
12709,142.24811623961136
12710,500.0
12711,344.72777106178665
12712,247.24157669905708
12713,191.049103274598
12714,193.51311844334677
12715,500.0
12716,52.0530687560215
12717,92.78343883454083
12718,105.82891208621392
12719,500.0
12720,476.5769744433953
12721,60.95972618115426
12722,260.50669231584266
12723,477.90721188698603
12724,499.9657343452542
12725,113.29889220913685
12726,45.87365825510937
12727,340.88922360904394
12728,206.46567008926655
12729,494.0575689740566
12730,287.6012411173849
12731,79.47836855264296
12732,417.526668781565
12733,97.95122037957543
12734,56.81957277326187
12735,128.12018010869116
12736,49.01268945924221
12737,58.28042227709843
12738,101.49895877559878
12739,447.8053148500228
12740,353.7105306603155
12741,70.476095306687
12742,393.51818947580193
12743,500.0
12744,244.30517621827997
12745,437.8910939025517
12746,60.647580814704895
12747,110.15308664509277
12748,105.12584869535884
12749,500.0
12750,165.64277782559822
12751,222.67773712287521
12752,104.66016888669272
12753,54.305045425231796
12754,61.70641109941149
12755,197.68710374581437
12756,498.0601832616777
12757,154.49430647145343
12758,451.9591944369083
12759,58.74957611053813
12760,75.53247842535046
12761,348.9624764669268
12762,499.6473529381242
12763,58.5664648987275
12764,166.47413879559156
12765,42.3274424988235
12766,72.13480018236208
12767,266.8369749465082
12768,489.78926815056644
12769,106.98476156032461
12770,61.676144213749474
12771,335.82758283408947
12772,116.52221234152043
12773,49.75206398037763
12774,63.92970892554566
12775,500.0
12776,103.85041976526699
12777,500.0
12778,49.83039112110542
12779,62.934384109659334
12780,498.42008103823116
12781,63.18939877343716
12782,290.57482808005983
12783,180.50867673682126
12784,442.12611639343993
12785,296.63059126530356
12786,463.51083852765635
12787,498.9465117012383
12788,147.82214810996857
12789,191.95895644748637
12790,171.8329369318334
12791,500.0
12792,489.5581327040461
12793,103.96150367467257
12794,355.73297008167236
12795,85.24218238127726
12796,145.4802598198441
12797,275.21129771024846
12798,118.75243907262086
12799,446.911192428247
12800,56.91239533137998
12801,500.0
12802,341.16887956530746
12803,333.1456965206023
12804,167.11457290268524
12805,500.0
12806,341.7986781983284
12807,76.92551656664158
12808,499.71116275086047
12809,113.3889583695455
12810,128.0781076542314
12811,299.3085094450678
12812,94.5921773849758
12813,414.1327849868191
12814,59.559501844990265
12815,392.4416743675838
12816,124.180848763872
12817,122.36681643558529
12818,455.38653139525525
12819,94.19077688440858
12820,123.43335980639563
12821,499.0332548870937
12822,457.43752573243455
12823,498.44731059252405
12824,499.990634504348
12825,356.7705548773662
12826,499.50221814647455
12827,358.72749563101775
12828,106.52091864779291
12829,499.3743504031823
12830,332.7475240548796
12831,499.6130025761318
12832,118.84340788712018
12833,288.1398051250214
12834,203.26852526552165
12835,271.3461891701466
12836,406.01277674138896
12837,71.35566319395006
12838,151.0028712263954
12839,161.86515387022413
12840,394.36474259771376
12841,128.21838794425366
12842,62.2248113935663
12843,500.0
12844,146.33704566178542
12845,498.9362259247986
12846,499.2594378883371
12847,179.64761998438712
12848,49.9781110569252
12849,259.9059279946854
12850,499.3789784056279
12851,62.305487403528346
12852,500.0
12853,463.6214972819831
12854,334.67937564341474
12855,206.80450434589363
12856,446.4050202309108
12857,168.15792141564856
12858,500.0
12859,500.0
12860,67.73427201143704
12861,327.3673686271318
12862,72.9383709974748
12863,341.65394185156237
12864,138.40827875973525
12865,500.0
12866,138.27713148158747
12867,498.8543512465249
12868,123.32790830939865
12869,128.41592515782227
12870,57.30942406709515
12871,58.2042309761854
12872,399.7346831398235
12873,479.02701157552957
12874,258.27977038244694
12875,87.73415718398239
12876,131.18792507127176
12877,69.06878014110329
12878,500.0
12879,66.33739816929781
12880,499.2810054443647
12881,59.5260788097749
12882,74.73786913558042
12883,136.3926544807011
12884,60.87386911167512
12885,115.30253189909322
12886,427.12659682648194
12887,419.83301410207855
12888,264.3554125712361
12889,97.46422902535491
12890,354.4065416043318
12891,154.65400653739954
12892,211.45198129628602
12893,67.68267040910429
12894,56.28329646935422
12895,471.2340291439847
12896,126.82200145766639
12897,499.2159557440953
12898,500.0
12899,391.98530640628405
12900,334.98819871700766
12901,415.26888593236174
12902,53.94551742417049
12903,489.69237926572794
12904,268.2312230893106
12905,165.0113875928649
12906,500.0
12907,431.87708569644735
12908,145.24032040944905
12909,156.64204119887043
12910,399.63328653509905
12911,327.49492235445047
12912,52.992950717001676
12913,47.78238456713301
12914,500.0
12915,117.46021004323356
12916,398.972700174672
12917,152.3216806686216
12918,199.16914595125388
12919,97.67195034800635
12920,255.7154626632328
12921,108.7409143919179
12922,465.35942686458185
12923,313.22715368452344
12924,500.0
12925,369.5179364297652
12926,59.61430751831636
12927,498.80589484787146
12928,170.36751337342173
12929,499.30052888384586
12930,500.0
12931,197.02534911069864
12932,357.8062948630881
12933,498.9218729182867
12934,459.94261086762157
12935,91.51957141069309
12936,189.84897657021946
12937,446.8683978613087
12938,103.74432655204613
12939,183.49431253463044
12940,456.98715403905703
12941,113.06946055464758
12942,59.485796613630185
12943,400.159612520642
12944,133.9010761890686
12945,292.3543819128463
12946,53.79168860585717
12947,409.2656979432054
12948,398.9672565442277
12949,109.9512596405298
12950,266.45538679278604
12951,89.59245968503151
12952,217.15434571982297
12953,417.95630134397686
12954,477.3904406241369
12955,438.0101364662198
12956,490.906817301146
12957,478.08225556344166
12958,468.4946570894958
12959,495.7980029570446
12960,495.61118084830986
12961,500.0
12962,71.7660825299259
12963,486.2308614711342
12964,204.26897860706413
12965,145.59393528550268
12966,480.530783867503
12967,471.3872498682988
12968,131.40427719123068
12969,481.0791364623373
12970,162.26455202953684
12971,497.5922790119964
12972,500.0
12973,487.1201217908771
12974,191.45211187456374
12975,185.939159448696
12976,475.16597680185555
12977,74.46899323838804
12978,139.10503431651583
12979,496.164323241202
12980,452.7352555179972
12981,148.95342498163072
12982,426.9753189498542
12983,391.7360933927064
12984,307.9688138059312
12985,58.09976174140178
12986,348.5093467580799
12987,169.13699079186804
12988,497.1587711712624
12989,59.804732763136585
12990,210.94030605112556
12991,125.9257495122041
12992,118.0509436238473
12993,98.84863718168427
12994,484.1286184575803
12995,332.69750970695384
12996,153.03250466654606
12997,156.210619425289
12998,445.6951127858607
12999,435.9509602087199
13000,48.170548138705016
13001,71.79197900973502
13002,170.39868246535954
13003,344.8721141674969
13004,59.16913928068632
13005,169.25211329007723
13006,61.38074327644211
13007,500.0
13008,106.38551709624153
13009,236.91318811221026
13010,60.08435340589874
13011,449.11864019005264
13012,458.9992567808206
13013,500.0
13014,274.05355418841697
13015,55.87097802132348
13016,497.6501051010315
13017,52.0540602117772
13018,467.7673724594715
13019,105.40114312143255
13020,56.57388498407603
13021,499.59160787398883
13022,498.4474735867712
13023,347.9629139181931
13024,72.0985845254169
13025,495.5141001945813
13026,130.49370793302162
13027,208.8124215549223
13028,474.6004340228794
13029,500.0
13030,342.1799110551767
13031,175.94090745940514
13032,500.0
13033,499.66101786455636
13034,499.4995485934764
13035,57.72122565102071
13036,170.81667774831988
13037,52.3592265125111
13038,100.7923733263932
13039,494.12501886616235
13040,205.41961687130913
13041,467.279784654854
13042,292.3020130270032
13043,498.80996679201365
13044,494.2196354556489
13045,484.27957048313783
13046,150.08907869817247
13047,66.87286656311878
13048,500.0
13049,499.19487880921577
13050,69.70137318928349
13051,499.2862950641711
13052,411.30822258725004
13053,500.0
13054,415.0294164972397
13055,90.48809890052927
13056,282.0456696108904
13057,104.88977421571616
13058,135.3041057972732
13059,102.64395695083962
13060,175.3112166121161
13061,160.75095324841408
13062,420.0998758573171
13063,451.4914394360036
13064,498.7221094020245
13065,499.98470764942954
13066,285.13269560046353
13067,96.96409029304185
13068,143.77119027980973
13069,117.5044635442313
13070,251.8595936115965
13071,497.1277985892759
13072,497.70785741865933
13073,467.2029497398811
13074,157.3728064018219
13075,173.58631083279613
13076,467.2085516145215
13077,56.50948369882542
13078,475.4944079212361
13079,432.3515304468171
13080,290.66526852435146
13081,458.35488036018035
13082,462.2484802197212
13083,204.2120057907344
13084,89.52046866058753
13085,326.185848422437
13086,449.11214380841915
13087,449.6478775668073
13088,412.5090963032435
13089,500.0
13090,59.77960419317688
13091,500.0
13092,119.22569385364888
13093,357.2383748636231
13094,53.6487131216363
13095,405.8694610074725
13096,73.15176403975616
13097,250.17827215256483
13098,179.76584708383677
13099,340.17410042169865
13100,449.3020118170626
13101,55.68759438762615
13102,268.01368000604424
13103,301.0366074593801
13104,455.10469652295603
13105,69.77962422458485
13106,85.04177656814468
13107,496.9793434289486
13108,465.8081946115972
13109,179.00543420482694
13110,241.3414368791439
13111,75.05610992615439
13112,64.65899854119013
13113,50.05533148996655
13114,381.81059311118617
13115,61.26135077476554
13116,256.89706842745363
13117,54.39233961345015
13118,60.1609400095968
13119,500.0
13120,127.24438716732331
13121,102.39671932782224
13122,435.7594328392945
13123,74.5460302101024
13124,500.0
13125,50.81368863154381
13126,497.58494487568043
13127,500.0
13128,411.7759053702115
13129,72.77075147155345
13130,57.40222298293692
13131,500.0
13132,434.00326615734406
13133,496.5766305535671
13134,427.8127207953524
13135,58.37788080024737
13136,59.541026596064846
13137,73.00057357769136
13138,154.49088171174196
13139,467.91207997860363
13140,223.50926706201187
13141,467.3442338809766
13142,461.8213036349787
13143,295.2316059794945
13144,63.7131103783796
13145,500.0
13146,418.7583999352139
13147,110.7387952553874
13148,208.05926035887748
13149,498.5459186950987
13150,271.4659291792228
13151,187.0783509330086
13152,194.72288812132047
13153,57.449739669239094
13154,499.596351598394
13155,246.22531744974157
13156,343.4924471073976
13157,142.13838918285632
13158,500.0
13159,430.79969961194
13160,466.23538506156353
13161,332.40350859267016
13162,119.65986314488211
13163,338.7153162028069
13164,192.20162650419954
13165,493.74897531254055
13166,59.54632368792189
13167,500.0
13168,61.213936570503854
13169,362.76436766606906
13170,112.02102421806207
13171,482.72045951347957
13172,57.550319560720325
13173,336.0313862603284
13174,52.207255477367866
13175,250.1758757697248
13176,120.94081000471397
13177,423.84396638795096
13178,172.89377892165334
13179,498.6252923045736
13180,103.79555160134481
13181,96.89342095144852
13182,331.8808674574766
13183,499.7033569980507
13184,312.8604129899746
13185,500.0
13186,474.28305142596065
13187,72.39822979426845
13188,335.2758572978544
13189,72.50497384251736
13190,154.26957560213953
13191,166.80742330124815
13192,474.92130135669515
13193,95.38456328574155
13194,58.87207884719777
13195,72.25236662661658
13196,499.7886844511356
13197,168.67733868998923
13198,498.60300727254344
13199,70.65712365105443
13200,291.9155735689726
13201,198.92963939065277
13202,86.27751601178201
13203,135.00142013662784
13204,65.61750571244804
13205,113.3435389280749
13206,183.97611375579757
13207,499.97866830147905
13208,498.7636830380632
13209,409.9343525797764
13210,63.407006742024535
13211,476.0439386828158
13212,496.52967600404406
13213,424.1339184110284
13214,500.0
13215,147.96239558392898
13216,469.7320635333921
13217,102.45875754509248
13218,395.52869161217734
13219,51.16905736241836
13220,239.82565198115228
13221,259.78680032096406
13222,462.9451597298048
13223,272.83456352359894
13224,120.66107204018488
13225,60.29329358166562
13226,60.148611528636295
13227,53.64965257963638
13228,496.2410908249635
13229,330.75431803149377
13230,346.0158250357193
13231,156.86979408236257
13232,146.3743525008744
13233,63.5810682769046
13234,71.20048709979
13235,307.92876002464885
13236,419.81036494323314
13237,176.15869736607365
13238,498.5909579922985
13239,156.45782902150063
13240,70.71649758830475
13241,325.7057019155017
13242,494.8939634628326
13243,498.4201303468057
13244,70.16651869285798
13245,201.76411002724504
13246,57.00546101356255
13247,146.1089180018023
13248,107.76581692300641
13249,53.79038066193908
13250,500.0
13251,377.8252824337799
13252,71.41956520651158
13253,128.8420277564474
13254,178.66560246407028
13255,500.0
13256,204.74441319673343
13257,71.59660665231205
13258,396.109634747006
13259,459.77373005653453
13260,54.27887111775471
13261,278.7405020179104
13262,113.00959916105535
13263,344.35669596901744
13264,417.576262183536
13265,498.55794620716495
13266,148.93574488325584
13267,180.79044376983572
13268,58.9977670956296
13269,171.8032193280223
13270,318.17821804819323
13271,52.2267693759856
13272,208.1097726736848
13273,468.0323959664992
13274,346.1472341535444
13275,78.03783523547249
13276,500.0
13277,133.3863857241061
13278,265.7362070621703
13279,461.0288378958227
13280,114.8617224163127
13281,148.87132488210355
13282,164.43592552623616
13283,178.19746655878066
13284,311.2223437143218
13285,163.039293112407
13286,70.02306407325239
13287,57.653209298137156
13288,130.70607629330695
13289,56.29392043074143
13290,486.3532722000291
13291,274.84791979546543
13292,101.82862111028084
13293,457.00387343839276
13294,126.1676974799806
13295,53.673511505483084
13296,121.20696319785131
13297,437.0307598132987
13298,495.1678016740612
13299,152.76979021961694
13300,131.01242786071668
13301,105.66879905852392
13302,339.7590068592654
13303,271.66651625258993
13304,340.5998210751661
13305,500.0
13306,56.58648631858918
13307,449.10115646409406
13308,411.5478988341067
13309,110.79782980113872
13310,342.3179294344808
13311,388.70870429348776
13312,87.96273624964651
13313,116.72534098040094
13314,93.26329378713766
13315,482.2608808243784
13316,154.9106620179939
13317,336.28243677233
13318,59.485133427716164
13319,58.357167842082696
13320,495.0905687028288
13321,168.0986853496263
13322,349.3345203366723
13323,168.01072512393722
13324,123.64923427255557
13325,58.0137783192979
13326,463.34813313968533
13327,129.90339986250038
13328,72.96805373453483
13329,500.0
13330,498.42857656855045
13331,47.2662152912262
13332,150.1684500083294
13333,155.473655077173
13334,494.4362084622438
13335,54.79158569613351
13336,99.86320870669716
13337,53.10398104869729
13338,194.1079334704021
13339,101.16337915738325
13340,237.408255939029
13341,339.2282434467817
13342,54.07431648256697
13343,456.61414109275324
13344,288.01479962699324
13345,440.35129690689564
13346,108.34676773660556
13347,47.23770968383134
13348,133.27132609126437
13349,423.52830650180204
13350,60.15866021684111
13351,200.91965209653048
13352,495.5665531398146
13353,497.6864119353977
13354,67.13633250181354
13355,98.10685038345093
13356,94.60406521693123
13357,172.81569307630878
13358,500.0
13359,91.26538635497477
13360,101.98381428816418
13361,499.31822493687355
13362,99.79548428521062
13363,72.81438847819037
13364,158.88425141463688
13365,192.72185656718918
13366,500.0
13367,285.4362612320718
13368,440.6621530625189
13369,74.14557226954544
13370,469.62665283798674
13371,59.56301035375027
13372,202.07391674767288
13373,73.44006029251638
13374,137.4605351315963
13375,55.38816317032996
13376,76.77173358472385
13377,62.91451815053516
13378,130.41314590807232
13379,60.262778890158756
13380,99.73396253447362
13381,500.0
13382,293.0300098185484
13383,56.04980334604793
13384,57.84340583784201
13385,481.80133920631306
13386,322.84935582034154
13387,65.18269764559001
13388,476.59485407672287
13389,411.38767206350985
13390,300.9918288257178
13391,73.69962124532367
13392,56.89978365003431
13393,53.827736202490534
13394,430.46106161272763
13395,500.0
13396,334.2314105064944
13397,452.3422429664906
13398,93.00234091956382
13399,486.5169388355657
13400,281.973588550106
13401,67.87496352299827
13402,318.9545009745074
13403,398.1748215834583
13404,206.45306888353505
13405,499.35435242016956
13406,139.41572379381583
13407,499.16197715690214
13408,52.078671239540576
13409,500.0
13410,194.40851527996517
13411,499.3658647232257
13412,145.76582919982582
13413,59.74802352233357
13414,158.69478636949037
13415,300.32606792717434
13416,126.36463530173357
13417,70.34562579430526
13418,144.09934763601055
13419,178.60207573449844
13420,147.49460923424266
13421,500.0
13422,69.94043865112086
13423,500.0
13424,108.48593452763338
13425,114.03444226392358
13426,473.2619217878851
13427,355.22130751655226
13428,79.29906931570882
13429,485.5422240686361
13430,169.3871862563855
13431,490.0219965651286
13432,46.87294372192983
13433,463.49255350667016
13434,96.2450050063087
13435,110.69165150093681
13436,116.26776796239012
13437,53.17558309797766
13438,152.37189784853354
13439,485.8725144172617
13440,60.2505501353771
13441,260.3314522356015
13442,341.0147835548127
13443,55.26725702342978
13444,110.19188070035608
13445,456.6771959258242
13446,322.3380850074708
13447,110.44809975155255
13448,99.78932844888601
13449,495.1838617197857
13450,422.4864200147582
13451,100.15924386257171
13452,322.2525624463018
13453,227.90789860398223
13454,462.2741942457552
13455,92.108607038032
13456,180.2196008603146
13457,63.78159586851493
13458,438.89108199323937
13459,249.15747916757718
13460,498.6574867021245
13461,178.58095321985417
13462,97.19009740581461
13463,253.45132317777345
13464,496.07400511185676
13465,497.2747059951547
13466,455.63507252082843
13467,51.55343063835793
13468,346.83580104997696
13469,410.0758721566091
13470,95.98306727774246
13471,69.84762091252456
13472,57.752179549690155
13473,257.64276945205074
13474,118.22056670225314
13475,450.29661147587365
13476,500.0
13477,111.21612203634697
13478,56.92129280350888
13479,45.820240502956246
13480,160.3117463336091
13481,499.1043429995514
13482,500.0
13483,235.75350268475967
13484,499.41700994081634
13485,358.1291494561193
13486,418.86557304094805
13487,55.178967226552075
13488,102.99994120739808
13489,148.45554708428404
13490,491.11311674734156
13491,72.11655353134516
13492,51.14621250291708
13493,135.68704982114812
13494,483.38881826245495
13495,67.4954610874958
13496,411.7275639317479
13497,442.4981331373225
13498,182.12762714003867
13499,57.18469977052452
13500,115.29633508996284
13501,473.7688011779586
13502,189.38636652770475
13503,497.47873103765426
13504,500.0
13505,64.82702919369504
13506,58.00287452475971
13507,500.0
13508,116.52507674052876
13509,261.4585311434938
13510,248.06343030872347
13511,110.8818533429837
13512,412.51358554813316
13513,281.00076230864454
13514,114.03750221970951
13515,500.0
13516,73.77067349413616
13517,202.01702665389413
13518,106.02470740265126
13519,252.30507463759898
13520,119.1907392680867
13521,461.12942596664595
13522,482.582925954395
13523,54.40571908882765
13524,58.09912184636141
13525,82.71838558038039
13526,52.35433669728698
13527,226.7191792242418
13528,82.66894405021515
13529,137.21548009792
13530,500.0
13531,65.10628221482386
13532,384.67021493509327
13533,180.55623242712846
13534,110.48791242302772
13535,436.2237306495403
13536,481.66548447672517
13537,56.42288624034974
13538,70.68144304967834
13539,52.023275690612095
13540,141.2063186607643
13541,296.2719266855057
13542,72.57098685912975
13543,470.8453466627277
13544,119.57188440080033
13545,65.59122312360871
13546,138.83242703771268
13547,47.64105710457884
13548,52.65928467008407
13549,500.0
13550,83.92361102200225
13551,144.0606761917536
13552,60.73935043850061
13553,70.87187101685731
13554,102.13172093285442
13555,256.46671640684696
13556,169.96959572621637
13557,467.7767951368754
13558,483.154108494505
13559,319.3438554607452
13560,194.72646201904655
13561,328.6776003903186
13562,500.0
13563,106.59045060871938
13564,134.83822175368772
13565,500.0
13566,255.6139350890499
13567,138.91333297602796
13568,186.91897630580354
13569,499.8361302428825
13570,500.0
13571,286.7013932557899
13572,498.483704650582
13573,446.84383457026536
13574,193.8841616338324
13575,381.61021448613053
13576,114.0448887046164
13577,500.0
13578,475.43592291760626
13579,500.0
13580,128.75511482431483
13581,55.06428933388355
13582,116.19667892063218
13583,59.35405374404701
13584,481.06030562097425
13585,500.0
13586,262.67725575904063
13587,103.0813905813603
13588,107.21963868024866
13589,459.9628426647476
13590,198.43847722786228
13591,497.256284584175
13592,93.42931184590807
13593,118.50568474191728
13594,269.47751684393336
13595,57.79529481639269
13596,54.69593275948685
13597,500.0
13598,490.1709752270302
13599,500.0
13600,163.49096265070136
13601,78.12174156316263
13602,312.31472778071884
13603,498.1862674321301
13604,337.14265870191576
13605,500.0
13606,188.0232703361759
13607,467.27552833563766
13608,167.27431898099812
13609,195.5219491615934
13610,73.28015293995881
13611,475.515607257049
13612,54.52710349619463
13613,50.928953773262236
13614,499.08244023493853
13615,203.75444231274287
13616,392.8929341206746
13617,174.467892720139
13618,343.3618809950224
13619,190.53506463330245
13620,97.88780436338936
13621,270.9749850166244
13622,117.84584758189129
13623,499.19632246654874
13624,123.89740878822226
13625,102.9749467903187
13626,70.79110618070756
13627,107.82053764110219
13628,499.9978137708466
13629,416.15606105802715
13630,458.59263454082395
13631,154.25365547821664
13632,235.2414824568086
13633,217.07214516359085
13634,448.5550301981841
13635,60.830244415407776
13636,120.46829367554848
13637,95.15595328281888
13638,496.8539166528277
13639,486.58555669132727
13640,419.285851219879
13641,205.2725355729512
13642,107.78690403918878
13643,41.684341274338436
13644,345.3497659325371
13645,74.30494236036374
13646,54.48662566486276
13647,118.36227584822655
13648,500.0
13649,70.05746306768137
13650,417.9479300922993
13651,61.442607285880605
13652,73.44952693713367
13653,60.37977853551867
13654,57.653601855274864
13655,274.01010658182076
13656,442.99144050070436
13657,499.299605613923
13658,410.9807992170554
13659,500.0
13660,468.9294782469647
13661,116.72289276616962
13662,500.0
13663,165.75498138592783
13664,428.4754552999555
13665,130.36420893018237
13666,496.46369535785993
13667,454.2005842526164
13668,55.21251757426097
13669,496.2215796406165
13670,359.02931544736225
13671,301.8629761863594
13672,203.5460818928162
13673,103.97445539071865
13674,60.09497026870133
13675,499.84183210759863
13676,500.0
13677,75.70937253348467
13678,500.0
13679,69.7991738592603
13680,500.0
13681,352.77225277599166
13682,60.588404795142765
13683,104.49523842382115
13684,500.0
13685,59.08555632450273
13686,57.893951832908634
13687,91.28629315694168
13688,56.69393407720138
13689,366.2512710630643
13690,288.1954983750521
13691,286.82089620027153
13692,353.43066438092194
13693,260.03980342816016
13694,122.396995281115
13695,246.11581079302272
13696,58.99309606940402
13697,334.51834163116325
13698,486.56679739150263
13699,80.33942972088867
13700,359.072045276157
13701,500.0
13702,500.0
13703,338.54213934245263
13704,476.75213977922397
13705,479.0689380205473
13706,498.76651463676086
13707,76.35189967999912
13708,93.09712612479689
13709,370.22825300708314
13710,204.15925789983532
13711,116.3987180479264
13712,112.08420499676595
13713,466.9342734087071
13714,500.0
13715,313.5772514086598
13716,499.31074907917923
13717,106.35209360401015
13718,500.0
13719,268.746963100831
13720,182.5794840219135
13721,157.71953350540213
13722,98.64797166123812
13723,177.96172671880396
13724,270.19756384398147
13725,475.3088818246109
13726,197.64132061939915
13727,499.0018576969023
13728,57.29766774553141
13729,497.3656891565986
13730,284.0882216628456
13731,500.0
13732,104.93312656480835
13733,499.37511531651865
13734,498.2307330185187
13735,370.78450324918293
13736,372.51677215810673
13737,426.7980775657111
13738,48.81311273990613
13739,98.6840173029172
13740,140.90615710024088
13741,495.8661021684702
13742,453.2804881864673
13743,298.92045542712947
13744,105.79920259454612
13745,500.0
13746,59.333137763145096
13747,289.1279182681157
13748,500.0
13749,462.74260382605206
13750,65.01019466199433
13751,263.8100055237478
13752,349.1080134817984
13753,71.3080414955542
13754,498.2367258810864
13755,60.99691079589486
13756,500.0
13757,194.69362975738898
13758,465.15222163373187
13759,130.4682183192255
13760,47.61330296118511
13761,194.58781856819962
13762,128.71023252294594
13763,54.396728382083026
13764,101.69761315712081
13765,221.19115687866736
13766,63.38473682790818
13767,489.66830519731883
13768,123.9246227492867
13769,459.83673754444874
13770,112.03470717938234
13771,155.21260582505613
13772,500.0
13773,119.60037513778559
13774,54.81608907685022
13775,91.27474669304134
13776,292.4029044215318
13777,110.68709610248129
13778,49.47636504144745
13779,389.4835999246693
13780,64.05863131378928
13781,93.10019711384066
13782,437.051659302341
13783,109.24695234695312
13784,500.0
13785,87.98725033291313
13786,265.8932222943666
13787,151.144419238476
13788,500.0
13789,500.0
13790,57.811666060327646
13791,483.94575337010286
13792,500.0
13793,105.33212768322437
13794,132.57318676424225
13795,50.307941378767865
13796,128.91716206561154
13797,101.05170555407594
13798,270.28365133505025
13799,265.16522139549545
13800,342.60021570960976
13801,191.87358197213464
13802,246.84335783917498
13803,245.0690356152853
13804,105.50606613288983
13805,268.21289040828054
13806,335.1529403740458
13807,263.14414489806467
13808,236.85279103625038
13809,61.570448710831855
13810,499.84725096668285
13811,322.39784715684243
13812,284.2817676794818
13813,152.3377617167551
13814,114.29892405810526
13815,361.02595861697046
13816,204.610574836559
13817,455.3265187174285
13818,448.357327807875
13819,145.943241823666
13820,55.94742376800211
13821,272.525411153077
13822,57.76330259905754
13823,459.07729033475846
13824,270.72708288625313
13825,494.7685919449043
13826,329.9861345383679
13827,106.70090697482708
13828,498.5020658610947
13829,108.04137388308449
13830,96.20770478066342
13831,498.8270510497192
13832,71.90757950187643
13833,330.4121632748279
13834,407.03217598871254
13835,500.0
13836,500.0
13837,68.0969905380468
13838,499.1266840537817
13839,55.48719854985376
13840,100.24917046621209
13841,407.35535866222494
13842,186.00231079801546
13843,274.9606906135782
13844,73.6118815452602
13845,71.65244694462123
13846,500.0
13847,59.66678542228891
13848,71.90152455854914
13849,172.1437989752682
13850,138.56081448423868
13851,173.79057066481496
13852,69.87112275979243
13853,144.51022704225954
13854,493.92029217394634
13855,343.14638931998957
13856,500.0
13857,463.5517480556478
13858,207.09450655520146
13859,52.538009748638125
13860,448.2826506198571
13861,107.261055571979
13862,437.2749610724411
13863,99.17917433639431
13864,114.09078658954172
13865,61.987738955181044
13866,113.84393279766181
13867,499.0024906112792
13868,334.8261508926453
13869,500.0
13870,471.1170191454775
13871,170.07207513348408
13872,499.9745388847567
13873,349.19631932664356
13874,54.60825567779025
13875,139.4398009938943
13876,99.64514225527034
13877,54.08615534052758
13878,143.1024088708847
13879,495.9621648393879
13880,133.82481637661556
13881,338.2038672410867
13882,355.9187969296612
13883,416.67264518590116
13884,339.794299965127
13885,323.3248824488761
13886,63.969366772016684
13887,142.77473787787167
13888,183.25698979783277
13889,154.55014521549924
13890,59.114316466154705
13891,498.8034999150745
13892,56.879643907966226
13893,192.41083533663812
13894,54.77010221165118
13895,459.2971294751366
13896,393.2478161828199
13897,70.62614109530823
13898,332.319009466175
13899,106.83886028078184
13900,443.9539653796871
13901,433.0174990336743
13902,356.601989754153
13903,336.6346330986937
13904,75.9989719229774
13905,500.0
13906,499.66052250098704
13907,95.04038537348961
13908,134.15715576051494
13909,129.76699360166543
13910,291.3185022361447
13911,500.0
13912,205.2322900201315
13913,117.09414940695797
13914,120.97600505208422
13915,207.51247465144394
13916,57.734319901920486
13917,332.75702803532
13918,72.07229204296652
13919,70.68904465101893
13920,497.1395676160828
13921,99.2749823944012
13922,216.35551116270534
13923,496.211739809551
13924,462.978099001495
13925,500.0
13926,118.50664340025557
13927,60.62888859456983
13928,335.06718910808974
13929,500.0
13930,61.63743261857496
13931,74.0978794231022
13932,289.4604957070949
13933,77.63569596372065
13934,386.48975938616513
13935,404.4583406469929
13936,450.1165843147036
13937,474.13075821099835
13938,491.4617778887455
13939,48.40649268698775
13940,498.6490060997275
13941,79.79259092942395
13942,483.2957531425086
13943,496.6575037143374
13944,489.3691488018591
13945,500.0
13946,488.8951828929728
13947,350.2136232843734
13948,403.06521374737923
13949,99.66991735354867
13950,490.25316384194286
13951,499.8261868364742
13952,500.0
13953,483.9800173064189
13954,107.28924776693864
13955,72.25517796620152
13956,59.11717263018923
13957,56.697146006520086
13958,59.230971853295706
13959,204.00656977001097
13960,106.44020334030498
13961,73.63883049872392
13962,266.8759953378485
13963,500.0
13964,452.259386386853
13965,57.396052587206384
13966,138.96346284790621
13967,487.307065683757
13968,145.5978552680977
13969,333.36144227625925
13970,427.52894614031
13971,300.2750298674114
13972,127.48745117960348
13973,123.65281073273042
13974,460.642695132849
13975,442.643654848358
13976,491.36086279174805
13977,100.79348809674735
13978,461.72193564410236
13979,75.418700391415
13980,500.0
13981,255.7457483913895
13982,75.19474979422512
13983,500.0
13984,99.43249037306552
13985,107.18194666637243
13986,186.0954505752706
13987,500.0
13988,73.35489524688454
13989,495.33617201301956
13990,500.0
13991,69.19035028286098
13992,58.36876873616099
13993,164.32980849144778
13994,499.3616942322196
13995,321.75300429750376
13996,68.41146246660843
13997,167.86924235238027
13998,74.18440481319271
13999,498.97859622611605
14000,193.05315257764124
14001,263.37209004885364
14002,449.54641737643874
14003,61.16602084121367
14004,500.0
14005,436.00437468882046
14006,132.4449343881154
14007,498.8911756488276
14008,364.4346846890554
14009,127.90239912287143
14010,71.97942497337331
14011,85.19834422537139
14012,119.0307860970295
14013,324.4638676457069
14014,318.25622537458514
14015,262.18311448293593
14016,61.663070789109256
14017,98.90908302960855
14018,53.99980296236028
14019,480.4460591024605
14020,500.0
14021,391.07451969868015
14022,466.88725788644234
14023,94.67674303894296
14024,71.32443937773671
14025,93.15158496233016
14026,128.15214875734176
14027,214.0280941316486
14028,46.99146636784691
14029,463.40387241759146
14030,494.5390739146144
14031,55.054755612151155
14032,246.56722980010633
14033,116.35626136093781
14034,173.02009754108752
14035,498.65854755810005
14036,199.1604902709929
14037,57.549181572224484
14038,52.73648935408113
14039,310.29461647792704
14040,120.98792731720852
14041,154.96938959555217
14042,113.47171429472132
14043,53.107322562617355
14044,337.3126803885404
14045,122.57709264150886
14046,216.5779533320212
14047,498.13002587868283
14048,69.46669343123419
14049,500.0
14050,330.9709293165607
14051,102.94370086725232
14052,58.28330966131802
14053,471.58256612970854
14054,129.08358682325533
14055,100.24659656392275
14056,486.36953566426166
14057,195.99231450941232
14058,204.48307152960356
14059,335.907120020091
14060,104.45200647927021
14061,441.77742445620686
14062,123.38928495076519
14063,165.54800064633213
14064,339.4130013267256
14065,138.67717540760202
14066,51.62136596505076
14067,185.08083700618266
14068,307.55597900340996
14069,198.31028019621118
14070,457.8802105444308
14071,234.8832621885796
14072,88.68259903736437
14073,98.47809679819113
14074,498.92977247874273
14075,424.4933510993042
14076,44.54327578533103
14077,448.853666322367
14078,59.34805947890703
14079,181.7944085157675
14080,344.41943953228724
14081,71.50083717478164
14082,314.75551453292377
14083,457.43446730856095
14084,498.1417144074412
14085,495.8474942925898
14086,65.50988453615284
14087,495.23797581202535
14088,497.27938035947557
14089,500.0
14090,138.68064181132016
14091,62.74435050666884
14092,499.683727744031
14093,331.84539220248416
14094,500.0
14095,499.7923536956346
14096,500.0
14097,133.41182334905136
14098,500.0
14099,497.952862788414
14100,47.24822688356973
14101,335.2803993795453
14102,283.62249971474677
14103,416.07019837594004
14104,457.6487166782481
14105,499.7156418371894
14106,58.5582596914577
14107,157.90280798590732
14108,218.0852433723544
14109,333.4508744549716
14110,125.65767953866674
14111,500.0
14112,154.70674323061385
14113,195.42041934189868
14114,403.9286694841012
14115,388.95578204877813
14116,349.9496534427792
14117,178.36977906123914
14118,89.56705120635309
14119,218.29093037303807
14120,497.8368828507572
14121,72.50575143244677
14122,443.683613280347
14123,97.14158394001873
14124,154.8672891245554
14125,400.7541509280688
14126,427.4442296219795
14127,471.0973510723203
14128,109.35862276690023
14129,54.948356343637016
14130,142.97588307825418
14131,308.9620447126416
14132,53.30639746020424
14133,96.48424760182293
14134,59.69749340119846
14135,121.63222590948763
14136,62.11828329166381
14137,57.302301570462724
14138,500.0
14139,134.61319497432137
14140,182.39034820256293
14141,113.17178959119698
14142,165.1983634048251
14143,99.6185755442078
14144,388.67647880464165
14145,61.02627736450039
14146,489.6242894081995
14147,317.7933642035018
14148,172.84715077735294
14149,69.17182853540467
14150,52.258895870427125
14151,289.50271654830715
14152,446.54083085897423
14153,167.41035322611654
14154,127.36244774814577
14155,58.084709326731186
14156,91.81383484437373
14157,74.67017310700727
14158,380.43991493282596
14159,400.34748584943526
14160,323.6232706791368
14161,59.32823054311102
14162,500.0
14163,49.746209347971146
14164,115.85895379622318
14165,173.4093380228166
14166,424.7142429041502
14167,148.26667251591968
14168,483.1624216006915
14169,155.4247368787897
14170,500.0
14171,255.4926368275129
14172,60.15579345514357
14173,259.6906694531625
14174,432.2463750980538
14175,110.17675349809693
14176,494.9428101274958
14177,251.2581857181919
14178,125.25920251239822
14179,64.08548659832127
14180,324.9742427584924
14181,312.1217196382458
14182,302.25888333279255
14183,487.33633203257483
14184,283.6263196780376
14185,405.461188571844
14186,94.61061672688965
14187,342.4692759994392
14188,95.6067514316524
14189,500.0
14190,56.501683245552385
14191,190.31503033311319
14192,499.3419495381528
14193,184.06431962373986
14194,409.93274349655775
14195,454.9329958492833
14196,434.2941931871652
14197,105.45547913059266
14198,482.1585390224153
14199,58.74888962081545
14200,61.23278641780286
14201,357.9999474966938
14202,413.26161787644037
14203,55.84016901259418
14204,116.57458136978647
14205,179.28805352033723
14206,74.82604479348022
14207,60.65845809712762
14208,119.40932437768262
14209,144.9463423355375
14210,499.78172820710734
14211,61.918783673668266
14212,110.0605023173843
14213,108.11569498510158
14214,148.03896803085425
14215,185.39793901019306
14216,499.9614148532098
14217,480.31011777598764
14218,442.016308533425
14219,167.06748773943366
14220,191.58109262517343
14221,445.8697513223767
14222,454.9158617166179
14223,494.3986856700754
14224,101.03010864130299
14225,492.96478187308196
14226,135.13909996057117
14227,151.48400833102977
14228,493.9603208739618
14229,499.588469617323
14230,139.75339604431446
14231,136.10591976152
14232,112.28174689367458
14233,48.88587585502712
14234,499.5342014913176
14235,392.4630598251796
14236,452.83727204844513
14237,434.4339379811414
14238,351.8066711309466
14239,117.90270136003775
14240,119.37758015041024
14241,498.80233662260946
14242,72.27743173352052
14243,58.962916118889
14244,500.0
14245,352.8376731273371
14246,54.89116624796304
14247,437.26872759968785
14248,445.81224963331925
14249,49.79852379874987
14250,156.00381931774797
14251,69.34561565319072
14252,58.906387358522316
14253,496.4286878928134
14254,358.692939525192
14255,289.6063992571809
14256,291.9733042289803
14257,322.14770412666803
14258,108.84742146043999
14259,453.0829676216573
14260,477.13905921256475
14261,106.5335196915394
14262,137.78329507072957
14263,120.12604521514206
14264,73.1666533591042
14265,280.33628286217174
14266,303.0916721204633
14267,122.92363424222967
14268,358.4157918323821
14269,461.4796843815747
14270,436.51437697723463
14271,343.9360227748516
14272,123.17312703695018
14273,109.87462287429594
14274,500.0
14275,49.5071802065994
14276,63.33610710862126
14277,204.60354336767512
14278,170.09756997088633
14279,229.87764278615742
14280,60.26226427042344
14281,494.4560584914003
14282,123.55845309690687
14283,302.067538028238
14284,219.64785497409864
14285,353.9218885371826
14286,62.434573583444596
14287,500.0
14288,499.1310961284934
14289,500.0
14290,118.25892052826686
14291,415.05933395659116
14292,500.0
14293,189.73171299288185
14294,471.69508093746737
14295,105.5780564390415
14296,461.9912521818833
14297,499.79825953765885
14298,179.55960368763132
14299,242.37225792872084
14300,185.74210016593713
14301,183.61543207797473
14302,317.6157058560957
14303,460.9641896107593
14304,111.66276147906822
14305,71.23349207133205
14306,56.15943475985687
14307,134.63339581636254
14308,141.32710769537567
14309,62.8315558664639
14310,372.9980354533486
14311,498.3178476011913
14312,491.69050121200917
14313,180.04992090546347
14314,499.6197712020957
14315,117.16135530757231
14316,435.4236712203904
14317,427.67260848272167
14318,466.61663874289377
14319,124.85137708444319
14320,467.03620420201423
14321,55.69473619193052
14322,361.7746870181597
14323,392.11666225200975
14324,205.1659642262603
14325,332.1014782011074
14326,50.11076053489029
14327,62.61509147215402
14328,164.09201005050534
14329,57.94243355603034
14330,489.72631169471015
14331,154.84004272393224
14332,497.41115022837425
14333,102.35992015364012
14334,288.41228139114503
14335,54.91331231090311
14336,470.82000201310757
14337,72.23017233599992
14338,500.0
14339,349.4102380430332
14340,414.935987506143
14341,89.33028607885457
14342,445.42184702937664
14343,430.8194740988233
14344,154.3598163875492
14345,312.52773891782533
14346,60.04417009015127
14347,111.73838491136668
14348,494.902879260398
14349,136.54854449836205
14350,72.47005905506668
14351,500.0
14352,440.1926918581288
14353,122.51328764081991
14354,95.94137223188397
14355,171.52341707532997
14356,467.9379245559403
14357,45.58654402847993
14358,175.92838994025277
14359,500.0
14360,380.4885616441687
14361,59.388916956927815
14362,498.7689187907865
14363,151.07734047646272
14364,500.0
14365,108.19837039658262
14366,482.9254161168632
14367,74.6503101638339
14368,324.95809716159357
14369,334.99472514301976
14370,342.1782957588983
14371,195.19734883013365
14372,57.866867177014996
14373,57.84692974735794
14374,498.53762452979055
14375,274.3861256092115
14376,75.02128295320692
14377,108.02938103256699
14378,428.4318358327705
14379,77.41013325526636
14380,493.8184130172677
14381,59.658547120319376
14382,444.9367836536321
14383,186.19940388977366
14384,135.74542963865758
14385,490.9995067540348
14386,108.6086321154527
14387,291.8914300776579
14388,149.66739424170743
14389,436.7995629447822
14390,105.80833669739454
14391,334.5001178383598
14392,63.20267804354625
14393,59.56998784094557
14394,464.0414697809889
14395,389.8945772284757
14396,428.10931191358077
14397,500.0
14398,72.30147437481497
14399,227.49412440875113
14400,483.31224833909505
14401,476.8128271814089
14402,500.0
14403,124.47017637763275
14404,498.82620160534884
14405,119.41284801740926
14406,499.6156066354879
14407,130.57954084089596
14408,472.2686222131475
14409,277.61810389389035
14410,446.90213023178535
14411,52.59873307804595
14412,180.9590472901629
14413,103.26739173696099
14414,62.02586678423546
14415,461.21922216728717
14416,327.90662180189145
14417,440.21859095555146
14418,74.29088365733928
14419,232.41543618146235
14420,316.14502012697113
14421,72.27424363465701
14422,98.0847847707487
14423,498.7860807573133
14424,481.76311260720104
14425,56.55616952018701
14426,201.03892187215064
14427,439.0095182121811
14428,96.2388609357991
14429,108.9196942783027
14430,285.9418384041269
14431,462.68473755776176
14432,57.672001375040566
14433,89.55857844531994
14434,53.560950030334375
14435,314.6574395198388
14436,499.96167268826207
14437,500.0
14438,97.35622435296357
14439,405.90301260959524
14440,132.92979430766405
14441,57.18451712296019
14442,500.0
14443,500.0
14444,497.1537498389806
14445,204.2582654040867
14446,457.6528285626344
14447,493.99224268717154
14448,303.65043125282295
14449,216.30586442321695
14450,95.43969263867794
14451,295.78235001339874
14452,162.08396990948225
14453,249.00885677658593
14454,491.4641255327517
14455,94.51002397114038
14456,368.5178581155153
14457,193.3205358974953
14458,161.91477054872087
14459,414.0871937266604
14460,54.8819582366476
14461,480.89480931848755
14462,67.69185388666436
14463,51.42744979221325
14464,148.39977475896043
14465,264.26504494395033
14466,500.0
14467,218.39910607752148
14468,160.28684222147632
14469,54.68392492836046
14470,74.4961589838276
14471,499.83412418265095
14472,398.42115067706754
14473,71.81053182923252
14474,277.3576091600997
14475,107.44355057418365
14476,427.255436631951
14477,111.7579523653865
14478,206.46156349697355
14479,92.10608427059162
14480,356.2826346686079
14481,275.5994724192128
14482,78.38341955246372
14483,492.54803742939066
14484,412.2528525735415
14485,472.8245769138347
14486,497.0622856989513
14487,137.9085195591977
14488,498.9685357852727
14489,500.0
14490,499.64871150368083
14491,58.36704441139631
14492,59.91102377673215
14493,114.06738303659444
14494,111.28774524922267
14495,197.2580975979968
14496,411.37333160097717
14497,456.05632977507
14498,98.06069091309678
14499,483.1021656813752
14500,192.64592906973326
14501,47.44376049355256
14502,386.4969381265631
14503,405.15349646190555
14504,430.5387465715959
14505,499.99153569924607
14506,277.7242241506854
14507,80.61131839307299
14508,93.1372556142684
14509,209.71173293429388
14510,166.07937076748087
14511,59.6817879729337
14512,357.9325446225352
14513,499.22772124119933
14514,465.60709152600816
14515,460.0853160815145
14516,270.2549950491312
14517,63.6917944052876
14518,120.45293077764077
14519,164.1386724105623
14520,104.764543800653
14521,334.25456482460936
14522,356.4841752692041
14523,486.2349402367564
14524,113.77732386389211
14525,101.28110921684097
14526,69.56830645268275
14527,174.29026397592443
14528,196.30520543097924
14529,102.8306031994691
14530,483.2434505554976
14531,289.8731304352769
14532,56.69278915625855
14533,500.0
14534,500.0
14535,284.91574563106013
14536,488.9561400588901
14537,58.39387974165878
14538,128.271804249367
14539,149.86394216666957
14540,183.3846136809088
14541,207.2951448389125
14542,58.5567294600142
14543,495.41812594783823
14544,70.86622890258073
14545,131.2233247573801
14546,57.128910874156716
14547,490.065570202401
14548,105.08759321019382
14549,207.94901722421525
14550,118.06318244199707
14551,49.187855344219756
14552,267.3225877425742
14553,142.2618543581583
14554,100.39251991346265
14555,461.4571318232833
14556,499.71559971860563
14557,146.90635469474066
14558,500.0
14559,479.30497160302866
14560,91.3331806006143
14561,44.42324726216761
14562,170.1073079103581
14563,106.95731756071858
14564,391.1331306347138
14565,500.0
14566,225.58738354492777
14567,212.95287400589888
14568,291.4410204898219
14569,76.9503997782292
14570,477.6662236115819
14571,134.0716548552692
14572,104.14760142760426
14573,455.54350988208364
14574,186.94483445640043
14575,499.66367084053155
14576,155.7223203989678
14577,95.26346577085071
14578,79.29844606571685
14579,300.2896633262896
14580,500.0
14581,172.2173856219586
14582,297.7005617622804
14583,55.047738366293856
14584,102.23324170622055
14585,272.29245529711824
14586,272.02166272278885
14587,470.7907305926953
14588,199.25893152131005
14589,499.368030219209
14590,335.0637403475092
14591,498.8328312424474
14592,59.54315512100868
14593,127.15603620735222
14594,156.12991525069586
14595,179.94719622842155
14596,46.76595653600551
14597,423.7676865405023
14598,61.891729760453856
14599,183.34898451508334
14600,136.09608455780432
14601,499.88505764194656
14602,497.6573634495546
14603,150.851059094207
14604,149.86218077293478
14605,101.03676609247297
14606,497.8693161317924
14607,56.07635861237469
14608,419.4825545523888
14609,472.89491338528387
14610,423.31697750157616
14611,352.19219126129
14612,297.9421826842242
14613,87.34102244088797
14614,495.7701558358905
14615,500.0
14616,447.65437714628683
14617,500.0
14618,143.22600919364402
14619,271.5403031073753
14620,441.67591241717327
14621,496.2390984370668
14622,228.96474405272303
14623,124.78213459871779
14624,138.7181581022957
14625,497.98854052560773
14626,287.8195334208197
14627,54.98346204192481
14628,210.98264605065333
14629,170.289252416331
14630,127.80698906549884
14631,149.42491692949633
14632,406.70710351880524
14633,283.0713801884758
14634,124.14812574710375
14635,398.1288569485561
14636,141.49363172347424
14637,439.34721417155896
14638,161.9257549636469
14639,106.98750025481644
14640,155.49734705975567
14641,345.85591086352474
14642,499.6671518047963
14643,495.84288484482533
14644,473.10751864771146
14645,111.52139462747644
14646,500.0
14647,352.3965221025402
14648,500.0
14649,118.27380194578892
14650,450.39010200578707
14651,478.1880367463098
14652,122.7476073460045
14653,148.17336204545745
14654,428.64699755391973
14655,90.23384421404945
14656,190.78857608884948
14657,379.68245045254986
14658,495.8442069571953
14659,60.50965391875449
14660,500.0
14661,214.21227932915014
14662,147.4800562709712
14663,498.80154715019023
14664,497.8166624759607
14665,445.48541205599105
14666,133.06787157958732
14667,307.6355154142197
14668,499.8226834139664
14669,116.11432362997533
14670,471.03103095427514
14671,499.0212696006969
14672,327.70371185668097
14673,53.80461455388123
14674,331.3322682943359
14675,500.0
14676,187.66250872911368
14677,303.3098731888981
14678,400.18002270944646
14679,500.0
14680,209.10890298985208
14681,57.15303165894787
14682,101.72257864951865
14683,500.0
14684,101.11096707064598
14685,160.11470174827303
14686,125.78803488714624
14687,285.48939819465625
14688,133.61053999896637
14689,472.7753613818222
14690,82.53042409969574
14691,106.48834659220094
14692,55.5563594376124
14693,56.86834319200469
14694,179.29896609484726
14695,499.7026177483408
14696,205.6434206810841
14697,128.91512953189067
14698,488.96628552103505
14699,198.93689113483583
14700,133.86936715457682
14701,397.2706444636199
14702,54.0198251996201
14703,72.39814978533822
14704,499.9489301531264
14705,459.3762320381578
14706,488.6728609390495
14707,269.4536984078172
14708,74.69428960538453
14709,102.77636498531115
14710,186.8731474033847
14711,460.1318799715708
14712,169.1288243301807
14713,357.2554951990029
14714,94.29666312947855
14715,499.9327570701229
14716,135.20771940021768
14717,498.78869793849117
14718,438.39461498312073
14719,191.09799954865906
14720,258.5823206667988
14721,356.4876885335104
14722,252.81781783199358
14723,464.23251707200467
14724,68.99418402143596
14725,186.25895567827118
14726,500.0
14727,335.08926016069506
14728,407.94043302521794
14729,202.82330238444345
14730,500.0
14731,243.3043205045081
14732,182.564981492888
14733,322.3398655977946
14734,107.91173630079112
14735,478.7732865349161
14736,498.4943695017672
14737,101.05932830455686
14738,497.37838288054786
14739,256.9213792899583
14740,53.2298223480408
14741,57.879563321793334
14742,267.18435910460187
14743,134.33181053562984
14744,267.43478977051655
14745,122.00330021340491
14746,500.0
14747,481.41489175039874
14748,434.32045147028015
14749,500.0
14750,52.65208248993249
14751,447.14155479269846
14752,445.70337493931277
14753,166.45127551788656
14754,67.42291457558585
14755,500.0
14756,156.77805757356688
14757,88.7488178590295
14758,51.05770277021247
14759,109.1967929280004
14760,286.85856965258944
14761,489.5513998600136
14762,500.0
14763,500.0
14764,406.0196823890544
14765,269.37915604113016
14766,123.72129147138264
14767,111.81308990420781
14768,341.42142939692087
14769,268.90930916648614
14770,190.90336150145103
14771,483.46558641403203
14772,452.72183565488086
14773,450.96176491510914
14774,497.61347412170693
14775,499.5968104146906
14776,141.63761500066786
14777,69.06267543213997
14778,125.24623869420503
14779,213.64327914599656
14780,62.22710546541931
14781,57.43451907696736
14782,119.08508121262184
14783,495.46265559791306
14784,162.0311797033441
14785,58.13899172262913
14786,102.27221885478895
14787,469.30101971882715
14788,60.96492915481177
14789,336.05238837324725
14790,74.47374377714911
14791,68.71430995386594
14792,157.87369128858836
14793,219.7545788406344
14794,90.38500627443506
14795,367.3103048767008
14796,425.2264866766675
14797,296.6894900470194
14798,99.3307028929558
14799,500.0
14800,244.02271070528803
14801,114.58867416097662
14802,73.2981455314093
14803,288.0158060817018
14804,101.50451215479369
14805,469.63030943687875
14806,500.0
14807,269.49977048403196
14808,324.3216870713572
14809,272.7109011198099
14810,57.64252888530588
14811,98.41543746009262
14812,354.2978856581627
14813,500.0
14814,96.89014203935376
14815,354.3613616705836
14816,59.37115032271248
14817,68.62306973265567
14818,330.96941117580855
14819,500.0
14820,184.60969824553126
14821,484.6998097960367
14822,420.0793528553313
14823,436.5782403950401
14824,295.82429360994854
14825,95.29206266428247
14826,53.15396069890332
14827,132.6406670424889
14828,350.92701690064547
14829,184.35737868863683
14830,322.1240089910482
14831,331.47145249043587
14832,186.34295387483604
14833,500.0
14834,500.0
14835,487.7918843835672
14836,268.9513830703439
14837,55.960904324264895
14838,498.504402947921
14839,102.05915349330229
14840,497.68894848606965
14841,138.0273196233139
14842,75.34419320044302
14843,307.70184180795627
14844,488.50269479693225
14845,50.5013982423914
14846,334.811272511202
14847,331.8055500565252
14848,43.7627056893201
14849,113.60888627240188
14850,55.941409568065225
14851,362.4134441701633
14852,118.7005754673942
14853,364.0386711189827
14854,59.40822415051932
14855,498.1762741000772
14856,189.91580978864795
14857,79.30279720072369
14858,498.6838732074043
14859,95.91617857209644
14860,54.04253343091024
14861,500.0
14862,344.903740809354
14863,328.9902440020246
14864,62.30489866212476
14865,50.90349004094409
14866,92.19881061949937
14867,106.82022728103126
14868,498.66117766662114
14869,493.62378591638407
14870,104.71729157657546
14871,188.20723516825498
14872,333.13885462322537
14873,54.970067922812525
14874,266.39057748954565
14875,499.9907137051557
14876,429.6634984125708
14877,500.0
14878,46.304358784881195
14879,140.69772638276498
14880,499.41149419019905
14881,498.9962349583784
14882,432.2074101833304
14883,487.16921060925506
14884,132.73447800070392
14885,483.24463257418813
14886,500.0
14887,118.76677139630524
14888,49.23559782811371
14889,156.13434665260476
14890,319.40411920926863
14891,389.1256706219282
14892,347.03955456621793
14893,228.28869215659654
14894,339.2251328683219
14895,500.0
14896,57.46419024072129
14897,105.46465664834594
14898,494.4929502471356
14899,500.0
14900,95.20918753350274
14901,335.98985079316355
14902,417.6752750826744
14903,251.6949669022065
14904,500.0
14905,438.48069614613513
14906,499.2631104847102
14907,403.9527793397883
14908,165.08733476962018
14909,70.34538812842833
14910,433.31701255494266
14911,382.7672903156669
14912,159.33179304637846
14913,412.62771472195857
14914,214.48904335182883
14915,494.33447309563553
14916,219.63072813111498
14917,145.98029846109864
14918,58.86935445497811
14919,500.0
14920,500.0
14921,463.2445561023529
14922,172.20337167606047
14923,99.92641627835032
14924,142.45402302783734
14925,185.851838102534
14926,414.09580390608403
14927,70.7129971568389
14928,67.57092230920352
14929,397.95314849451734
14930,73.08165051412396
14931,63.234507786730944
14932,106.55198148501759
14933,305.6970695634124
14934,460.9155501838166
14935,462.7418339772142
14936,91.41497051816057
14937,58.48581395044157
14938,419.9625471907691
14939,416.8573761808908
14940,451.1659452770082
14941,273.2608008307869
14942,66.06521045153626
14943,499.7443515130957
14944,75.84575250176648
14945,442.08590100145295
14946,498.99736952167575
14947,60.469648099926715
14948,450.31559566495645
14949,111.74719988381808
14950,62.52657892948636
14951,494.26385060392255
14952,145.0297881663651
14953,111.8943884022365
14954,53.74244108692137
14955,452.1181581030843
14956,336.2164482445253
14957,439.5417527533091
14958,59.054766019091275
14959,498.36621766228086
14960,74.07377278188329
14961,109.4760095746827
14962,421.1876224635177
14963,87.74061506926877
14964,181.4067231303048
14965,198.15848719571943
14966,462.9941444915115
14967,113.05735146985546
14968,54.618395313124836
14969,300.6530133081527
14970,115.64264971002027
14971,410.4066437989486
14972,496.58963881597674
14973,283.90946847055113
14974,125.69758980173697
14975,433.7409185370577
14976,118.47562420450991
14977,174.8084122245789
14978,61.68534750283125
14979,446.7693956735638
14980,315.2364807073341
14981,499.50955976169234
14982,75.49392504962594
14983,142.95329928005424
14984,443.0910040160413
14985,126.1021192870222
14986,321.12733974004067
14987,139.5553595850762
14988,293.967767554513
14989,60.41278749225668
14990,75.9160818269629
14991,55.15382661682678
14992,500.0
14993,92.38358142404684
14994,498.33859129471875
14995,364.48608750473045
14996,318.63262642549455
14997,64.86456374058642
14998,438.2852116348996
14999,58.60708175319547
15000,221.13172906535533
15001,62.44959907087909
15002,334.6939686092101
15003,499.630986185187
15004,191.17795733810505
15005,53.73845473091299
15006,475.95223517065995
15007,59.05641155404037
15008,75.5650622775581
15009,82.67294468332327
15010,324.48107554248026
15011,462.1978559642578
15012,464.6881129129373
15013,94.65955191425459
15014,360.6203083196281
15015,492.72395935145073
15016,500.0
15017,321.2790347944368
15018,416.6673943310051
15019,496.3668324502607
15020,500.0
15021,183.79394823606629
15022,121.14156371132364
15023,454.1775921211729
15024,195.79871247634605
15025,59.86524511356866
15026,122.40948567298202
15027,100.02648323750407
15028,264.20095958850686
15029,447.1162082565416
15030,60.419696039272296
15031,460.4254788823661
15032,346.6592039858848
15033,359.55446763809346
15034,283.75585055311245
15035,95.55168003708528
15036,498.9309163364476
15037,500.0
15038,55.18457554970336
15039,500.0
15040,479.9423360058548
15041,284.47297919793385
15042,243.557747502748
15043,500.0
15044,45.90841057451523
15045,136.82225307271676
15046,63.111922293911306
15047,177.7564202456718
15048,116.49426573058057
15049,382.45473942398587
15050,259.8191473257059
15051,325.29774433336684
15052,110.7388440258662
15053,186.47743623687393
15054,256.6179813130486
15055,54.84028664943691
15056,499.63392810962273
15057,156.67375849334894
15058,199.12818900465928
15059,499.85238912771206
15060,496.84552424087974
15061,75.94155102114769
15062,59.57303274064133
15063,342.09048397216884
15064,255.74227217458827
15065,500.0
15066,179.62121536584033
15067,322.3229486866192
15068,401.96875591044363
15069,126.66901394494046
15070,60.330178371115466
15071,500.0
15072,271.19636954162274
15073,155.21242369230694
15074,489.5857359216176
15075,52.145608221068684
15076,60.02338917446663
15077,500.0
15078,51.71792028105179
15079,500.0
15080,500.0
15081,57.750118834768024
15082,304.66950184277937
15083,465.7712245946768
15084,334.5255927315844
15085,155.75566889223387
15086,256.1911456575805
15087,498.1708189285819
15088,257.22072548955975
15089,148.3189180898156
15090,104.97937356476356
15091,482.35106728488256
15092,399.4442531543523
15093,60.016584763067186
15094,145.2346771769821
15095,495.56367314548066
15096,500.0
15097,104.03007685142477
15098,56.462749704915744
15099,113.64130990260415
15100,500.0
15101,191.8159804299719
15102,416.99113413464465
15103,54.84764662452241
15104,112.65131894436792
15105,125.8491654982229
15106,397.51452425203934
15107,448.4641017426684
15108,277.53594940512914
15109,443.9197064507217
15110,290.0712368567555
15111,493.08301740757804
15112,112.37273387931745
15113,203.53537843837873
15114,59.300457864641004
15115,178.50623004479257
15116,500.0
15117,496.2781724774984
15118,325.84347626867395
15119,102.9451923595127
15120,169.8892172845692
15121,60.83265222542491
15122,114.40584760384414
15123,73.41475044236006
15124,74.35033649993485
15125,75.52809940414468
15126,61.56486736347877
15127,413.78806398795183
15128,494.7324346201225
15129,482.4086394282187
15130,220.13100912767038
15131,119.29396693742203
15132,112.75937316981839
15133,302.8913652383775
15134,340.1963654205367
15135,499.84525963910346
15136,455.7301911684568
15137,56.84043334749035
15138,499.5739325403705
15139,44.462279335142284
15140,68.68751796578762
15141,500.0
15142,360.8649984506481
15143,485.7166924623109
15144,332.9897674144291
15145,408.0708274689255
15146,102.03162840176924
15147,72.66913596208488
15148,94.94984093016203
15149,342.76209658592137
15150,79.30573803308639
15151,498.50773567485
15152,55.845684630654915
15153,499.81230481068417
15154,266.6623592864027
15155,147.3511989872623
15156,54.24116178052486
15157,307.09491424302473
15158,434.65433787866607
15159,60.02920411009143
15160,57.368478803491556
15161,74.51483352484368
15162,294.0315152001185
15163,477.18774950031417
15164,445.7675631246596
15165,357.67241156296694
15166,497.2841169304634
15167,105.88871387367305
15168,88.49364171257699
15169,178.58038933505702
15170,134.4185825988934
15171,167.73772707458426
15172,128.6403058211464
15173,308.58738817002825
15174,500.0
15175,499.5608736292942
15176,498.86718064452145
15177,437.67258337652805
15178,373.33452403667286
15179,60.57527906257053
15180,499.59862519156627
15181,61.208709040068314
15182,500.0
15183,151.7577696103063
15184,266.8012028066995
15185,76.59439501861429
15186,76.96605317953339
15187,99.90661842938061
15188,59.248169428351254
15189,479.876579726743
15190,98.20067854045968
15191,498.5591258028331
15192,267.19075115940154
15193,188.6928166634766
15194,108.72033329143082
15195,285.25458783986113
15196,45.659616311938436
15197,375.06037551456865
15198,305.06298868558633
15199,120.95819691739248
15200,55.2230428873135
15201,494.6336708986064
15202,165.416720784147
15203,472.8262360479025
15204,500.0
15205,172.820576783634
15206,99.13089089687918
15207,337.3708108217767
15208,337.549501539151
15209,109.63358152555115
15210,499.3292609127336
15211,96.56440646313698
15212,342.1496652820591
15213,46.12762786252463
15214,175.71932543668834
15215,444.84658430870036
15216,57.55376582620024
15217,498.8776565864284
15218,426.11643338539113
15219,83.71497490452454
15220,121.35628671691956
15221,56.89117323978837
15222,62.672153478977634
15223,75.41588876959912
15224,52.91447771434954
15225,448.6968016062951
15226,207.8955952948519
15227,144.52663547897475
15228,437.5800245079205
15229,60.85272438617295
15230,344.3596260969191
15231,500.0
15232,94.78617995030744
15233,411.6472808786232
15234,62.50099033062335
15235,247.95851657194908
15236,190.97347310582944
15237,75.02758673475712
15238,174.11757056939774
15239,71.03245925854063
15240,182.2402189611807
15241,132.98482703291273
15242,112.65085847994146
15243,132.88157230320382
15244,194.52257490005678
15245,400.7838170562191
15246,113.1149051246134
15247,241.29107139221904
15248,161.1316953878046
15249,160.88939215065398
15250,315.77568318935477
15251,104.41007248555769
15252,291.2217867941141
15253,491.6459783842158
15254,350.5835949855773
15255,60.0137486414159
15256,480.1203128638034
15257,495.7097706263995
15258,271.98699023836593
15259,423.1018670005211
15260,295.81686715884285
15261,499.3331163011467
15262,443.3823855265638
15263,344.1267615757583
15264,467.8302152934431
15265,104.31524801201301
15266,119.85247007016945
15267,308.4054073590103
15268,486.29223888993374
15269,67.90206613080262
15270,499.75131428665634
15271,58.98025994573359
15272,485.11225171641826
15273,300.97592159505723
15274,335.8778998381973
15275,252.55268577709714
15276,60.77021737102578
15277,57.46076785969638
15278,432.4526308871459
15279,318.7757420391108
15280,61.76092313355733
15281,286.9791753640393
15282,329.5426783250477
15283,491.86926057607417
15284,135.28750201312653
15285,148.03314793604855
15286,491.5568104456047
15287,410.1316642772023
15288,500.0
15289,492.68343942892056
15290,457.92332133008125
15291,461.63592407434317
15292,287.8432937733965
15293,197.04722446309808
15294,444.6429275298425
15295,59.78259920553241
15296,96.27172848154777
15297,112.96180887588699
15298,215.76885473258505
15299,199.86984877313293
15300,67.4922196151221
15301,388.78149784145893
15302,397.08512312678727
15303,189.4926105318468
15304,243.34848914781946
15305,500.0
15306,500.0
15307,459.5424751917752
15308,486.59528191447396
15309,417.14770476001524
15310,499.3457735485981
15311,57.67846136497343
15312,118.86408170480755
15313,353.44750184113025
15314,207.2597682479685
15315,70.30705362420842
15316,425.8748719953305
15317,458.75583110570324
15318,496.4958736084093
15319,91.45134771842004
15320,72.11129579938996
15321,100.65543588300142
15322,174.6653120226202
15323,496.31017375723144
15324,73.20564869641441
15325,498.59630910357816
15326,189.9953571675579
15327,174.46963474360865
15328,70.21456714588004
15329,486.86542470331744
15330,499.6913991848954
15331,198.8690534225532
15332,104.97126072495973
15333,495.02561949301395
15334,75.50021518571363
15335,381.8050589559107
15336,120.85299694915193
15337,316.0646087267354
15338,116.3789340790088
15339,91.78996735125511
15340,49.10565482115098
15341,203.764723172309
15342,500.0
15343,500.0
15344,373.2613592842093
15345,462.74671731315163
15346,139.54111452069017
15347,66.39666140030707
15348,446.32498763088347
15349,58.43300287912543
15350,199.2790184199698
15351,106.66820405542258
15352,342.10242478368116
15353,165.6772558934174
15354,189.58478057026696
15355,500.0
15356,495.67031209633683
15357,435.86390770734255
15358,306.35770835367487
15359,367.0929969142518
15360,344.1656867267852
15361,68.14610568933213
15362,496.3428738123381
15363,111.5025625738292
15364,54.45608430668493
15365,120.51970107017223
15366,108.14818640734293
15367,499.87594260620637
15368,128.98425913997832
15369,107.53561992820288
15370,500.0
15371,437.88719311891805
15372,476.591939349579
15373,123.5695512128811
15374,493.08588938726393
15375,109.9660021022296
15376,145.37760922397962
15377,483.1250132133057
15378,96.62699994084369
15379,120.01604545114813
15380,483.01817045309156
15381,200.88897408809606
15382,194.17264689184407
15383,499.7155786903622
15384,59.419133509581634
15385,466.3489991889596
15386,468.12358137859735
15387,378.94702107016553
15388,54.20153051544355
15389,220.38040968652496
15390,267.59619097827954
15391,496.2764915424549
15392,162.51379205410908
15393,58.26349619315813
15394,493.22972778696624
15395,336.597136988204
15396,421.2183563059376
15397,106.71730370099417
15398,110.51428896399916
15399,126.81539271354491
15400,108.64179324834262
15401,474.3317521329493
15402,407.50592336799
15403,423.8800133203781
15404,180.92642199183112
15405,99.1356879859612
15406,499.624858051535
15407,493.2433317305929
15408,486.7068406341663
15409,500.0
15410,385.35226834334117
15411,112.59730822549821
15412,180.70137173923655
15413,181.06343978768766
15414,45.92113640191175
15415,117.0507368304446
15416,169.5092115690336
15417,444.710031603955
15418,119.28752235701936
15419,319.715640168023
15420,404.4201439138566
15421,196.43880093527585
15422,499.5228405676383
15423,44.932066281267296
15424,134.17284603794332
15425,401.2268586804232
15426,333.23795333228935
15427,464.56087210027636
15428,233.3246937621577
15429,72.32791044454314
15430,59.20293910061645
15431,60.00208812088945
15432,499.4728713352573
15433,56.04879608010921
15434,152.95284148568084
15435,76.92929039281347
15436,67.59565168052897
15437,263.9133617574292
15438,285.36591822776944
15439,103.46529297467916
15440,85.57797647100595
15441,500.0
15442,201.48078322012532
15443,61.725949432904095
15444,362.71637747188424
15445,500.0
15446,498.46655976031116
15447,181.84355108233694
15448,94.93695735953997
15449,110.8313053610335
15450,154.00811652494625
15451,498.3518377659324
15452,193.01359375913464
15453,468.80438648954095
15454,117.91113617145021
15455,174.44793232776442
15456,451.30901320262063
15457,60.57890288032851
15458,327.1439672787152
15459,189.8969878963324
15460,497.07460313192416
15461,54.81334252649118
15462,88.71681674029836
15463,495.2204396701917
15464,70.1391383323872
15465,181.4142738379145
15466,50.21492348429838
15467,112.62033952937924
15468,313.63097441879086
15469,393.2990429604247
15470,499.89180477778007
15471,57.65700020208841
15472,483.6142273905428
15473,268.41727348072175
15474,62.00328835468673
15475,164.9071542729728
15476,196.74143093508718
15477,72.52919626130199
15478,167.35183508909182
15479,500.0
15480,137.86610142233542
15481,66.04433726097429
15482,291.416077891795
15483,498.53954463383184
15484,123.32041413434808
15485,287.681780144764
15486,192.61358991334387
15487,430.2801432258151
15488,500.0
15489,67.36296246837549
15490,341.9772519495153
15491,237.26832259116213
15492,102.89223585623498
15493,336.8307479013671
15494,493.26212725428195
15495,268.4127066999167
15496,461.3613039447074
15497,500.0
15498,159.7336122180159
15499,173.83954251345338
15500,243.84267439595374
15501,148.21681487190878
15502,499.04796861742466
15503,198.48582854630632
15504,499.76965357567616
15505,240.01170584014432
15506,59.58214795569767
15507,500.0
15508,358.64926341998955
15509,340.5027812235727
15510,56.12113956067638
15511,65.41507286519922
15512,60.37642893669473
15513,66.64915172619096
15514,262.2870906723289
15515,78.4671768375056
15516,47.644842337921204
15517,101.56145251856455
15518,49.624520523095754
15519,494.78928318248836
15520,499.3511836901758
15521,458.079440837613
15522,404.6006402210943
15523,120.17643948694707
15524,468.74543233657556
15525,484.62629736307986
15526,432.24317711874687
15527,57.795749507808154
15528,422.3977556634977
15529,500.0
15530,333.8448690382821
15531,347.4016900278682
15532,196.1426930395875
15533,311.8551305700618
15534,495.90883155123487
15535,494.31849863772555
15536,64.83029558365968
15537,246.86148616979017
15538,496.7590843377101
15539,489.37521520940123
15540,60.83087682290174
15541,237.34330906336908
15542,164.00194327039975
15543,406.6921804576484
15544,109.96321848226762
15545,143.69972800276818
15546,67.17280615788063
15547,498.7127450262543
15548,69.06176465359752
15549,219.63349046710107
15550,330.63403946320364
15551,221.22416963452707
15552,125.30019554741301
15553,70.19138722154841
15554,499.19703663315556
15555,203.3233567342217
15556,333.544170230662
15557,407.90947996939764
15558,451.4081367302475
15559,67.16996665921604
15560,191.75703715524102
15561,332.09851198369523
15562,156.25572418248672
15563,118.61476192963102
15564,162.57393064948968
15565,474.0361170984843
15566,81.75792748274272
15567,499.23374376006086
15568,107.03039088541817
15569,241.55964880295664
15570,499.6301885602851
15571,124.8067986669031
15572,117.535066836934
15573,67.6865805940007
15574,449.16860461975904
15575,460.48408334305844
15576,61.361259401550306
15577,448.33129630035666
15578,51.95352681203383
15579,500.0
15580,60.42287336550157
15581,160.94948685100047
15582,313.97103125000723
15583,439.87528846346146
15584,218.92800003941267
15585,499.92141885067105
15586,59.474638506706796
15587,194.11909159051854
15588,433.0823708399247
15589,500.0
15590,500.0
15591,421.0111065937916
15592,472.9663864457518
15593,274.7114645763603
15594,491.3126540565197
15595,432.6741098383071
15596,355.565121935985
15597,64.51980190327441
15598,240.15703632830744
15599,304.1313075276337
15600,126.07897468636119
15601,500.0
15602,59.79147069601173
15603,157.43510019129485
15604,492.8026096427087
15605,95.01603299624
15606,104.42498617697132
15607,57.63598324689159
15608,490.3301957031445
15609,121.99928590403357
15610,419.6628811505014
15611,108.32066786665368
15612,61.09663978106988
15613,497.07588930178053
15614,499.71977232452593
15615,270.0893937570355
15616,444.47186589805307
15617,490.5812359883404
15618,258.08219782621643
15619,274.61208322958424
15620,168.90012233672573
15621,114.01097042082665
15622,74.5699093035995
15623,71.96500996811949
15624,138.79082939073976
15625,78.17403145892732
15626,53.030553316594606
15627,203.13408072806027
15628,72.12713211801973
15629,500.0
15630,62.50501879791695
15631,59.468309044334006
15632,270.98203994084713
15633,49.63527210742369
15634,100.1925741231141
15635,107.8727186504245
15636,436.1495698909234
15637,181.50169636965904
15638,117.9021657976466
15639,119.4125502315835
15640,484.64834297237604
15641,499.9066293078451
15642,331.95522512235203
15643,108.48121367557751
15644,60.23252669677623
15645,491.4842669104521
15646,498.5837944723422
15647,50.47025583913404
15648,75.44962844349024
15649,163.49595568326757
15650,117.89409565923758
15651,341.30896746992937
15652,431.40268910217685
15653,202.82096722183746
15654,355.30144987036283
15655,56.31698922443741
15656,183.78122863003665
15657,117.77727885500008
15658,479.97861990507147
15659,278.3130142259382
15660,260.3282184386382
15661,106.03396674917852
15662,276.74519163061774
15663,126.18528978467633
15664,136.4750172554801
15665,44.526136588059344
15666,272.0970820836723
15667,171.85150145174333
15668,49.80330707694297
15669,144.6353290909774
15670,49.83384871038976
15671,54.6347402345601
15672,473.1848635964614
15673,343.09677973857544
15674,58.411894677026766
15675,60.8619197410755
15676,275.2168341854532
15677,497.9245892002488
15678,349.26073446140674
15679,59.78694079778728
15680,133.89731904044646
15681,53.917979879540624
15682,227.18934274334913
15683,499.7874666180127
15684,45.29022747910593
15685,49.30107740455455
15686,133.47018297409267
15687,114.2332344636227
15688,190.21377257803218
15689,152.88068689184033
15690,356.2113480185175
15691,237.4218956005937
15692,343.5438625019251
15693,53.41844160529101
15694,110.68974372258495
15695,55.81795090156016
15696,136.23879269015754
15697,279.920459242576
15698,56.50139428415142
15699,66.90193086480072
15700,493.778036003408
15701,433.6431054727152
15702,54.63168800373569
15703,51.52788681620403
15704,70.51203083653115
15705,53.20729618295093
15706,491.8925578339645
15707,129.1935783156154
15708,75.63888294604487
15709,428.3344917079794
15710,279.41180802270856
15711,342.3033259569762
15712,475.2482306916254
15713,327.1698554337056
15714,205.79693448477104
15715,371.9258608385268
15716,353.6234226934686
15717,104.51504263797054
15718,482.4228434010863
15719,429.387133775219
15720,118.734825545392
15721,351.24215571832013
15722,51.224658503911016
15723,147.52897869159045
15724,299.650976079703
15725,74.75766263263651
15726,179.08441608524078
15727,108.8526955355533
15728,446.79439700872285
15729,59.883493990906736
15730,332.86774703900477
15731,60.73342175656907
15732,217.21729135263394
15733,500.0
15734,107.06628091672732
15735,62.79953304299578
15736,166.43046223820545
15737,452.7362739205755
15738,148.65362892276312
15739,494.14730409928086
15740,389.0198399540841
15741,500.0
15742,46.49130526457458
15743,188.9715754523104
15744,51.5362573842057
15745,268.4199653729382
15746,50.92595453214487
15747,345.0912983956553
15748,137.4404351092074
15749,118.88687239176787
15750,374.8317094070328
15751,98.92835892728162
15752,73.03502343391584
15753,487.75474387600593
15754,163.15443672370273
15755,336.4024606145915
15756,74.79200667896265
15757,441.96301128399557
15758,61.14455908113575
15759,57.39661495318753
15760,253.74404015746535
15761,498.4743881728233
15762,66.06547775830387
15763,123.94297836408415
15764,179.3372439702148
15765,426.1550781606113
15766,500.0
15767,106.37973366645916
15768,58.28444034787974
15769,416.8694984649171
15770,433.84124125713
15771,71.61318263840778
15772,500.0
15773,500.0
15774,100.34243328572067
15775,308.5830103088181
15776,124.07508994534953
15777,499.2745554491762
15778,500.0
15779,493.9906665190352
15780,244.7540689300145
15781,418.4039500555798
15782,276.0948768156414
15783,473.8327455865576
15784,386.3387700408025
15785,168.85117072114878
15786,500.0
15787,500.0
15788,129.67943465486042
15789,472.92926777318985
15790,347.78433018483094
15791,256.39463603016895
15792,407.95406386453374
15793,73.79314333933316
15794,157.78015345287923
15795,350.39950209678506
15796,498.7516263363317
15797,478.1791851042114
15798,175.43387870296007
15799,475.66402433164205
15800,68.3442844795167
15801,59.239443570519896
15802,54.799591458881686
15803,74.48134565243528
15804,243.63789963720706
15805,119.00693801460653
15806,71.773677366111
15807,74.44105263481072
15808,68.19658626772747
15809,49.71904085355411
15810,117.97967507390146
15811,71.15153853219182
15812,472.78902504123056
15813,50.50482505665444
15814,55.47902934432253
15815,172.35371581400412
15816,60.49451039593786
15817,57.14487062954029
15818,159.49121421933614
15819,72.97483906022828
15820,500.0
15821,472.5003556314282
15822,59.967575410144065
15823,46.55557487150632
15824,255.23559070565844
15825,126.07704227870771
15826,498.019340315603
15827,500.0
15828,58.04984029098004
15829,102.20024236980976
15830,176.104493970227
15831,256.1555968264478
15832,105.90545797838429
15833,119.34674611597416
15834,56.4645958843913
15835,103.46496140577915
15836,500.0
15837,60.66701049277742
15838,442.91336177211315
15839,465.1289094393901
15840,76.98144049543993
15841,85.83348693960258
15842,402.1799762089098
15843,343.3075461126819
15844,439.0415980043682
15845,72.0578612853256
15846,497.6426073420594
15847,197.03640973553405
15848,499.1835282791629
15849,55.03470643145022
15850,455.20882886657466
15851,216.35819794407058
15852,346.7526177743109
15853,119.85826562012818
15854,69.00806462012751
15855,192.36300419487637
15856,470.32298332643484
15857,330.31361560870664
15858,57.220510415299174
15859,62.87828292041661
15860,56.527117410627795
15861,407.4971010702536
15862,499.9128998050214
15863,368.65882092391155
15864,298.96157081386224
15865,420.24055957862583
15866,403.6250402249519
15867,353.94972602145987
15868,71.94786165241823
15869,265.41193852796385
15870,216.30084730709467
15871,51.7286539690763
15872,500.0
15873,499.91611441314296
15874,99.67982949449691
15875,466.90358338743704
15876,132.55608544004343
15877,197.0377363179337
15878,500.0
15879,497.132352979213
15880,94.98647601926722
15881,500.0
15882,295.8945939879943
15883,286.23273515856255
15884,59.90314267510169
15885,61.775233621994516
15886,496.6874053742921
15887,500.0
15888,72.67372700561644
15889,214.76434544310962
15890,254.17513250065508
15891,492.5564054130028
15892,159.20963653600018
15893,338.96737186150386
15894,56.57339740297337
15895,118.08669623719429
15896,104.46280083868463
15897,500.0
15898,494.70016862799673
15899,479.1805611190597
15900,460.2934678731755
15901,499.0701022205106
15902,498.2071254504536
15903,500.0
15904,180.36628216413652
15905,278.83576355204343
15906,500.0
15907,122.0376017371683
15908,163.5719598367991
15909,125.80913046803242
15910,476.4163850741095
15911,91.21997683394889
15912,170.2140504648492
15913,499.8763466780938
15914,482.11080046292113
15915,72.22521097373466
15916,493.00847032885986
15917,336.5154764634093
15918,345.99377570419057
15919,481.2596488150825
15920,108.01330612921461
15921,323.30401195097164
15922,339.85013971597806
15923,42.0443911215681
15924,103.52671995844064
15925,500.0
15926,113.70089912100802
15927,54.47926048579436
15928,310.1660102190608
15929,438.26538418722623
15930,75.86427557151393
15931,217.81721181122117
15932,110.2068631481683
15933,499.66500448154983
15934,327.12799148861546
15935,106.22635205309868
15936,448.70608807403187
15937,424.117135726327
15938,49.51040292725682
15939,125.03729170148631
15940,191.33895616385985
15941,480.1383463683534
15942,71.60193047513485
15943,59.77525558945368
15944,219.93650449156425
15945,58.79791956348255
15946,468.6122133599971
15947,280.2984788302602
15948,58.9551487535858
15949,60.738477642288785
15950,185.99435806818204
15951,182.6016954016341
15952,336.904077254261
15953,304.6687909689297
15954,453.56913881054777
15955,357.4007585138248
15956,499.36855353788735
15957,77.14102724056062
15958,59.571250665868476
15959,474.02634252347895
15960,470.28818032080915
15961,213.72892424928102
15962,481.5164083693028
15963,56.34354671162863
15964,332.21161111943314
15965,181.6957537446497
15966,304.2610646490418
15967,157.33755889013187
15968,386.92897278012913
15969,454.52990124405534
15970,138.33603962598946
15971,216.09663727256026
15972,496.1431017604164
15973,61.442691863976464
15974,136.44143377941214
15975,326.88137859867766
15976,470.4659008020431
15977,187.57501682409082
15978,125.75446433297279
15979,168.42022509459264
15980,77.22137819343887
15981,343.8220805682506
15982,130.01288156578045
15983,207.77247150544795
15984,404.8614975658143
15985,51.7200483556992
15986,272.04512558420106
15987,214.83505430535325
15988,164.32674896888273
15989,499.9730711601945
15990,166.47917542685104
15991,268.24679782283545
15992,468.4408728241613
15993,269.59717155173524
15994,53.152606600160254
15995,71.82278727817496
15996,496.45188379159197
15997,266.82530537241524
15998,97.38961197490725
15999,186.39439308300774
16000,485.184093029066
16001,139.65672777029965
16002,222.14741622181953
16003,55.12692499511492
16004,267.5053040839397
16005,181.58161819815524
16006,496.62466770643744
16007,499.6725471013736
16008,499.69923530772644
16009,70.79309314704297
16010,144.20230741288435
16011,500.0
16012,60.72588496697246
16013,60.872286722523796
16014,140.43616059302693
16015,54.85726301294147
16016,170.50827128915648
16017,57.131323830774036
16018,486.1583687286925
16019,248.4541690882241
16020,473.0141108403143
16021,470.399045608363
16022,113.56433636994426
16023,500.0
16024,348.3717104582279
16025,172.76452264504292
16026,247.06342801399242
16027,482.77341629864554
16028,258.04336894397994
16029,450.93910606086126
16030,470.9766218094104
16031,148.26439004063073
16032,58.323263965472584
16033,137.109796711463
16034,91.27339584876164
16035,47.80609485138177
16036,496.25070081786043
16037,499.05964799874164
16038,498.42074163458733
16039,419.84285569237124
16040,450.12336815418325
16041,130.466950093817
16042,55.60644482428172
16043,493.1803719074605
16044,122.68340382671778
16045,73.3278437212837
16046,56.77337117706682
16047,463.3216370738469
16048,120.75617760862079
16049,497.6096880185363
16050,461.65932595489994
16051,478.4262190269603
16052,500.0
16053,463.06606337878554
16054,114.17550479832661
16055,256.04382190833144
16056,490.4183147271434
16057,112.14460764370054
16058,47.18351599538644
16059,62.350113317433866
16060,60.388802011128945
16061,58.27175083977112
16062,93.5940445567897
16063,466.2011984939718
16064,150.43775392251536
16065,244.5648680320012
16066,51.23802654765743
16067,324.2899496110748
16068,214.5082459799285
16069,112.97901749034023
16070,456.3478049191799
16071,115.28831930700944
16072,488.83733320771887
16073,122.01504236514711
16074,55.65692908055799
16075,264.0322789884082
16076,439.6381829234688
16077,70.24851365055736
16078,499.994802217631
16079,59.90416160562104
16080,274.4795535907425
16081,500.0
16082,500.0
16083,107.92100419155656
16084,277.53451880483055
16085,53.711795765793866
16086,142.55677826054256
16087,303.9639085714613
16088,172.23007009002583
16089,500.0
16090,480.107088712105
16091,53.124120875827224
16092,195.77920403202143
16093,71.87192382562795
16094,70.62127772009666
16095,70.52455466513953
16096,484.47846438425313
16097,391.1453847008743
16098,499.0171114756097
16099,133.9691291728097
16100,480.6056154912821
16101,415.82342516084896
16102,70.3208180470742
16103,498.4514919329682
16104,80.80675994681692
16105,500.0
16106,71.5270372899722
16107,67.85677415626155
16108,413.7320053318001
16109,48.39124358950211
16110,115.84288702881653
16111,265.2111094228667
16112,183.19419586888824
16113,493.9578715683785
16114,58.262772897295164
16115,358.2320721443467
16116,499.6803527848832
16117,79.36116452674554
16118,487.8534141608462
16119,167.18838160709277
16120,500.0
16121,182.95270258274599
16122,333.8027085769396
16123,499.41684421248243
16124,266.2588657419507
16125,158.19791435192113
16126,500.0
16127,500.0
16128,493.5652761328203
16129,59.69265201826858
16130,81.63111140255441
16131,188.72780833675583
16132,492.8290542162398
16133,52.43496609451799
16134,500.0
16135,499.8796257793829
16136,499.024713320408
16137,500.0
16138,143.0642495409203
16139,500.0
16140,445.10452374664305
16141,487.0120276008754
16142,435.00942797695336
16143,429.80210230382585
16144,181.78695663745975
16145,338.14737394869843
16146,360.6951069478723
16147,500.0
16148,48.943634908743725
16149,125.22720285396193
16150,500.0
16151,63.43059848476116
16152,490.4423154397645
16153,500.0
16154,187.91650480768166
16155,442.34241863048476
16156,353.4110597796699
16157,108.2176916733055
16158,342.0253412663211
16159,464.9204293532497
16160,500.0
16161,447.7201600568933
16162,177.89314187732796
16163,55.6974522566788
16164,500.0
16165,53.35873859693059
16166,499.5579364725331
16167,339.999887869431
16168,140.2523977773257
16169,145.35323282750852
16170,89.21441431974978
16171,350.9748561599755
16172,500.0
16173,71.55172808531401
16174,198.97699019125434
16175,452.25876977476673
16176,82.60796742221913
16177,50.927033405761634
16178,159.86218384504465
16179,473.8847333949643
16180,496.95314161615016
16181,492.0578572836788
16182,420.8085260313645
16183,355.06915902212086
16184,479.8436739459616
16185,72.30927087911564
16186,194.32354702748046
16187,73.21901200376968
16188,47.611367554493484
16189,52.5681149939187
16190,500.0
16191,464.0659767048629
16192,496.43574609627024
16193,146.2066707447715
16194,414.2341351469231
16195,497.50623719717754
16196,495.00242887976265
16197,495.0130068857611
16198,172.4876138307699
16199,58.77736469979226
16200,500.0
16201,56.00957784550941
16202,500.0
16203,220.29442311878722
16204,116.34086978663723
16205,97.81412273722802
16206,342.104114036311
16207,500.0
16208,429.2644866106091
16209,438.2897138681276
16210,486.89523947401585
16211,448.6827058571253
16212,104.58288816697436
16213,462.20072924037424
16214,73.40638556814105
16215,115.3782352667235
16216,117.8631245919761
16217,58.07334948795679
16218,482.09494831002667
16219,273.33920224518795
16220,498.88689347777137
16221,494.8371454568275
16222,431.7421822790664
16223,393.36535273633774
16224,499.46903284662756
16225,61.947077343412566
16226,56.784100053821405
16227,52.858464892183605
16228,61.23036326108446
16229,109.17668311154122
16230,50.78820061804227
16231,56.82377109262253
16232,253.24058664681502
16233,476.45164883100824
16234,313.10140769018756
16235,102.96858435646121
16236,400.27708122145793
16237,120.38650516381394
16238,401.9348561872987
16239,103.77403331686054
16240,119.94812155271471
16241,483.00433021337244
16242,327.3411350846027
16243,68.91020396922357
16244,52.19860617370556
16245,498.06334502564926
16246,62.311317056985935
16247,500.0
16248,494.3682098902633
16249,108.08570598665305
16250,348.68298824720705
16251,500.0
16252,489.6822451917975
16253,59.85136286459338
16254,166.19345987467574
16255,78.67284728767692
16256,77.00840263648453
16257,91.0841268565448
16258,500.0
16259,500.0
16260,500.0
16261,494.8802704438232
16262,495.71611122092986
16263,176.74215393204204
16264,111.02791844059286
16265,500.0
16266,57.03857417301147
16267,155.24156082416394
16268,493.7960163124242
16269,500.0
16270,54.57023077837618
16271,246.00196087004974
16272,500.0
16273,102.57570133090827
16274,500.0
16275,468.0875350717815
16276,167.87111859678478
16277,62.489317753630964
16278,49.18054386131135
16279,306.87745659164216
16280,471.55464452815863
16281,169.60854710441342
16282,57.600079597704244
16283,500.0
16284,70.2569786349284
16285,170.10917952857207
16286,51.5240046738823
16287,500.0
16288,175.1790020620358
16289,499.33384685840895
16290,118.86468943480759
16291,497.3441097411893
16292,500.0
16293,420.1812184975777
16294,492.0223264167572
16295,83.53252896989808
16296,177.1797055932314
16297,494.142338023899
16298,490.4849125598388
16299,490.6824893026859
16300,310.3632512104714
16301,458.0984431242541
16302,490.45423941146703
16303,129.2386000133297
16304,465.7203059932002
16305,497.0230610433407
16306,278.11491639466817
16307,55.52988976532565
16308,328.3071438991383
16309,486.7462145058238
16310,500.0
16311,58.95174378909551
16312,416.1262424595574
16313,50.15637827127132
16314,137.55334683091803
16315,173.2477649294483
16316,48.739396219503206
16317,425.63971047856256
16318,453.5381116738379
16319,47.73095861835475
16320,54.22960965848068
16321,70.95804804827918
16322,500.0
16323,500.0
16324,451.4191943398741
16325,431.5579060745903
16326,499.70178298759714
16327,465.52258235688805
16328,62.582608691657015
16329,500.0
16330,498.6303756453175
16331,109.17493590167211
16332,56.624724721209155
16333,245.77127517496936
16334,478.7630281650302
16335,130.53957025669692
16336,498.5065146532125
16337,418.6309249903162
16338,56.891451608359766
16339,342.3643424882829
16340,198.10941383725728
16341,492.59058818773644
16342,251.21276600270178
16343,179.39485633273685
16344,57.748977954712764
16345,58.367325611435234
16346,405.2973103196372
16347,111.75398626882821
16348,364.6152881928149
16349,420.4859502857505
16350,500.0
16351,252.0649794327453
16352,497.47734990181215
16353,75.29904146490207
16354,467.23370372949375
16355,48.414310187379
16356,433.7584335273756
16357,318.07500243158813
16358,419.2945799710985
16359,329.65649772112874
16360,354.514694869833
16361,129.31206446194074
16362,181.52859199583168
16363,184.3258446511504
16364,83.1801279300128
16365,431.75193060700036
16366,453.5093147862443
16367,209.01622809110225
16368,500.0
16369,55.71251833071962
16370,94.13654440594888
16371,164.7917256590492
16372,338.4347937262719
16373,454.21746567307775
16374,89.53039186158956
16375,439.90988639823865
16376,103.5654622713376
16377,98.73533883913908
16378,472.9636226811947
16379,178.70866624135832
16380,63.813917092249326
16381,177.3966084992765
16382,113.95681736631091
16383,133.42581607718924
16384,91.11432555491548
16385,445.1163505479763
16386,409.16834645224037
16387,118.45709963970717
16388,59.45161589192046
16389,344.89044970439863
16390,463.30196362475107
16391,73.15507651233783
16392,447.21399158454693
16393,428.6436199424719
16394,89.49457757972043
16395,54.32074707464338
16396,105.55711969002374
16397,479.4790330514858
16398,238.528015288964
16399,57.92431679076523
16400,106.42260635969097
16401,197.28530623426445
16402,102.82728495907969
16403,295.2700549318399
16404,125.46310666458439
16405,61.64721491033439
16406,141.1596618121248
16407,71.37018611978203
16408,106.8171169326875
16409,500.0
16410,267.0427262735919
16411,442.04741856694204
16412,341.3010461307953
16413,78.49053275202229
16414,175.40934000734543
16415,376.28499448128247
16416,498.12489854558294
16417,75.45600865376227
16418,95.75023604641092
16419,59.578650237625496
16420,401.38828758833523
16421,100.60801964088733
16422,102.30110941046448
16423,196.28503122306023
16424,56.23548768127855
16425,133.93775376888058
16426,65.63052793349672
16427,405.215016475012
16428,156.23619782340717
16429,66.30639515978956
16430,117.34325210353404
16431,464.2510228897527
16432,492.4174898515088
16433,498.75060054091955
16434,500.0
16435,317.022216814871
16436,456.2421668431076
16437,447.54115251178564
16438,57.74295666409709
16439,498.49788573786054
16440,107.50765373567407
16441,262.52160935162516
16442,186.63772257231852
16443,499.86976315622326
16444,496.1169334956255
16445,500.0
16446,98.43725354261387
16447,454.4500650097477
16448,52.35506332185173
16449,104.8606250449971
16450,500.0
16451,163.662387580488
16452,265.38981605534104
16453,56.02907793957693
16454,86.66549193246003
16455,498.4084968413677
16456,59.4306454555862
16457,470.6061630292347
16458,401.40057360102276
16459,453.8523062751143
16460,221.4372787176793
16461,52.364951134462714
16462,494.390484019847
16463,441.2112931595937
16464,58.81064560257522
16465,74.16819721442863
16466,166.33062734770087
16467,59.24797335857694
16468,115.31740576633214
16469,470.2671719834873
16470,433.2584802003819
16471,448.94266138278454
16472,481.57180296932677
16473,55.955092759134494
16474,77.53449935557492
16475,258.449105506452
16476,51.895817453383046
16477,499.95339559991226
16478,107.43223536947946
16479,500.0
16480,107.75124390601096
16481,462.24524139537334
16482,477.42346628545044
16483,455.4277926130312
16484,500.0
16485,406.0801369890081
16486,60.469391293328655
16487,440.4578419734993
16488,318.22098414343316
16489,59.00643078920372
16490,51.76213650983293
16491,422.7706634215351
16492,58.44100957270895
16493,171.1467064483867
16494,500.0
16495,88.25472326849913
16496,217.6001676777176
16497,102.06296389510752
16498,357.36092056953845
16499,464.99542337115975
16500,58.64072801324495
16501,144.19208618405244
16502,498.46245376418796
16503,486.2577667561566
16504,64.32686857674076
16505,500.0
16506,74.69810722635505
16507,466.74354253987093
16508,500.0
16509,78.58568007210619
16510,407.615281618866
16511,122.10216618612517
16512,57.073736063709674
16513,61.706987301975644
16514,59.410969060603506
16515,197.3563568877403
16516,100.6258796656119
16517,264.2934429479174
16518,476.76687941752436
16519,439.37429503902496
16520,122.75588136158777
16521,272.38943327971094
16522,183.99676050333616
16523,467.154022458462
16524,496.1530796546741
16525,138.96890395189513
16526,411.5450463561
16527,266.313215626787
16528,215.85202355209037
16529,500.0
16530,299.1343676554857
16531,73.05305391132717
16532,143.6679594741451
16533,183.49325755406613
16534,495.05417535510253
16535,500.0
16536,65.46658806143269
16537,47.878618081062605
16538,304.8785079744361
16539,76.11581890632931
16540,499.30108116956035
16541,56.86062990572965
16542,500.0
16543,63.90314727444996
16544,499.11852544107785
16545,72.03642090478817
16546,101.25547063185608
16547,69.5305535494814
16548,412.6161041115324
16549,471.7808458953639
16550,73.9194988401009
16551,401.21883964360677
16552,114.13284206931891
16553,500.0
16554,499.9203358791731
16555,278.116065603445
16556,480.40610260599544
16557,127.83892320960032
16558,435.4097228860559
16559,498.94496429388016
16560,105.39335466628518
16561,338.1235596479188
16562,214.21095685202488
16563,51.495241864256485
16564,405.05863652928383
16565,497.182167417051
16566,45.68988812978941
16567,151.73385609847892
16568,56.034560215750986
16569,50.977110841285935
16570,500.0
16571,76.68971893799862
16572,497.83703487406956
16573,441.07406279886425
16574,498.6365583948492
16575,83.25021856481706
16576,69.51315953490865
16577,494.6424740538367
16578,137.30743708599277
16579,159.40357816317382
16580,60.984722660085495
16581,284.2078327115337
16582,265.75066863517947
16583,341.5059462527945
16584,100.63231368666895
16585,62.07778831324568
16586,267.34656374462725
16587,163.62919042882123
16588,427.4453103172667
16589,72.120804772084
16590,331.0497876385647
16591,421.12475474455835
16592,194.893871094603
16593,130.1716935786571
16594,122.77135162904878
16595,185.14106585549573
16596,474.2624207045842
16597,429.9279702199806
16598,119.84359734761085
16599,500.0
16600,74.15030437806756
16601,494.13545203063364
16602,63.260014037830345
16603,498.15289228169524
16604,482.67832732653426
16605,354.89640271649097
16606,476.8670758081679
16607,167.6265174837253
16608,403.15461463303626
16609,403.5823189398286
16610,500.0
16611,500.0
16612,479.51424026484824
16613,59.001007203060624
16614,500.0
16615,341.2122560268908
16616,132.67565197980485
16617,420.3476375713141
16618,56.80718887080205
16619,340.89905740533226
16620,498.7630160835197
16621,205.86771738046343
16622,57.53069983201203
16623,463.57588285961333
16624,500.0
16625,464.1975182909475
16626,499.99261719328126
16627,443.5743117995147
16628,58.984296708233494
16629,136.89911536311047
16630,52.47796898564523
16631,63.723827836839476
16632,491.6539143071153
16633,199.72887239647275
16634,446.1597641716253
16635,500.0
16636,500.0
16637,61.04895524179487
16638,407.68344334171974
16639,71.62502154055116
16640,498.8943717265737
16641,139.60991170420087
16642,59.98575951006336
16643,163.62044941115562
16644,53.89839999245235
16645,168.16578435107468
16646,74.87843320392236
16647,110.89368494395964
16648,360.0695959691373
16649,66.82172096836331
16650,478.9788694278983
16651,75.09081199717257
16652,462.9911735193592
16653,154.91252020500275
16654,283.61342429159635
16655,400.910514692627
16656,50.661048015545
16657,397.2399149412425
16658,500.0
16659,103.25548713500446
16660,497.224025255813
16661,376.11574419393173
16662,499.74928614220664
16663,60.769230315137975
16664,152.28015167075267
16665,338.6948941252861
16666,121.65784477338968
16667,53.79714269675544
16668,131.06461322363327
16669,496.03530500099464
16670,500.0
16671,56.62715356721982
16672,72.32776987602881
16673,53.907909115986016
16674,52.911788016083904
16675,498.47710398642573
16676,105.02528223323813
16677,100.91706733416018
16678,62.97766312311661
16679,57.68084728548404
16680,227.60502878103665
16681,349.79591106668084
16682,500.0
16683,279.6380557393756
16684,200.84105324423695
16685,118.59102313766161
16686,421.2473680348194
16687,116.65036092469833
16688,498.7628045055918
16689,431.1421057515273
16690,52.361304649535455
16691,324.5672887019383
16692,105.70765920043948
16693,205.64688657688745
16694,481.0961212357365
16695,168.2392748590471
16696,435.8258072740377
16697,472.9537858866635
16698,298.2847375698159
16699,219.33229822103303
16700,497.03231406926216
16701,496.1170315136826
16702,55.28023776063634
16703,120.14964050631352
16704,203.52392417309585
16705,109.46374374872639
16706,264.14450322440706
16707,475.29160455407566
16708,343.3084549504213
16709,58.24372102623387
16710,425.8566099106825
16711,104.21420405444752
16712,500.0
16713,247.20424729380494
16714,497.6698801878725
16715,101.24825656554799
16716,311.3648582244794
16717,183.18333874170878
16718,494.15616364123025
16719,175.08478126204992
16720,468.9366704411419
16721,138.7864865336325
16722,65.11067836308075
16723,281.0624941444525
16724,412.9284363819109
16725,352.6335262201135
16726,192.21047846463074
16727,177.72590118354884
16728,56.57927783743999
16729,58.17807467551958
16730,59.70370386993157
16731,500.0
16732,187.85094119499286
16733,497.7266425509681
16734,138.71573285625294
16735,356.0432868367871
16736,222.11106241173513
16737,498.76114871042057
16738,499.3535789828694
16739,160.25398861287488
16740,452.8459605445094
16741,68.40869949184095
16742,52.162534098917995
16743,50.899961473395294
16744,58.84889141855249
16745,242.99205453553452
16746,209.001787458891
16747,448.77725413819894
16748,251.30190032121524
16749,499.69224034773515
16750,385.8410383698211
16751,356.86210449759955
16752,442.998910037821
16753,199.21862984322343
16754,500.0
16755,499.6891519056252
16756,258.9588656267232
16757,469.9018744237234
16758,387.2286043647735
16759,245.62117649620245
16760,102.50223924488597
16761,419.8789864446009
16762,170.29872422879365
16763,74.69901972597819
16764,97.49679344445047
16765,108.30387641940834
16766,337.88643369512386
16767,52.478613241693395
16768,473.34848129490877
16769,353.9522253324542
16770,406.408004538721
16771,71.88761349099286
16772,69.9764041200577
16773,352.32455218162977
16774,500.0
16775,469.3605847284042
16776,251.80958690166997
16777,209.64438881219473
16778,466.5429504170708
16779,209.55421378934926
16780,180.22584897033238
16781,414.33427317185794
16782,435.3774361645518
16783,50.516632300384856
16784,352.10878586937093
16785,466.211156683587
16786,51.27113973127762
16787,272.0753407404358
16788,318.1740392612697
16789,344.600057091778
16790,348.53694921937273
16791,381.53290148256366
16792,55.22717460647267
16793,500.0
16794,54.5275914649619
16795,497.0114704149332
16796,110.84423297299968
16797,500.0
16798,449.3932794444421
16799,428.66833780749835
16800,57.75017755289173
16801,114.39295712363221
16802,473.7248802789242
16803,162.24084105042598
16804,495.4706270544143
16805,72.52681790483469
16806,500.0
16807,500.0
16808,89.11161777382878
16809,440.4200948762401
16810,72.20143240087285
16811,441.97470651509684
16812,448.9362190186002
16813,356.08014248314595
16814,497.8861806662648
16815,57.7029496078189
16816,366.8822853433325
16817,154.6449717264178
16818,246.77959738541574
16819,99.92082907085698
16820,345.037891654159
16821,163.45537194961923
16822,134.82154337901173
16823,200.95718145572948
16824,101.09530828886227
16825,189.5507438142761
16826,364.6750820402069
16827,120.01253365717184
16828,182.8644212338731
16829,500.0
16830,500.0
16831,499.82116965692273
16832,500.0
16833,58.47789810229467
16834,225.36945539710922
16835,58.08549706822105
16836,257.64946422248016
16837,95.46953878054893
16838,474.4969784384924
16839,146.15027236148993
16840,261.3775690284215
16841,102.82647365975656
16842,196.41658289931937
16843,498.4693575590931
16844,176.36870328021365
16845,123.7851308881892
16846,238.89050171156083
16847,272.1403669983848
16848,126.4647769267309
16849,349.2586981203591
16850,276.83403485212375
16851,305.69376516588557
16852,404.05160894939763
16853,60.23730394880036
16854,72.00900255182036
16855,500.0
16856,260.4271640823402
16857,102.00490782250145
16858,54.51193440662363
16859,439.3308595584832
16860,150.78698976789502
16861,51.23181921784608
16862,498.4229266681997
16863,499.2364899424267
16864,152.2460910291403
16865,55.14702639822926
16866,500.0
16867,104.95792696436762
16868,71.42485036687054
16869,465.30707172238624
16870,103.7290479296642
16871,58.216572593321274
16872,182.4998761971083
16873,49.39985710683963
16874,133.22261390944396
16875,115.65875744319268
16876,110.5844565707012
16877,69.04215432627514
16878,147.189762988418
16879,158.08002479622667
16880,55.73457180864045
16881,73.00803203379365
16882,275.196556759313
16883,58.11794949112142
16884,119.18420345029071
16885,59.9381268170621
16886,500.0
16887,473.06692212762607
16888,117.61743690123848
16889,167.18763859403012
16890,160.86435150452627
16891,500.0
16892,440.0708424720873
16893,75.80273310560577
16894,142.23331059389892
16895,500.0
16896,500.0
16897,313.6948551109374
16898,458.9915963315942
16899,53.661822241591494
16900,500.0
16901,189.29570717867756
16902,53.02927563555904
16903,53.29740144978503
16904,415.1338867648193
16905,102.31759281129439
16906,122.94308450645703
16907,431.03246790784453
16908,151.42276982894168
16909,113.22741938571063
16910,335.3573663593964
16911,434.0648939215856
16912,109.6422675571591
16913,186.3605857904206
16914,58.06094083131787
16915,52.58837853805636
16916,341.69175375013964
16917,133.16758959966907
16918,105.80641571793859
16919,93.10436320587807
16920,338.1221352510819
16921,184.73753278972382
16922,478.42949565853576
16923,286.40524570618726
16924,265.7317845505525
16925,482.1759576538601
16926,107.75376109155053
16927,239.34414949691904
16928,55.19927808101011
16929,143.06971141878472
16930,96.0153803622998
16931,138.99266038078017
16932,67.63780250458248
16933,276.21938381893256
16934,72.63882178967356
16935,496.9789358127507
16936,210.94043863015594
16937,72.00231940145461
16938,57.39017880665394
16939,500.0
16940,126.52126448479498
16941,68.06835669162153
16942,172.96280071805415
16943,449.64975481482156
16944,500.0
16945,133.74356946164005
16946,409.9460916061132
16947,109.55405749095704
16948,500.0
16949,93.99756541011087
16950,474.2854886139345
16951,431.7344148440591
16952,497.27216268293574
16953,339.99859278828507
16954,326.9646886699107
16955,444.72282714219807
16956,271.34071847370006
16957,226.85104183671103
16958,98.49447032661743
16959,155.72760078657407
16960,500.0
16961,110.66096102616982
16962,499.3546695394459
16963,118.62488235794657
16964,107.62791996269962
16965,115.75278846492489
16966,177.54749387903334
16967,69.12681832793163
16968,116.10208401084435
16969,435.21932968146007
16970,341.0169482784065
16971,141.03093322847937
16972,133.82575654568237
16973,461.3290021397358
16974,112.26254511832445
16975,134.12444174055867
16976,53.47848087266094
16977,190.48812403443836
16978,499.1532743541831
16979,71.03697826811657
16980,437.9223809457915
16981,57.48317079643168
16982,391.39288580229913
16983,500.0
16984,55.23801187192201
16985,500.0
16986,126.61197677384736
16987,119.46400455255805
16988,210.68502275160654
16989,135.0913694718345
16990,49.94071261564187
16991,310.0926265336135
16992,52.81460041430546
16993,341.7363188589628
16994,497.4086120662055
16995,120.77026673133639
16996,50.24796911680153
16997,430.76427335233205
16998,109.80749799547179
16999,370.38581008088
17000,214.14466325097925
17001,444.3136033007603
17002,215.55153420320792
17003,500.0
17004,122.77664351111346
17005,111.717429232999
17006,162.0497112058022
17007,109.62487195731686
17008,138.43934890137325
17009,141.00333245521787
17010,484.67697640243466
17011,106.39025584204771
17012,242.5005597428173
17013,111.92177285201514
17014,102.55046890084353
17015,500.0
17016,121.24293734857544
17017,216.6053907959278
17018,186.40231265467688
17019,162.4643346038166
17020,350.812004223635
17021,53.47521138017838
17022,194.73302088774858
17023,55.87544491752417
17024,435.4182181760241
17025,45.66538516908288
17026,413.01702759919635
17027,499.1884947926419
17028,485.92865665326497
17029,430.04958767293897
17030,396.17919882167087
17031,496.432134932315
17032,500.0
17033,500.0
17034,119.30574232736777
17035,121.2926961810306
17036,62.1320667486134
17037,356.60074090229944
17038,144.00277425521915
17039,195.9710417240363
17040,488.8987417453204
17041,214.93594475704066
17042,173.02734702632114
17043,187.01170838224158
17044,115.61494131038899
17045,139.06245901697466
17046,90.17977676748744
17047,192.61230927898583
17048,144.94018924394484
17049,499.79716092103683
17050,74.29172505661762
17051,462.74779199429867
17052,499.46538133143827
17053,487.0765642213822
17054,338.7425041926243
17055,498.7146140401705
17056,500.0
17057,362.1709836692932
17058,491.84850226528897
17059,214.8010952876014
17060,124.06420951582047
17061,456.513934724529
17062,55.60134475292476
17063,500.0
17064,320.6387123092566
17065,81.29790595272873
17066,158.6446796625218
17067,208.67490785778887
17068,177.12173788598292
17069,49.8267515670395
17070,494.0844213207538
17071,113.0175162523699
17072,455.5135921994414
17073,51.48979458107796
17074,197.18248602168433
17075,88.43568493523681
17076,500.0
17077,74.05519225931818
17078,179.50178285424136
17079,358.6241028872722
17080,348.21395191988455
17081,340.7725566489934
17082,403.11288801770905
17083,101.44976518110262
17084,304.4367647697096
17085,329.5096357992213
17086,469.5216799225717
17087,112.74027269566426
17088,314.4934105704381
17089,311.7799498281589
17090,443.9431323041734
17091,362.4830759732722
17092,64.97169348785107
17093,146.42954606626085
17094,141.43954458017
17095,491.6695916497457
17096,500.0
17097,500.0
17098,100.4839156128651
17099,76.63886451445977
17100,63.75836890246724
17101,70.77358781384112
17102,424.7076454844584
17103,500.0
17104,51.12733261315283
17105,134.96902774238407
17106,500.0
17107,133.30529916327015
17108,102.2509664513776
17109,133.39132209668955
17110,282.55211577346597
17111,493.50885542234795
17112,97.98910630816194
17113,500.0
17114,53.588644938973786
17115,57.8045887875482
17116,490.044941037955
17117,459.9789155479988
17118,58.868428333641944
17119,210.04942200789543
17120,498.8494193863937
17121,77.03882125891982
17122,403.12675785218016
17123,53.54891585588411
17124,59.49554491935616
17125,56.5493960429737
17126,51.50989626733026
17127,179.76145467633592
17128,365.75966126078333
17129,493.84149463050153
17130,196.15798473591826
17131,141.05310018188027
17132,451.7110493860007
17133,436.36456088727687
17134,184.73475550541266
17135,438.3258758788014
17136,460.23137205415287
17137,49.675588427614045
17138,498.1355980887679
17139,489.98890411225307
17140,452.5506427653298
17141,256.4413965115134
17142,500.0
17143,283.80426558806965
17144,61.21957450962189
17145,67.96193338191382
17146,145.79554513805545
17147,197.8728951274336
17148,92.1128533645712
17149,499.9979178465087
17150,320.2903169643215
17151,175.58494183635077
17152,295.744889642424
17153,488.87519085449026
17154,477.7360588528345
17155,271.1327473448008
17156,275.0643314829324
17157,63.57463774438894
17158,136.57433367520625
17159,499.1093771232511
17160,152.19106956434263
17161,474.2678483846029
17162,105.39164608902006
17163,157.27489115466443
17164,419.9088966801198
17165,434.2415279038206
17166,340.5108182789085
17167,135.4183105460224
17168,102.85891083725706
17169,357.10131560274135
17170,112.47991225002102
17171,73.65941531201236
17172,121.71048158570161
17173,499.2065288550008
17174,495.1296828832441
17175,500.0
17176,116.87318921279004
17177,196.975546647263
17178,475.9122317156524
17179,405.5793643192459
17180,197.148596677694
17181,500.0
17182,109.81780501074651
17183,500.0
17184,499.2593589144667
17185,384.25220871938643
17186,298.60002620906596
17187,500.0
17188,57.70648834854393
17189,96.1877534573217
17190,417.68816976329754
17191,500.0
17192,445.36985312147175
17193,63.32945239603177
17194,328.81857360069216
17195,487.2073421722372
17196,279.5870457649307
17197,196.14197295817286
17198,146.66986172508018
17199,63.90180617366882
17200,496.72292242428415
17201,108.54046854098848
17202,125.87523954060701
17203,110.97068503962444
17204,425.727294627091
17205,55.566663703982904
17206,150.11237138532783
17207,196.3513571402907
17208,447.63856358613543
17209,163.2997493367435
17210,335.5518649983534
17211,497.7133250188102
17212,264.83765946515757
17213,144.64154610353435
17214,156.6347580412359
17215,138.22849447795758
17216,73.1446865957042
17217,500.0
17218,197.66908964155616
17219,55.17696020510287
17220,65.75839327904613
17221,453.6123973914304
17222,500.0
17223,489.871281355884
17224,74.1852000831535
17225,465.47765934298275
17226,57.234976501439874
17227,56.72160570561303
17228,468.77702827643463
17229,46.29859605964874
17230,115.56774200076092
17231,341.91685574199244
17232,97.89094542565807
17233,73.05808758064573
17234,476.832326924066
17235,127.08721534202816
17236,100.45497910841257
17237,109.04962314135096
17238,497.87566762498255
17239,496.9520617258131
17240,189.94718621866252
17241,286.93088555758584
17242,500.0
17243,134.15348825401506
17244,498.5724470204735
17245,61.83950100708862
17246,500.0
17247,496.94657392481434
17248,498.0582884196677
17249,475.66543925541146
17250,500.0
17251,259.08078480427577
17252,500.0
17253,336.3011905340652
17254,47.851946983943655
17255,333.2756342330712
17256,437.4840081070771
17257,150.4723166841847
17258,461.64719393502656
17259,407.29453453981057
17260,341.38451168706
17261,72.64718964279427
17262,215.23398396965592
17263,52.44958093407858
17264,407.48448008449697
17265,242.42194223253188
17266,71.08299992688573
17267,465.5724236321796
17268,103.8919787271343
17269,116.91874438405748
17270,138.13349648716823
17271,294.9811892697261
17272,192.1446970554914
17273,498.8904198547203
17274,66.14815173758915
17275,499.82752965443956
17276,217.5140907718723
17277,416.47548646262095
17278,341.0884295620046
17279,262.3656730254291
17280,99.67228282593247
17281,499.17863719022466
17282,60.94458769661881
17283,386.5698719540297
17284,180.3781267555454
17285,498.10499174338923
17286,421.8273066645295
17287,47.95564722397425
17288,143.5425382144661
17289,413.5292455640125
17290,450.2356639317477
17291,166.53418336694705
17292,51.74383335127557
17293,254.59560638857812
17294,58.45948672156303
17295,55.817937014863865
17296,426.21957949523073
17297,58.14263098662951
17298,448.38821826773614
17299,499.63667857744053
17300,110.3328595966654
17301,218.51246602092056
17302,415.296343635338
17303,74.14524597456973
17304,340.7518396693968
17305,463.4696097671153
17306,331.2878574994159
17307,205.19473447303574
17308,121.77554487261763
17309,455.6834313523834
17310,495.054416806062
17311,299.74492827349957
17312,109.4348197514951
17313,192.3155695946996
17314,500.0
17315,497.8173694550562
17316,429.1090202750579
17317,498.45375622339134
17318,125.58617759551217
17319,415.1483459533208
17320,160.87170414559296
17321,207.56403906329257
17322,264.5735528022804
17323,110.23683726175145
17324,464.1533475954691
17325,455.29931160256945
17326,443.3252128172538
17327,167.00937219309867
17328,73.47375778923661
17329,120.75742354553907
17330,132.35022944191195
17331,222.39540721456694
17332,296.1484548126015
17333,167.62379455203308
17334,500.0
17335,116.42658005853498
17336,72.36636032828804
17337,91.33465828709654
17338,200.53970493117424
17339,435.99142837632746
17340,99.72586340231196
17341,55.062060709314764
17342,92.11304196287767
17343,322.45420526950227
17344,196.71756958550665
17345,267.35217313034906
17346,498.5363721512708
17347,179.85466143119532
17348,488.5595756981803
17349,489.4433013133887
17350,59.84418539628925
17351,147.24153132007473
17352,179.67719351808762
17353,55.820075065915375
17354,113.83040009063767
17355,152.00780269504267
17356,465.5651125831365
17357,55.19793994805927
17358,495.0613396165547
17359,303.1086635800467
17360,494.88059291159067
17361,494.02610739411136
17362,423.82042806385255
17363,500.0
17364,500.0
17365,72.22115179646585
17366,411.89672405790657
17367,207.64147923408916
17368,78.83721735123412
17369,57.80561421250073
17370,296.70315516032167
17371,499.4826361493125
17372,499.566229778758
17373,55.19780550699428
17374,496.68323799557413
17375,388.0538365500688
17376,374.86943181982514
17377,498.94053561458236
17378,59.257488370477546
17379,57.97907978496646
17380,458.44885898746577
17381,60.09985183621119
17382,242.13493452781952
17383,116.75362459860042
17384,60.541033935188494
17385,61.56315859304618
17386,107.43846318145542
17387,466.29288234124647
17388,500.0
17389,102.2082151992981
17390,431.04601397158694
17391,82.9717926301143
17392,116.01765604242286
17393,186.28851641089273
17394,164.41143918382463
17395,272.4760269265057
17396,242.4151961554182
17397,57.39466425340771
17398,500.0
17399,296.892985198376
17400,119.81862186733792
17401,61.830531060445175
17402,176.9825200556604
17403,87.57996508547745
17404,500.0
17405,279.06446934599165
17406,465.08775028713774
17407,417.01544257572147
17408,192.7891856583103
17409,72.47604099027322
17410,499.4258858391603
17411,107.89055896940164
17412,177.47110416116092
17413,450.2526937609888
17414,63.16037602926293
17415,72.95289782422958
17416,425.137172855331
17417,423.7649124331715
17418,208.5580174748971
17419,174.14033844597319
17420,162.6338593402723
17421,62.500622327503805
17422,499.51382646326607
17423,52.504598648664086
17424,333.9196203108892
17425,104.52942451417223
17426,59.45572717432129
17427,42.70411734673377
17428,56.49005281765467
17429,90.9070007100496
17430,337.90785511100955
17431,71.15066358866771
17432,499.78568049206115
17433,208.34185737506454
17434,101.6967644510265
17435,56.30529772375789
17436,107.22552048362355
17437,62.822983939245034
17438,59.52436812656395
17439,49.7326760292195
17440,496.22480015255053
17441,137.37231867055715
17442,49.532167317553586
17443,53.91228259953151
17444,323.53239760374225
17445,309.46132319371156
17446,64.54457311472476
17447,118.87372745834486
17448,89.71290939581928
17449,112.85611231133214
17450,191.024607148037
17451,467.6536782163406
17452,198.31221279519332
17453,115.27865739011034
17454,190.3502360397321
17455,135.59687136515993
17456,186.5485076147381
17457,59.830097169110246
17458,500.0
17459,350.06170813943294
17460,61.21602081423759
17461,496.07739615388294
17462,140.13035048994024
17463,500.0
17464,392.3703094456703
17465,500.0
17466,107.62720702384809
17467,500.0
17468,356.747100622972
17469,101.18436946622843
17470,115.14388309377534
17471,177.28778418736658
17472,493.50207391628453
17473,192.47193192033978
17474,144.92938397434895
17475,435.7146762982286
17476,71.60702479222168
17477,342.0403823387926
17478,420.7553566770747
17479,471.1126320281138
17480,416.3726290042706
17481,60.187623131437405
17482,61.18514896994289
17483,331.3669854690571
17484,359.4637448844054
17485,78.00107599391863
17486,499.61486330724637
17487,493.8501363950594
17488,495.1667344385837
17489,289.71503239672876
17490,339.2521294043058
17491,444.1080142257483
17492,53.19687436371506
17493,500.0
17494,104.07522879751804
17495,106.56645639774601
17496,499.49916313947153
17497,100.72350911533958
17498,69.7410097997114
17499,112.75530365609197
17500,109.3364083961101
17501,412.4849855266154
17502,82.99417178880816
17503,43.93425299411177
17504,194.8894637321411
17505,69.16446414038515
17506,90.53730132077835
17507,500.0
17508,468.14516873392824
17509,498.80937644193375
17510,500.0
17511,419.57398458576836
17512,52.912025172868404
17513,421.3979413346527
17514,174.93395083411252
17515,138.7161350830677
17516,116.86761594367928
17517,256.6734992814224
17518,315.9111458844564
17519,95.19189669346096
17520,472.5674364443895
17521,497.6906681332099
17522,500.0
17523,396.9218188771621
17524,69.83047425320538
17525,149.4205539796707
17526,161.02103594131415
17527,408.9255967701354
17528,237.8078428964696
17529,334.9809973467735
17530,168.42006078247323
17531,241.80606855084443
17532,343.20884924423524
17533,43.35165533156136
17534,341.3170055503714
17535,137.71683796167792
17536,85.94474585893435
17537,376.5860701497308
17538,496.0855136234104
17539,500.0
17540,71.25889779537955
17541,236.63337636340464
17542,72.12668498969678
17543,499.0247303906033
17544,54.52259049986138
17545,280.9249102760068
17546,297.0494446992549
17547,454.9859006191445
17548,127.20104034905972
17549,71.27335032258397
17550,55.026180758679914
17551,93.82091213381936
17552,417.50671267441146
17553,199.55030864025102
17554,57.39797630169144
17555,111.89155816242629
17556,317.8811375300817
17557,482.69132331206947
17558,70.6424219439969
17559,205.19734891137563
17560,469.5491249130215
17561,108.39810536305336
17562,247.9781877558495
17563,500.0
17564,220.6762493357823
17565,475.7291574377605
17566,337.6271440011187
17567,166.31965712640437
17568,500.0
17569,74.37147221204204
17570,498.46107969646664
17571,456.48776221273056
17572,484.2472837955207
17573,179.89942664016777
17574,72.55183618684373
17575,204.95659521067137
17576,200.86276267799389
17577,500.0
17578,447.88887205042266
17579,416.2518024562979
17580,351.86180557921114
17581,270.5238225035109
17582,484.2503956464549
17583,198.69601057864912
17584,60.786892681106764
17585,140.90875164479587
17586,475.4300088056601
17587,311.9134705337102
17588,467.43690302506184
17589,495.8196838672627
17590,64.92644543279462
17591,214.384014917368
17592,452.8912904430884
17593,82.40965280160381
17594,60.37881103054005
17595,44.61440169933762
17596,94.16613126569558
17597,432.7257666940992
17598,175.46923607228098
17599,131.83781328575793
17600,59.042303704133985
17601,68.77154842541029
17602,478.4424089430439
17603,374.2449019319575
17604,182.36090118549998
17605,157.4906110365522
17606,378.03311274829775
17607,499.1807738142103
17608,328.4015007307473
17609,310.77777357735306
17610,349.35041650990934
17611,105.54464686721117
17612,420.23600818157496
17613,341.0842528363988
17614,387.0670952584625
17615,416.77667517781094
17616,451.7726885381966
17617,478.3078636242316
17618,296.8530814384941
17619,339.6068892961724
17620,109.34757500422714
17621,114.91473709240097
17622,184.4591306467834
17623,446.2293185666116
17624,51.17349507421345
17625,199.3337216501231
17626,440.2785987356823
17627,88.39882637153053
17628,406.22196210162735
17629,73.64584694412542
17630,140.44640804569093
17631,59.50938140052237
17632,441.5677682778214
17633,337.2010092274088
17634,95.70999299235915
17635,483.86183505139235
17636,261.40086699479
17637,496.8721722908788
17638,64.68205956417212
17639,498.77704173105815
17640,58.80812270838544
17641,344.79546585755384
17642,496.47686228578334
17643,61.79048145959982
17644,236.39202920812824
17645,257.82152718273574
17646,455.260246584677
17647,114.36940988110817
17648,313.93592614243477
17649,127.40622941417374
17650,499.97037677685114
17651,71.89143322165934
17652,496.20790668286156
17653,470.8943694759816
17654,119.08944929596224
17655,55.56219134640787
17656,62.30829474511524
17657,255.03324730155296
17658,119.93852830058992
17659,483.5014452567243
17660,500.0
17661,472.7725202661601
17662,60.798993726118965
17663,128.02850512690108
17664,106.13858361822213
17665,384.26396321619586
17666,101.61989964972149
17667,318.585214025704
17668,111.66951101790964
17669,359.745543728361
17670,213.62534774577762
17671,192.44694425801535
17672,147.21959482845796
17673,464.7328118268455
17674,212.17692442341297
17675,248.84653658058605
17676,121.7769381856489
17677,499.8074468391525
17678,348.5542218176994
17679,214.50676967097047
17680,500.0
17681,443.5368600592982
17682,152.66515134831906
17683,59.09579663349393
17684,459.3607583773904
17685,349.9192069428162
17686,160.84911740792003
17687,105.87123622217729
17688,72.28878615783323
17689,500.0
17690,54.10638009434172
17691,445.13068776378725
17692,116.62059096683964
17693,55.57029871291926
17694,420.1727364245797
17695,174.808977589994
17696,495.0777157560905
17697,75.28636342335452
17698,134.15076415535555
17699,189.95283163316128
17700,50.15170024450681
17701,392.8168929578254
17702,148.89130229286107
17703,500.0
17704,81.69414733304428
17705,156.20069998469404
17706,60.30063372387433
17707,119.69947827856333
17708,327.21741421362833
17709,259.5351490518906
17710,266.4115568171907
17711,148.89126470191636
17712,52.45721733471285
17713,121.81787745060504
17714,73.79882687183246
17715,500.0
17716,500.0
17717,118.49062412561636
17718,439.9874777763044
17719,281.10633806175696
17720,499.6521342253259
17721,206.25911999040343
17722,379.17041811459643
17723,131.6811761309758
17724,72.73880439504562
17725,349.52474358438235
17726,469.7815832516453
17727,343.0128395985605
17728,498.8187498550071
17729,54.26026354309167
17730,481.91368308301276
17731,148.15597263312515
17732,147.31309921472416
17733,53.80175967777637
17734,71.23038076295333
17735,493.8999553651744
17736,486.81502803759673
17737,170.00264477495057
17738,178.53623980608333
17739,125.46025605184138
17740,303.21151742870927
17741,175.9433694236709
17742,404.44364756847426
17743,51.716700768886525
17744,62.05056035145175
17745,56.01800586274104
17746,101.67037490346615
17747,256.8260054068072
17748,161.4878425893832
17749,290.50541648675386
17750,399.41739887361564
17751,306.86304817273935
17752,428.2744895094418
17753,147.00474152199524
17754,126.0049479706408
17755,500.0
17756,499.9497260618236
17757,57.97344618456367
17758,474.98099425939563
17759,93.10697025389351
17760,174.62348396150898
17761,154.41834015740747
17762,93.07879721289788
17763,426.34775719734455
17764,189.09767892193634
17765,99.78118892416639
17766,498.31534523504746
17767,444.87747132704055
17768,469.36636267016434
17769,499.7660115576473
17770,500.0
17771,484.19917823885226
17772,479.2052510184311
17773,58.014606842244326
17774,500.0
17775,111.8325866728489
17776,423.63314371167075
17777,353.3443049608957
17778,122.67995688844097
17779,499.61279230211403
17780,468.35575394319665
17781,58.52017898734586
17782,497.7617772391535
17783,119.59208537025154
17784,444.69831534925635
17785,145.8786486767933
17786,499.4736399087352
17787,61.0622502319833
17788,268.0157711304888
17789,339.3325394255588
17790,184.89982905180312
17791,55.96953046654204
17792,478.12447299124676
17793,266.54962809097503
17794,500.0
17795,340.14097341668094
17796,360.6943191673727
17797,494.44892911082127
17798,60.88503146382264
17799,383.0606995651234
17800,123.47208789959129
17801,96.07796420150629
17802,111.88761439358359
17803,419.73532035940843
17804,151.55207783669897
17805,122.27202904643364
17806,70.80968026195573
17807,71.93022994028681
17808,429.49145573157193
17809,499.7194011617402
17810,54.506656248710414
17811,394.2759453521653
17812,42.837910041760196
17813,63.6211927061771
17814,462.5546173390807
17815,499.5674484366508
17816,500.0
17817,439.7322944591599
17818,62.532237442783526
17819,325.7591311283552
17820,483.0906171195455
17821,75.99437273206968
17822,237.4920453020859
17823,259.8534823070306
17824,70.25056440075203
17825,158.3017451117453
17826,102.57785762251925
17827,187.50901126952715
17828,497.43421159103593
17829,153.32750492869573
17830,403.6637460171196
17831,199.47629038439408
17832,174.2340227677043
17833,386.246357102361
17834,319.5949246635272
17835,90.26198128765861
17836,111.93252580479216
17837,415.85948059982104
17838,55.45641331243601
17839,499.4687009506937
17840,181.21528165437414
17841,59.19215529390595
17842,482.71728487829256
17843,492.86372818151403
17844,500.0
17845,344.0830051818164
17846,483.9719300378895
17847,74.1101459956549
17848,269.5244062241018
17849,111.01758606088708
17850,44.06027739134369
17851,74.41052686255237
17852,485.4720279310637
17853,333.6882805512495
17854,85.4362528596379
17855,457.16550099190914
17856,124.37450945976644
17857,499.9122939634426
17858,500.0
17859,488.5841316857311
17860,439.7326480369079
17861,267.7503685005031
17862,345.33575788502725
17863,90.8448600308873
17864,198.3655507257968
17865,325.8682990383578
17866,143.2042688762586
17867,497.73955919180753
17868,136.28807953024025
17869,455.3124284445372
17870,467.90803743865115
17871,422.09068822500416
17872,495.7193911022895
17873,128.55798416696294
17874,499.9728119062636
17875,44.01804730356124
17876,50.78283061356858
17877,161.89305493015135
17878,455.71617200135614
17879,118.2073986356275
17880,71.20609658409363
17881,104.67482665449239
17882,496.85937649203527
17883,496.5997487519005
17884,59.96448442343261
17885,110.23655535982039
17886,453.0114211585178
17887,497.7785210207362
17888,496.5936348223481
17889,133.98094934866378
17890,497.2563168016021
17891,325.83855892672455
17892,479.4152999427473
17893,499.2540523749928
17894,441.54401658803215
17895,298.7625477496201
17896,76.68909366041929
17897,351.94753717883106
17898,487.85172948496324
17899,120.83008184836795
17900,89.62499662251149
17901,258.87109423632427
17902,167.9683777402743
17903,285.7536889114316
17904,333.0161907882673
17905,415.4774968106341
17906,57.70163260327887
17907,339.51780811852893
17908,137.26724635200105
17909,452.7237133257914
17910,152.70414263468163
17911,73.26985925097866
17912,89.18158264131466
17913,89.24881450675936
17914,55.37566078582757
17915,152.71104458197067
17916,286.1009103515955
17917,225.40757394382854
17918,429.76395472137995
17919,108.09237335851724
17920,498.19344133742436
17921,499.10333116568165
17922,116.84057845048298
17923,464.1529337928663
17924,481.4569272860445
17925,62.784632440161204
17926,499.4254508084658
17927,53.84762464242199
17928,214.41208781501115
17929,329.39429133214315
17930,400.9825341359392
17931,469.8360077089093
17932,134.7939623130607
17933,166.76985023968956
17934,455.7548255357167
17935,500.0
17936,500.0
17937,112.30833937173385
17938,69.14807394160015
17939,76.49062340574443
17940,330.5823828984054
17941,270.2509369128565
17942,343.5134489071071
17943,128.86569540456037
17944,453.76986958358
17945,49.76164489285033
17946,498.485727446401
17947,489.8664238425556
17948,155.75965215330098
17949,499.969485169329
17950,500.0
17951,162.4571309222908
17952,91.0666824789438
17953,96.4825208158241
17954,432.66079767694083
17955,151.5200142422372
17956,500.0
17957,196.638315608824
17958,101.62345061070079
17959,105.0330064552218
17960,458.72458795945215
17961,481.94674355713846
17962,112.18371609695241
17963,187.7965466549557
17964,346.0522339722657
17965,185.02257573680828
17966,461.03452454985666
17967,352.3239615984529
17968,497.8273241678727
17969,91.5598096403963
17970,69.7264098441478
17971,489.88456402334396
17972,398.81363308285427
17973,103.86273903690521
17974,234.14412378015578
17975,73.17421602903752
17976,216.46322646652072
17977,500.0
17978,125.74105461615946
17979,464.62011678678175
17980,54.3694501095886
17981,468.45348949531206
17982,269.03328374283615
17983,95.28847935016361
17984,298.854268755373
17985,349.968067407506
17986,500.0
17987,499.5727712090377
17988,136.19950519753132
17989,189.1352735293193
17990,206.138381319521
17991,459.7464601877341
17992,453.6952367450965
17993,49.77474207960451
17994,74.13475417280439
17995,139.32590538683746
17996,500.0
17997,478.28491282002346
17998,413.9162703931811
17999,58.668433513344795
18000,193.6962855032955
18001,500.0
18002,280.1444008348053
18003,350.510588896415
18004,58.924393566174544
18005,500.0
18006,113.04870554769602
18007,500.0
18008,142.11012047030636
18009,454.7574710532492
18010,51.72372625138329
18011,500.0
18012,58.82000737904862
18013,424.69479131444064
18014,74.28865935691483
18015,498.1593095944952
18016,480.671634309282
18017,438.5322538638005
18018,190.18621729251743
18019,239.26197960494125
18020,108.15072596273265
18021,346.52858721112085
18022,228.81813151490348
18023,55.12128645590923
18024,496.62680899856025
18025,168.58918576027526
18026,499.4441775941039
18027,498.5802039921181
18028,57.31326439558085
18029,272.2296381770316
18030,196.94648943090056
18031,498.5496102424329
18032,500.0
18033,55.939506665604156
18034,473.5296808545677
18035,499.9481494490152
18036,70.12119900528036
18037,384.7136676092665
18038,326.0014507666214
18039,104.97275751497541
18040,433.3778636801047
18041,109.15406111084552
18042,178.5228831792281
18043,58.54806067624501
18044,103.07729980639624
18045,418.1614740487702
18046,195.53185743982635
18047,96.55843866817835
18048,268.44654643939765
18049,344.17584599174666
18050,472.3823408796694
18051,471.1755610928318
18052,451.1628849366233
18053,139.6240971107511
18054,240.92694039397028
18055,86.12367550782929
18056,59.304769178349815
18057,248.58924254665345
18058,294.4633514265593
18059,496.99363030006435
18060,93.94554766794167
18061,496.0982351960679
18062,196.79925147888548
18063,71.6549918340402
18064,159.62477778808642
18065,493.16610479730224
18066,58.05305213631948
18067,500.0
18068,488.9123765225926
18069,498.3417675343302
18070,495.0463709117479
18071,485.2078896296269
18072,59.92754188658063
18073,148.70333277867763
18074,65.75159174953203
18075,457.80952803549235
18076,500.0
18077,272.20616511944473
18078,446.0222609895309
18079,224.95123187235538
18080,118.96328918802458
18081,147.27229624996602
18082,268.45785915917463
18083,325.1308788026876
18084,167.6439120827922
18085,456.0118031536745
18086,289.8534517400895
18087,321.42232268365666
18088,500.0
18089,258.6750502059789
18090,107.48003609377722
18091,265.2808126160872
18092,499.98587378925413
18093,202.81399853711972
18094,457.7144670258775
18095,52.121252093456036
18096,497.85212306341475
18097,53.29380651714453
18098,222.6737076167277
18099,116.6722224738298
18100,208.7674855668113
18101,500.0
18102,56.578049689116675
18103,207.84676699477717
18104,284.8594935170157
18105,137.2029085802546
18106,440.9703636235298
18107,489.3217123888269
18108,499.87409152454535
18109,500.0
18110,500.0
18111,500.0
18112,58.66740028421442
18113,112.53217407777956
18114,138.62146758582978
18115,110.78570816098764
18116,100.88067556869034
18117,206.10234429434306
18118,120.11600341068954
18119,59.63840338711995
18120,86.81783111444824
18121,350.3724495418313
18122,72.26360389372134
18123,431.13146547882457
18124,63.500690865850885
18125,55.373015689535336
18126,178.35421234620856
18127,460.43927410186086
18128,438.68873625929336
18129,269.4373357099452
18130,64.95330761733504
18131,98.39658283236321
18132,204.75054711818808
18133,322.5767580971181
18134,393.46855422197973
18135,59.1796601370967
18136,109.2982255959001
18137,56.696754071250965
18138,120.19098692503755
18139,73.74902385351552
18140,63.22114620877375
18141,103.63131475211225
18142,428.40107987539693
18143,303.69218222103115
18144,459.9595593980779
18145,459.4608071140927
18146,484.36028612225584
18147,457.0444848552694
18148,428.468817275406
18149,63.36135749288312
18150,116.68221530074712
18151,74.62937690963987
18152,416.26330172060955
18153,60.67135069414432
18154,119.95364085659213
18155,112.54419244215443
18156,476.5545818532392
18157,110.38374685518745
18158,184.88360738231546
18159,57.4467004193845
18160,184.39298553366356
18161,414.03961892789783
18162,287.3135328247419
18163,105.80157355707595
18164,481.8893712974936
18165,449.247058799612
18166,496.49639547196836
18167,59.24178445182304
18168,87.42462795735635
18169,349.5318665223267
18170,437.66824357069186
18171,454.7156862360157
18172,60.78497523927692
18173,500.0
18174,487.21451747105317
18175,101.31099161027245
18176,212.5416207973508
18177,497.94890390486535
18178,500.0
18179,75.3266819401201
18180,160.25592950692243
18181,499.68211947204105
18182,53.27300589228694
18183,57.17635430702147
18184,429.3103458631204
18185,124.30243501991087
18186,320.164784901435
18187,284.9110550926053
18188,274.6879733276857
18189,455.22469541004216
18190,111.29219652824904
18191,483.115648379753
18192,272.7762335982893
18193,268.62401813775745
18194,486.5402245836402
18195,109.53607007406612
18196,79.7407215324172
18197,500.0
18198,494.16516951963104
18199,145.278779375514
18200,154.1961596691392
18201,150.56831087822394
18202,51.96857853470264
18203,62.42169389928749
18204,146.67782168020142
18205,61.805088739349074
18206,73.98289047282509
18207,110.18718876130154
18208,500.0
18209,185.88093329901452
18210,500.0
18211,147.2335612079329
18212,120.00050488968722
18213,496.691305535708
18214,478.1945714926135
18215,117.69401151842105
18216,79.59926700616649
18217,499.9140937622033
18218,117.5857084877469
18219,136.71068566112223
18220,55.831895050484846
18221,182.49288538803924
18222,483.57385882717256
18223,475.87772887184724
18224,365.1038421658746
18225,264.9764724167279
18226,126.98930156222788
18227,75.37714219369194
18228,437.6442342724258
18229,500.0
18230,498.04357355393495
18231,427.50366110233557
18232,249.25758169406765
18233,51.00507451152956
18234,107.55770412111231
18235,375.25244494245374
18236,497.65398212772834
18237,500.0
18238,499.23475838213346
18239,344.0076864215204
18240,459.1504209599228
18241,500.0
18242,139.1051847210896
18243,112.33917174962735
18244,70.86818395450602
18245,115.58347367989849
18246,277.2227879485323
18247,409.0037943113779
18248,100.21904258698544
18249,112.9729170404298
18250,93.5922499314059
18251,443.579340418161
18252,131.35095129528406
18253,500.0
18254,50.98922121826159
18255,421.98306981506255
18256,500.0
18257,121.5814740493743
18258,479.952164960148
18259,310.9238282349415
18260,169.10209781179196
18261,312.9288642534935
18262,437.1184012819005
18263,469.3577308683716
18264,114.98431116851475
18265,76.11759623166559
18266,344.06725382717184
18267,56.77742997378495
18268,199.4731388735663
18269,147.25990715886883
18270,500.0
18271,500.0
18272,489.5785914630977
18273,416.9379942104655
18274,226.67279831904955
18275,196.94240074183517
18276,500.0
18277,208.29157186655084
18278,272.36057767054865
18279,499.71654571554393
18280,288.0687892950342
18281,108.8155648531019
18282,477.9739433589876
18283,101.90157336867539
18284,141.1084453491692
18285,72.29277828495853
18286,375.5274482549078
18287,101.8762483633008
18288,63.004936574179936
18289,188.75721677024188
18290,92.11495073135933
18291,58.704826161736605
18292,473.15735710397234
18293,426.7942816603836
18294,320.9220391267982
18295,161.1949354591831
18296,422.58943124170446
18297,169.01497037420356
18298,337.1787046432315
18299,51.26266924155238
18300,446.43776602075707
18301,431.31161623378784
18302,355.9049069627729
18303,47.211149949899124
18304,105.09039495437736
18305,499.50444124552985
18306,75.25129515570069
18307,435.11394234134355
18308,98.9923299943511
18309,499.8097194210479
18310,122.30959736919957
18311,344.37762232257694
18312,157.33756322960417
18313,290.9867399453266
18314,326.62653289636177
18315,119.91850910979068
18316,140.10871927156188
18317,56.20283924757497
18318,79.0559503337215
18319,103.33298942235106
18320,358.7438154178989
18321,57.9359383766678
18322,496.5818667268341
18323,500.0
18324,49.59359822866163
18325,46.11438519479886
18326,472.57592105800575
18327,350.7482927846507
18328,115.24273643881969
18329,498.15769307385324
18330,58.542203204254236
18331,137.12629303709113
18332,262.9742957142538
18333,500.0
18334,85.41860316435825
18335,420.8756609339649
18336,261.2348673454147
18337,500.0
18338,499.85231029614584
18339,500.0
18340,115.76600595642967
18341,492.67900894114723
18342,281.9409103543975
18343,465.36184527337343
18344,136.72383611371004
18345,48.304371268657285
18346,362.52391625660425
18347,500.0
18348,494.7995547571883
18349,454.32754889586556
18350,120.67839486660208
18351,60.395442006511445
18352,460.3532408062985
18353,460.29547731943956
18354,500.0
18355,493.9621332505841
18356,317.3927373365436
18357,498.6194573970009
18358,214.12025320289885
18359,355.56030981506774
18360,243.09346311708217
18361,458.8730520369311
18362,60.78834703208615
18363,463.47499555708475
18364,499.44855634486544
18365,157.68489860937686
18366,496.434502531289
18367,72.17429181352145
18368,416.7640509338845
18369,498.4131426249526
18370,497.3639354367929
18371,429.7872539622193
18372,464.4968493162075
18373,61.52790399473621
18374,286.39433024379923
18375,79.874935874246
18376,499.54598665740775
18377,488.4010286722671
18378,475.3611822710358
18379,496.4114895285781
18380,176.83679889354113
18381,463.3487618778344
18382,110.30237134781271
18383,99.24831367912029
18384,476.2878221857775
18385,407.5748758782333
18386,117.462854767496
18387,49.88225670617314
18388,58.64572636117359
18389,482.03845221859444
18390,334.9612839340885
18391,69.6144708803244
18392,107.27884475991937
18393,166.70731025340814
18394,309.1500333931381
18395,427.17691956002477
18396,151.5161421900204
18397,500.0
18398,56.861570988142944
18399,126.39122577459156
18400,500.0
18401,177.34735787560913
18402,500.0
18403,479.5351007340992
18404,475.00158314379814
18405,110.53494905661586
18406,155.20035477800513
18407,489.03395803772116
18408,104.49164113870877
18409,407.3582198132258
18410,114.49655451880794
18411,495.98575968958926
18412,379.86205149821495
18413,497.446722838263
18414,48.59966952123999
18415,352.7022397740459
18416,441.31306862536167
18417,479.12160487247183
18418,463.74492633947625
18419,50.69260396547982
18420,106.32928670988832
18421,165.2658749711702
18422,327.2601209514048
18423,114.51589984945683
18424,205.24665893295935
18425,488.7348127696355
18426,499.7503036293241
18427,160.9108118378764
18428,472.9469214537155
18429,172.31666445226801
18430,181.38565967306909
18431,499.5704905680053
18432,125.34738687583278
18433,496.452212679317
18434,500.0
18435,197.3727896792774
18436,104.44868101977931
18437,500.0
18438,239.11814820262921
18439,467.5994695308641
18440,469.94689197849317
18441,499.9063578484022
18442,325.60931782337417
18443,59.784244470591986
18444,324.0350878968634
18445,499.19082212112755
18446,137.7626481315499
18447,70.08642386187398
18448,356.65298970041215
18449,182.24216546983547
18450,499.19339415643066
18451,106.41283148076452
18452,148.20284315385243
18453,110.68753666321393
18454,391.243012239737
18455,145.95416089343658
18456,497.5028930300667
18457,356.67823905668416
18458,177.1206952014211
18459,54.437121889650584
18460,500.0
18461,46.92111093572504
18462,474.7067359880542
18463,498.5502740310443
18464,175.3160362204309
18465,500.0
18466,72.54384309364899
18467,64.47981761240992
18468,93.76811572792329
18469,407.4532971535633
18470,61.18572523752316
18471,441.4542930748165
18472,47.599888868237855
18473,72.98364164516425
18474,76.2786922646122
18475,108.82141757694107
18476,166.2420291486631
18477,127.98670542788989
18478,452.65124708264
18479,358.622951748707
18480,56.451133629622106
18481,296.3582275224743
18482,479.36848896053357
18483,500.0
18484,457.6245830692395
18485,116.53237358466771
18486,278.20692404903764
18487,490.4118216884554
18488,57.75094077629295
18489,496.153538563942
18490,263.4451767472318
18491,237.02352120082122
18492,58.310520244266414
18493,53.76266108089291
18494,59.946693635810185
18495,105.94241362296134
18496,113.42301382613081
18497,495.3326368409816
18498,397.7712162589479
18499,438.5708221777443
18500,261.5799220628739
18501,140.44536688571478
18502,71.3524287813843
18503,56.65271445249515
18504,62.588555746473055
18505,182.18944970376975
18506,71.27990503521097
18507,183.9086130839571
18508,348.7747702026907
18509,175.30636700788497
18510,59.39613926736243
18511,456.6895704065654
18512,306.8876869567018
18513,127.6095648151748
18514,54.333854938927004
18515,114.87947393328264
18516,54.61498332085511
18517,60.074369301316025
18518,460.22385378609573
18519,498.25900411722046
18520,105.06522380167999
18521,445.8689867510677
18522,74.77316636968285
18523,498.91972652472475
18524,500.0
18525,68.7955209364171
18526,495.35753379334244
18527,189.46686035627775
18528,439.2418929334506
18529,74.17354483359803
18530,451.1078010377305
18531,279.5583049733047
18532,63.17925276841096
18533,499.596227732529
18534,77.73143467915622
18535,376.28644347582747
18536,210.1478486510482
18537,103.9002445066609
18538,467.1167973336021
18539,392.43803658862385
18540,477.9034976332758
18541,476.3816877702726
18542,140.00782063865944
18543,411.7732448104782
18544,55.56239341562572
18545,185.2982810226344
18546,500.0
18547,467.64936030859405
18548,70.2491806903806
18549,296.1924488174222
18550,323.3412539079939
18551,397.0784556425354
18552,62.669569216935216
18553,321.5661460587064
18554,498.84914431325865
18555,112.15110472143685
18556,494.834071041739
18557,183.25943667906702
18558,420.2581999066604
18559,74.29299771977773
18560,497.0192480989317
18561,295.99474506343734
18562,327.65195570516363
18563,303.66125461966374
18564,214.3725528846806
18565,67.59361833849059
18566,458.0609262819824
18567,386.79669661098694
18568,492.8711057728292
18569,121.77049192628174
18570,425.2955011788309
18571,457.1282452949438
18572,163.85989123392497
18573,71.10987195734357
18574,123.19130969207175
18575,397.7535602824428
18576,436.26227830923335
18577,200.8892549274542
18578,104.1927594140782
18579,262.72779159510986
18580,228.50547782270166
18581,301.3975826369225
18582,500.0
18583,439.006677471775
18584,123.76399540955786
18585,339.6490831197567
18586,500.0
18587,122.21860886981307
18588,291.74362289871647
18589,499.3770534327652
18590,56.61008433010728
18591,57.339180613242235
18592,75.83243500019327
18593,62.97642953912535
18594,475.4064740059158
18595,71.40972765036975
18596,435.06969560264133
18597,499.46022477184806
18598,411.4617375552604
18599,122.7329980127746
18600,392.19258274281333
18601,55.83470862840844
18602,73.12976190800386
18603,500.0
18604,340.2989095814674
18605,357.0259333570612
18606,133.74578023723075
18607,175.01713310209598
18608,495.38642981148917
18609,372.3074340137477
18610,61.681361015785505
18611,499.91926401264516
18612,54.76903215909676
18613,496.6749630526
18614,192.97269237803908
18615,60.89907994525278
18616,72.4238291273247
18617,274.8178521162856
18618,499.90093791392883
18619,473.8946026352796
18620,499.09517009996034
18621,491.8280296555824
18622,187.11681711945468
18623,200.47740120048832
18624,129.9336132573896
18625,406.5691578698761
18626,55.68872281007437
18627,76.74772354886741
18628,257.12392337237327
18629,55.82299837800795
18630,59.63633229299126
18631,500.0
18632,160.70012115264421
18633,112.55203703150053
18634,253.60938318910695
18635,498.19306404146505
18636,498.31396173682606
18637,177.8003629596741
18638,272.00531322609083
18639,106.37784898853602
18640,92.82539012565134
18641,57.23462419018335
18642,48.88307401995037
18643,78.69677177236971
18644,104.66415325740917
18645,153.9848701293617
18646,58.598385030015024
18647,69.21752212716959
18648,306.7616560375619
18649,456.59812306484616
18650,62.20669920524103
18651,58.218514362596494
18652,102.64748915040755
18653,221.63929682837352
18654,488.7966342214745
18655,177.35522679256474
18656,438.52134835017023
18657,344.8819829243469
18658,417.66371688604283
18659,98.6318303252375
18660,426.6137049766894
18661,76.45928151882555
18662,461.80704091685436
18663,486.78923592722435
18664,94.700605996924
18665,99.52561073125537
18666,141.21638267311803
18667,58.20779337046238
18668,98.35742888041678
18669,56.298199111256054
18670,415.2599552654275
18671,469.4339465660605
18672,498.8629392004914
18673,176.31553668116257
18674,120.94038603012848
18675,58.959105252800754
18676,95.06849498037028
18677,203.4625753989078
18678,284.90351000321954
18679,56.96976021099658
18680,464.04728078919044
18681,58.421653870474
18682,498.5819161774774
18683,52.73432521445023
18684,71.14072818038493
18685,109.92330940893339
18686,305.0051599216596
18687,72.50404539551354
18688,499.68131357958066
18689,164.56784137931913
18690,204.52391656283154
18691,76.29662225119361
18692,463.8890633910944
18693,50.94313910427138
18694,48.20790137502706
18695,44.72276085131807
18696,272.141091882073
18697,185.43822776289846
18698,461.0674958661314
18699,500.0
18700,69.96282143671165
18701,105.70849224790172
18702,158.22048826182314
18703,391.99442776954794
18704,90.83421848381421
18705,58.626585197981704
18706,388.62564530529755
18707,484.97794055280906
18708,500.0
18709,330.020496471036
18710,500.0
18711,500.0
18712,356.8371411725889
18713,495.5055495409252
18714,74.55792427842555
18715,474.3467919540717
18716,234.78294876112503
18717,406.71071372370045
18718,465.8608827271081
18719,418.2772843493449
18720,119.15556918376231
18721,109.97346699784083
18722,488.0561233322816
18723,106.78373351004836
18724,93.33088306135393
18725,500.0
18726,47.489164889428466
18727,497.7474398889907
18728,71.84176608368976
18729,433.7026679126791
18730,396.0907912569247
18731,63.28286005999476
18732,191.6874011506225
18733,395.8073404041637
18734,343.28907976712406
18735,299.0765726650267
18736,433.10091398715247
18737,499.633727581657
18738,490.200720663004
18739,110.95238907273182
18740,166.79965882535714
18741,500.0
18742,454.33777170470756
18743,58.393684689931
18744,463.6205773258489
18745,493.814283763188
18746,346.84473672522904
18747,303.88200399751656
18748,495.5146946832957
18749,500.0
18750,499.8982278175424
18751,329.2842348771911
18752,71.76538558510711
18753,499.5851538906576
18754,58.928610090775734
18755,345.4756661954931
18756,401.26227128124526
18757,210.40347070077087
18758,53.803122001272
18759,127.94784674727875
18760,94.75679881269754
18761,206.73342919306677
18762,497.8086842718816
18763,404.5103040409288
18764,103.58316469274413
18765,104.21752846919146
18766,499.457581920669
18767,50.330811965830875
18768,207.29895371835366
18769,448.39114809012017
18770,467.90762203168265
18771,425.6540035603027
18772,498.24647070905644
18773,198.6095253482562
18774,495.53011316572736
18775,58.29701984366061
18776,50.78603746730343
18777,392.4367721302526
18778,286.87937254534745
18779,320.6122828610831
18780,325.233951270839
18781,205.42377878907826
18782,69.98367243428422
18783,110.71635872531044
18784,56.97447684538815
18785,500.0
18786,339.56542067841247
18787,288.5325433653191
18788,415.88962070387197
18789,326.07702284573975
18790,254.34004918208598
18791,94.05341603591687
18792,485.42185883953584
18793,342.05345619493824
18794,497.95569570817247
18795,417.47172210769554
18796,72.56027742512511
18797,460.32233999124605
18798,149.17866681134598
18799,182.14075590961966
18800,130.94768307504927
18801,499.39000725598686
18802,137.92654543938642
18803,122.90021225048699
18804,297.3129717979514
18805,500.0
18806,208.31512080671422
18807,314.621821566517
18808,499.30100596535004
18809,458.9231107635841
18810,484.96509457316745
18811,134.98130017152377
18812,337.6360357424772
18813,499.40506248119823
18814,197.25000256229106
18815,251.44390220795793
18816,351.1211212078091
18817,54.59893362004568
18818,109.76849278708636
18819,108.62875943449873
18820,108.33138164470117
18821,72.82321756980039
18822,68.40267946005551
18823,447.1046256071363
18824,500.0
18825,495.6070172093374
18826,500.0
18827,500.0
18828,456.82411104668313
18829,499.76895814481276
18830,488.30081755546104
18831,328.9200032733909
18832,95.4765184685198
18833,270.8707024436286
18834,142.65063379214362
18835,173.9994069253783
18836,136.59329875496587
18837,61.36749578795819
18838,52.01398849939149
18839,242.46929629939495
18840,186.01193678933907
18841,500.0
18842,122.87290082597772
18843,499.9590743454859
18844,332.5124093584009
18845,351.09118457073157
18846,424.9796117226121
18847,308.6075213087016
18848,431.030641365817
18849,74.59603811443591
18850,195.6686186186762
18851,500.0
18852,500.0
18853,76.23152348416566
18854,438.833451001768
18855,145.22868983788533
18856,136.70919310557503
18857,58.095908754563126
18858,170.01782393499383
18859,463.2342946430612
18860,395.1168024922322
18861,52.134107158424264
18862,73.05968108440894
18863,51.758524945162634
18864,247.10869445475
18865,471.42378003144677
18866,480.7931707951264
18867,104.68259985106243
18868,106.00542601100076
18869,495.20114282762927
18870,304.30174259435097
18871,57.02427524373189
18872,189.19435966454824
18873,280.0631646767303
18874,500.0
18875,68.18986078007147
18876,500.0
18877,117.2336209149212
18878,210.86542912908135
18879,147.53577859217611
18880,133.5478772659527
18881,61.044913191128614
18882,137.41605812044816
18883,161.33760856064418
18884,500.0
18885,410.52494290479626
18886,204.4078274364196
18887,142.5171054317715
18888,431.5055838440906
18889,168.83649939534786
18890,489.4998657792845
18891,240.50529048760288
18892,500.0
18893,338.6341124722261
18894,447.30592779225447
18895,461.0941373712861
18896,58.97054610539713
18897,175.1346073129177
18898,299.9097879493386
18899,500.0
18900,54.66900991384544
18901,124.1931295262731
18902,489.13605774127666
18903,357.0977652634467
18904,499.1118473748344
18905,500.0
18906,178.0607127766891
18907,499.52252927477855
18908,157.10623895031796
18909,346.09871200884675
18910,431.45029543780754
18911,422.24789708933463
18912,493.27813206645783
18913,106.11675445605027
18914,463.8488123283388
18915,174.7085952514401
18916,122.28077977636647
18917,256.6068521854584
18918,113.48445790770717
18919,500.0
18920,63.44414344659319
18921,212.45887840403225
18922,139.68016009118287
18923,489.228838530866
18924,207.22318849378314
18925,73.01203139542123
18926,500.0
18927,279.4081312131626
18928,52.58886414327122
18929,70.34434849226037
18930,442.5747986493144
18931,499.65484520905454
18932,73.33929436263568
18933,128.44435639711094
18934,500.0
18935,175.1751464030642
18936,493.94199341832916
18937,71.22572193568952
18938,193.12326485918544
18939,499.7368985533766
18940,176.58122925191373
18941,248.89967063130672
18942,314.6653524151171
18943,119.61605327655607
18944,55.89267907118101
18945,67.86959478422048
18946,122.07090640022992
18947,309.27396892435445
18948,299.0657345556272
18949,247.18358618228825
18950,500.0
18951,148.06674205670373
18952,500.0
18953,495.9932831910578
18954,480.1418196420469
18955,149.53906531846576
18956,500.0
18957,104.47588046092088
18958,143.5673606900847
18959,68.76378350578287
18960,180.236359215456
18961,466.5076565186588
18962,500.0
18963,113.68754455759068
18964,396.1304119573146
18965,163.82939533895356
18966,146.74676084613827
18967,278.28931285836893
18968,102.56184782871472
18969,500.0
18970,498.9515190922024
18971,157.69613701743359
18972,438.44623347402336
18973,301.3235826506371
18974,277.1221729732218
18975,246.620917315484
18976,452.3117189636823
18977,307.5939999916149
18978,413.6977596815723
18979,56.289212715778106
18980,500.0
18981,447.12753367719716
18982,445.74810284006907
18983,499.9343616533557
18984,303.7194343182828
18985,338.62603801685486
18986,90.62408334982527
18987,72.55221623831993
18988,111.9326922305034
18989,65.45026998995696
18990,107.26470134125739
18991,72.26881365368325
18992,56.70557017535309
18993,276.8284667789333
18994,444.02227208622384
18995,492.89957287163617
18996,121.96702512871309
18997,57.6991633079177
18998,406.05853213613506
18999,329.70288454797316
19000,49.72513774583112
19001,335.8619284085772
19002,492.7052022067588
19003,135.10567391953995
19004,479.2857424820887
19005,499.8813973059496
19006,120.21846264883526
19007,80.78542773928186
19008,500.0
19009,116.2171919185058
19010,138.64652712168694
19011,71.3950098002061
19012,356.2489755391407
19013,250.71837806764336
19014,264.13503288778315
19015,58.90879341234978
19016,110.00805247180831
19017,131.42628251842922
19018,459.9340831336526
19019,494.59206015877817
19020,310.0746188632172
19021,58.80541833782449
19022,65.78704758877427
19023,384.106537286935
19024,102.33842756021434
19025,148.66465366920622
19026,460.678371503312
19027,58.67861589456635
19028,71.23067269758155
19029,95.38824531390733
19030,499.1256823012118
19031,470.5252770401337
19032,417.5246061852754
19033,100.81363747986885
19034,495.735158952926
19035,467.7379381984608
19036,498.98304660144817
19037,185.99687247209687
19038,281.78032977231516
19039,338.95618288846794
19040,400.5653917371594
19041,105.67683868892853
19042,343.8057621638868
19043,99.08163945499328
19044,112.35140004069319
19045,499.508241647726
19046,63.102791426918735
19047,128.7366414218068
19048,350.43049521218643
19049,226.9820375896663
19050,500.0
19051,246.72421076466878
19052,57.66777117931307
19053,493.574656606672
19054,475.73827315182814
19055,109.03297690563144
19056,75.0608554045169
19057,137.0660238724148
19058,58.773673775113195
19059,290.7855581938551
19060,458.2181981001196
19061,500.0
19062,74.1557955448463
19063,400.09476400598487
19064,499.5383016319487
19065,192.24721344871645
19066,169.93418528155289
19067,73.04754515618639
19068,65.99475032284964
19069,306.50444097048114
19070,50.319547739387076
19071,107.32301123887335
19072,61.30046845915639
19073,453.2666515047815
19074,500.0
19075,414.35110882236825
19076,154.65339347487787
19077,475.8511245311935
19078,287.6426292283551
19079,209.9261405719432
19080,500.0
19081,361.6949336175843
19082,500.0
19083,132.51080648701128
19084,192.89186933699798
19085,151.07580409695962
19086,362.9222661457576
19087,101.00870442058569
19088,260.26666213440546
19089,60.359470446921534
19090,59.67704053811309
19091,157.88909406232432
19092,215.39427675230536
19093,121.77845286248451
19094,58.33893996127102
19095,440.7258284825409
19096,499.0380679691468
19097,173.72478706980704
19098,68.10528127265
19099,124.98329578255189
19100,349.40766929673134
19101,473.4388779976557
19102,494.01657172549227
19103,66.6543850193842
19104,124.26505753002166
19105,55.18294110402066
19106,496.93580961904087
19107,56.9200492385045
19108,458.35498312861006
19109,137.9951678842051
19110,184.4176880918943
19111,272.71071710913236
19112,478.4717416341723
19113,122.82023600306957
19114,431.38697265164376
19115,479.84477839172393
19116,483.19589149363185
19117,105.19319196161437
19118,500.0
19119,199.34004531057758
19120,74.80315967835466
19121,499.1478117538414
19122,341.0038322212773
19123,448.2517203616288
19124,98.06734419557841
19125,301.37302500660394
19126,109.22274902826976
19127,85.09784052603459
19128,500.0
19129,64.07070499595767
19130,442.8952271549055
19131,478.5774224865247
19132,60.93640353788639
19133,150.9626166877738
19134,104.11018437575581
19135,287.3245975268841
19136,368.84123061014213
19137,113.92352470356306
19138,290.163838890595
19139,62.45810706776761
19140,499.9101111712561
19141,214.004827683952
19142,351.8155093173721
19143,497.24854820707924
19144,132.66892279430527
19145,499.2657276981963
19146,200.069726879889
19147,397.38017971921465
19148,445.2493485398867
19149,102.01620663477968
19150,60.79591287607566
19151,487.8600784082154
19152,152.2222125820727
19153,116.56923350385551
19154,52.83939378070564
19155,269.11493683172307
19156,125.28663502847022
19157,128.4822304471566
19158,500.0
19159,500.0
19160,72.55327211756399
19161,419.38260628064626
19162,190.780003230581
19163,256.51097689770165
19164,318.3982768097374
19165,469.15787662525963
19166,80.02577094923511
19167,455.470899883941
19168,141.4737502036184
19169,58.68415206133701
19170,336.04175585294547
19171,170.68275101377202
19172,498.4028912072851
19173,306.7485844974864
19174,472.1251195439852
19175,55.43653897093469
19176,123.45105590353734
19177,253.39111556485796
19178,400.76664050734666
19179,110.65703792507213
19180,500.0
19181,498.9847753542298
19182,498.97992616870454
19183,350.39799303474894
19184,52.611666618992075
19185,55.47991031623924
19186,48.42396835745673
19187,266.00392482712266
19188,69.90799885829375
19189,75.55226382733741
19190,454.5937940903332
19191,71.65630493826635
19192,146.31424566399423
19193,497.74622849357405
19194,143.00138423654488
19195,122.66145324740285
19196,434.9462997149624
19197,54.09696132895724
19198,132.29229560478908
19199,102.64043715897532
19200,55.76409560748127
19201,173.3987188339978
19202,85.48084907504321
19203,330.31373591255493
19204,471.04940264466563
19205,54.52242967098786
19206,196.36397763564116
19207,102.0585402510088
19208,103.59513806846762
19209,454.539943569728
19210,450.78750743590894
19211,178.77160903374
19212,59.983500848478734
19213,421.6198421837079
19214,464.33995033056317
19215,167.5752878243735
19216,109.61108848650224
19217,195.64101961238063
19218,73.59033666068768
19219,486.7336713381991
19220,69.99373256604505
19221,125.08643601871825
19222,104.88495776754016
19223,62.255379039261065
19224,176.92206672723236
19225,53.06742181151426
19226,457.84094761013444
19227,460.75454675417797
19228,97.62949595779797
19229,290.9067437548924
19230,140.80724655999686
19231,451.2121549853658
19232,116.27199480578807
19233,57.78255338459637
19234,314.6606304767215
19235,230.1684376685858
19236,500.0
19237,444.1681494577669
19238,418.6395618453464
19239,410.7252711248718
19240,174.45597380406505
19241,496.7980154498639
19242,300.17339242118885
19243,232.74688505445454
19244,495.04499252254925
19245,478.98849891043847
19246,68.67918079865875
19247,490.72856880713823
19248,99.8560104153571
19249,361.60609759243135
19250,73.88603449991452
19251,499.2435442745137
19252,500.0
19253,495.8637267849052
19254,165.37913298074264
19255,499.75667716373556
19256,93.17386358655358
19257,500.0
19258,169.8999251111989
19259,498.42650947424204
19260,67.47417820142162
19261,480.74131734793264
19262,271.40634453896325
19263,95.58793551066809
19264,464.19426554034493
19265,500.0
19266,123.3948957424989
19267,495.5674225774625
19268,326.7763919535059
19269,107.52362420309642
19270,178.60575415324615
19271,125.85434115065823
19272,68.70851113971035
19273,147.00229718833023
19274,479.149955199675
19275,54.68661382292761
19276,110.11835528058285
19277,59.18714258068417
19278,269.3178687032093
19279,500.0
19280,499.2276128138682
19281,209.27568832942364
19282,131.8118055747102
19283,495.9013615108464
19284,480.86805261997887
19285,107.84007827291356
19286,500.0
19287,500.0
19288,210.40507597260688
19289,289.45776072000723
19290,120.01543289872713
19291,290.24284920846463
19292,432.05473981657144
19293,181.70811545498034
19294,329.2301879469924
19295,156.22293569195122
19296,403.136286039979
19297,185.50537531278587
19298,89.1283107246574
19299,56.27120160827194
19300,500.0
19301,462.35205078040804
19302,110.78230449151167
19303,56.422307891013105
19304,102.47164404440707
19305,59.73259347456323
19306,274.6233667130943
19307,486.3011444745431
19308,50.826437161414546
19309,119.32634009322975
19310,71.13399238926552
19311,96.30060078436978
19312,113.3314409538117
19313,56.92974062791842
19314,330.153319131223
19315,294.99718720248853
19316,342.1448226724087
19317,362.1253975905074
19318,489.3934027326196
19319,282.28181769119556
19320,398.16889393690576
19321,431.1249957411741
19322,500.0
19323,500.0
19324,56.74188249067867
19325,56.57120790227381
19326,120.44749532686737
19327,499.24401160606226
19328,190.76828190957124
19329,500.0
19330,295.9515124149294
19331,250.05407468663796
19332,459.2127507908382
19333,402.8348429203955
19334,344.33131084992067
19335,162.07711280146623
19336,332.4374657888384
19337,499.18365841469927
19338,88.23650861674601
19339,486.77664964930125
19340,147.14134807855703
19341,500.0
19342,474.04064332113217
19343,170.7601089003529
19344,496.3529374138244
19345,461.9095117375806
19346,71.33040750327268
19347,500.0
19348,447.00293690848173
19349,345.0038418071978
19350,132.8893376711638
19351,191.30805984807643
19352,107.06066600286451
19353,443.32118240009845
19354,343.602470016751
19355,491.1436637213874
19356,497.1412027998715
19357,56.12119419645146
19358,472.0411003411141
19359,109.27696088506222
19360,158.71864440909596
19361,118.68078791867543
19362,277.4014079278223
19363,500.0
19364,497.2033995622045
19365,74.75962198605826
19366,108.4793529727168
19367,57.89665687028007
19368,92.96139267867386
19369,270.7975337200283
19370,49.02536573864849
19371,273.7369511802838
19372,100.09787449982727
19373,54.80395357746353
19374,149.77406651144537
19375,207.15413193277308
19376,500.0
19377,429.02596376847123
19378,345.6331514583299
19379,164.36874773063332
19380,47.88296200287553
19381,498.2449723467547
19382,51.860342247268534
19383,223.67991644106905
19384,74.36915009207937
19385,67.0508179018058
19386,57.025132652320536
19387,67.74175688247422
19388,500.0
19389,459.4271585098837
19390,134.46618028191608
19391,500.0
19392,497.5575312826008
19393,57.28637038159284
19394,500.0
19395,499.8576506673911
19396,499.4890027721604
19397,486.58626687533376
19398,500.0
19399,330.13276038091834
19400,323.31351765758177
19401,138.9946439741293
19402,171.18892195948675
19403,58.40542470789593
19404,180.77890656130182
19405,363.1788479210259
19406,494.95135656384116
19407,102.62603232167433
19408,120.4582133829115
19409,117.19353928377362
19410,485.52428729158953
19411,452.21356141324884
19412,495.35340431331855
19413,489.84171296696957
19414,484.4846015147667
19415,49.63490047250788
19416,57.78528563927155
19417,498.1077429589617
19418,122.33133396044255
19419,251.4675515251442
19420,443.5874803764403
19421,499.1057439164773
19422,484.9724335243892
19423,469.8487781052443
19424,498.6792208969742
19425,499.418891321921
19426,255.76683985285476
19427,271.1982903554414
19428,42.7509856646336
19429,476.2338417438865
19430,169.51473161448965
19431,351.4217664851783
19432,260.74011303614316
19433,324.83033311034006
19434,499.77446088386193
19435,101.71256994922055
19436,103.98304362603861
19437,500.0
19438,499.77949472461114
19439,278.1236541529997
19440,252.62837575791667
19441,255.91235231279035
19442,435.26561897164265
19443,366.3890193856985
19444,264.73700203969383
19445,74.6679165855588
19446,58.396830576151075
19447,429.2484832424481
19448,58.90922841951975
19449,475.9284050328745
19450,491.55103263657634
19451,275.38626161621147
19452,499.9745964309517
19453,95.22841422861225
19454,500.0
19455,332.5806554918363
19456,347.7947702398063
19457,500.0
19458,115.92214304397038
19459,96.59288821851028
19460,488.79586356687037
19461,475.7341658312588
19462,70.76412398595929
19463,71.02050558193372
19464,488.1386938129151
19465,199.99517903910416
19466,80.22372077018781
19467,441.4561930593362
19468,180.0196357311289
19469,442.77941377122556
19470,111.40114110383522
19471,278.5435865327148
19472,122.10673015579945
19473,70.22697862483759
19474,138.57682051380584
19475,120.16242616146022
19476,136.76513205466512
19477,71.0524863581784
19478,196.3637263687677
19479,444.8296919406353
19480,500.0
19481,110.84667377987574
19482,73.8020498199115
19483,128.97051893353836
19484,63.72732301192286
19485,76.31790348369402
19486,194.76569292321122
19487,97.50531612023339
19488,91.46515633068412
19489,48.76080192550347
19490,57.220483913906314
19491,102.29061104013151
19492,455.8677427612294
19493,188.441584827437
19494,500.0
19495,68.8572934911216
19496,498.5400249216506
19497,212.2025512991194
19498,175.1079659946001
19499,500.0
19500,60.54093087049978
19501,56.427340716627825
19502,74.81433753729597
19503,500.0
19504,500.0
19505,53.279320372234054
19506,317.6339969338659
19507,333.22857929772385
19508,308.023292833923
19509,300.6631292397774
19510,111.1975655850304
19511,176.33770047854455
19512,392.78053521059655
19513,494.6613763575018
19514,457.57173680315066
19515,499.0672507964624
19516,355.74818641586
19517,50.60756119327657
19518,53.962596009400144
19519,55.59100598300836
19520,163.27784344458485
19521,302.66475392371854
19522,326.8689826841374
19523,310.4250367958154
19524,463.48688978947456
19525,500.0
19526,470.9877663103888
19527,500.0
19528,111.43705580196813
19529,493.01992886190493
19530,302.4590392402808
19531,124.77348371807642
19532,160.2023056733672
19533,54.64188923498648
19534,72.83489203719054
19535,115.20116373784887
19536,141.11311150411032
19537,448.1847446517187
19538,129.43077263031165
19539,276.75429738230054
19540,489.672683456531
19541,493.27407713760465
19542,73.32740534526334
19543,161.52254145913452
19544,324.77655605007607
19545,189.66168693642578
19546,457.7076064994432
19547,181.94446125697795
19548,340.04072847418377
19549,465.0197360066399
19550,60.653818990693864
19551,459.4850554829285
19552,117.99660964538862
19553,166.07593990657912
19554,213.60128742316084
19555,393.95620276011823
19556,345.1205082466712
19557,140.07715438646687
19558,58.14015808556161
19559,345.692675080478
19560,51.37618932054602
19561,280.08156264691866
19562,60.839979951359524
19563,135.95852820235697
19564,95.90852512699684
19565,461.2485236772286
19566,383.67875156957103
19567,167.10136503092792
19568,54.030602175038105
19569,473.2053824265853
19570,267.59984302812296
19571,53.794192643965985
19572,59.10427543155823
19573,79.4922319191899
19574,488.9751867761513
19575,498.40589163493735
19576,69.68385228838898
19577,109.91476410735554
19578,498.9335263422023
19579,331.6123827774145
19580,165.05638943754334
19581,173.42214363050653
19582,105.40944813043902
19583,498.47353898965673
19584,458.08134063957755
19585,499.6042083086247
19586,402.75841639787734
19587,483.8341914666643
19588,275.73691327361826
19589,500.0
19590,59.53135455365262
19591,62.74303857917825
19592,112.38268690613705
19593,62.77870864286302
19594,498.83588795971366
19595,468.90787107883835
19596,488.2633069851596
19597,444.37779409230063
19598,109.23970638409267
19599,54.83651906866028
19600,436.2508546712686
19601,63.42185489016016
19602,500.0
19603,157.0944034709457
19604,404.18900134845006
19605,153.33533186287485
19606,305.87187501755625
19607,321.6767128269292
19608,500.0
19609,368.73055263695437
19610,500.0
19611,500.0
19612,462.3598282709031
19613,300.9111488081488
19614,500.0
19615,498.05704643955085
19616,144.49148365796515
19617,422.34674174027145
19618,497.9737527732193
19619,411.7826123175147
19620,478.9104215588106
19621,62.09300365176605
19622,416.7101240965252
19623,352.2489127607002
19624,418.3888244646303
19625,498.2761685184902
19626,500.0
19627,106.26044289774947
19628,325.49349420101413
19629,69.33095588046831
19630,262.4046653315711
19631,495.12513987790805
19632,169.95893877435708
19633,426.61198514159463
19634,481.3659355022211
19635,76.8223981856957
19636,498.0379908795958
19637,165.0260632584656
19638,82.760970695986
19639,366.913748922733
19640,116.72368789942715
19641,101.05286120780974
19642,53.677294931710726
19643,339.9121326814933
19644,48.84899557293288
19645,500.0
19646,457.436485923282
19647,495.6258694351758
19648,217.98906413582867
19649,500.0
19650,110.16153011654013
19651,114.32813123386165
19652,59.53391557874238
19653,337.4857539027134
19654,185.38752878994356
19655,176.31022245224835
19656,92.73288390687983
19657,497.3705090482879
19658,500.0
19659,499.67100067154706
19660,54.75302385907004
19661,282.6053958146767
19662,414.06799816535545
19663,76.21134249925781
19664,99.3220038423813
19665,135.19669667421186
19666,500.0
19667,172.8644093448823
19668,114.6711121270584
19669,88.62161441646575
19670,500.0
19671,406.96302268511334
19672,300.25047762475566
19673,111.00280741107169
19674,500.0
19675,146.73300183818677
19676,59.15949716019516
19677,47.054936216517426
19678,215.9473816519085
19679,205.37735529546052
19680,54.07024194687162
19681,327.9421955714298
19682,291.40551802267873
19683,488.8131310771855
19684,135.04356739664712
19685,472.9481761562714
19686,124.53127091949581
19687,320.96311351800045
19688,60.947996337061284
19689,314.10173485905847
19690,498.9980923585201
19691,490.8123770045632
19692,115.64980121395965
19693,63.80452753985642
19694,165.1191896917299
19695,500.0
19696,432.37652636136147
19697,265.07218979411675
19698,62.37563446230328
19699,187.88229750138288
19700,324.8483724585961
19701,163.68763330299936
19702,498.95796289188263
19703,218.68351757719532
19704,113.40771634255532
19705,321.67538030885373
19706,497.1660957383493
19707,56.66205112732105
19708,500.0
19709,60.505893352512715
19710,144.0486928504213
19711,51.209106758737775
19712,408.9557575770167
19713,498.4919255443996
19714,498.92058400048177
19715,427.9990537923694
19716,274.295918814048
19717,500.0
19718,99.55378646088178
19719,496.11041247150683
19720,51.90263194598593
19721,454.79469538625176
19722,500.0
19723,59.793344336711506
19724,356.81966734187046
19725,130.38114475629763
19726,61.277002542724205
19727,430.4238037579188
19728,90.45261812228499
19729,495.9284164913739
19730,124.15004226198275
19731,280.13876578497513
19732,500.0
19733,58.32643901691148
19734,499.60575659946323
19735,498.33491968285546
19736,98.8841279154999
19737,281.0446643284358
19738,179.00906369724748
19739,111.0682756324536
19740,497.16160343331654
19741,493.36150396494054
19742,113.25759357396066
19743,193.1077067432845
19744,138.70561340844563
19745,330.4502052845687
19746,75.16499450675036
19747,404.59926516279495
19748,134.1743184736251
19749,500.0
19750,54.16104931964064
19751,279.9138561934616
19752,130.69939846962637
19753,497.79090012554934
19754,62.47753025356727
19755,56.79796402130522
19756,271.3638087381494
19757,53.97253562037131
19758,126.67094814024406
19759,302.15084179456926
19760,71.37488197412854
19761,116.85580233403383
19762,64.38784320610306
19763,60.643361011535575
19764,293.15887447736407
19765,459.746110532907
19766,440.678189970389
19767,71.51860331201857
19768,499.9999509583623
19769,347.2102556586339
19770,196.38922685219802
19771,122.97712754950125
19772,495.54132249677866
19773,350.09907086260495
19774,149.46499026203279
19775,378.30666456139494
19776,499.79318140452574
19777,197.97480160437962
19778,156.7684890959847
19779,252.79411174360132
19780,69.67676912499074
19781,500.0
19782,500.0
19783,351.50711601575654
19784,381.0581684124288
19785,113.03459817393943
19786,138.02679017694885
19787,500.0
19788,151.48841569419284
19789,97.6282459870375
19790,55.97808359701793
19791,56.5582546897551
19792,500.0
19793,104.7656544076554
19794,404.16919415717575
19795,49.557277618521894
19796,499.75005526483955
19797,185.3654625811028
19798,109.23211837018415
19799,500.0
19800,436.21121414918207
19801,140.16123745073224
19802,157.61226519472717
19803,53.64142610725879
19804,135.28754595108836
19805,55.5171041083554
19806,76.23850837633816
19807,53.34611933249996
19808,151.06790972787246
19809,138.83462417741183
19810,71.31695524091971
19811,355.3488973793107
19812,313.0192010292928
19813,500.0
19814,119.46987179331177
19815,500.0
19816,63.05317984678986
19817,496.6721771623113
19818,168.4964095581782
19819,122.36679219801982
19820,457.7069378206862
19821,101.80128135111963
19822,431.4988132735655
19823,499.7715861235465
19824,59.308022236965144
19825,271.65685783335186
19826,417.864286720693
19827,500.0
19828,196.11326675392735
19829,113.60498832933129
19830,103.38434873790476
19831,97.26296293121209
19832,407.1803773727237
19833,479.18191844946045
19834,467.917015531875
19835,500.0
19836,60.90838034035771
19837,144.83709004896735
19838,475.28717615829305
19839,489.8749527587608
19840,108.83498605606056
19841,433.0965219695741
19842,500.0
19843,59.22042520879881
19844,500.0
19845,52.90800159336667
19846,436.6283497691201
19847,499.3299090692222
19848,61.363260787077046
19849,273.7905307526868
19850,72.5686907147714
19851,201.86513350768064
19852,464.1330993381796
19853,414.208405009727
19854,135.5667647806139
19855,59.581355063687866
19856,268.6459275087294
19857,265.3576302703431
19858,290.50357500847025
19859,332.31321038603744
19860,122.09800120043312
19861,379.17467726648727
19862,500.0
19863,94.43920211422372
19864,189.24182990995095
19865,495.7484824415668
19866,498.54649054985373
19867,47.0187641997609
19868,293.5975218179761
19869,499.5250237779505
19870,73.49172062293648
19871,60.667617160512954
19872,179.49252245060688
19873,57.59195693522039
19874,59.150687894539416
19875,148.2927204639766
19876,400.55100624040324
19877,50.6801123944359
19878,500.0
19879,54.51832241920023
19880,441.1277618561919
19881,149.770155198102
19882,394.95743193085667
19883,73.37298147610667
19884,102.58999714953865
19885,415.0180212946057
19886,499.0534004976204
19887,497.4638948280498
19888,412.94432039984207
19889,198.53766530601848
19890,65.81683046775143
19891,127.69236215686631
19892,500.0
19893,165.13952354567436
19894,64.0290039586577
19895,105.01957772490766
19896,74.81958776820173
19897,419.216696259383
19898,350.3784019770876
19899,100.99807410852361
19900,497.4356935221716
19901,468.22969212261387
19902,456.1227628613629
19903,59.71881437952119
19904,104.67329594279366
19905,327.49039921639434
19906,61.66278299811849
19907,448.2309833498124
19908,402.77057396268646
19909,58.33197784712657
19910,401.0132768477447
19911,181.47733848672226
19912,489.2769644476213
19913,322.28020786721356
19914,103.25112581719921
19915,444.8505105063259
19916,65.58461307926851
19917,500.0
19918,63.94225132880271
19919,337.174478969622
19920,60.315364694392514
19921,348.927789938017
19922,465.1910336816974
19923,168.26649764159953
19924,89.92107038727329
19925,60.50963172551887
19926,494.7046280353455
19927,115.72722803754331
19928,338.7333716481155
19929,334.8276008767482
19930,287.57482668486796
19931,162.16890958590673
19932,432.0855134569524
19933,499.6983334283714
19934,489.3314631538036
19935,203.28875117257124
19936,413.26983073879035
19937,63.815532552911996
19938,76.25835547262547
19939,47.47741937725009
19940,442.7206551230722
19941,50.510704634244895
19942,499.6771407145318
19943,70.17715303838263
19944,500.0
19945,113.42130833212138
19946,109.72918923331264
19947,499.7924716900647
19948,446.58658296838803
19949,115.12544340631575
19950,498.5007984008439
19951,500.0
19952,205.74737639682152
19953,315.03535729910004
19954,71.2486339258028
19955,115.05489269134779
19956,118.81455409052637
19957,278.6376302641978
19958,362.15685272234845
19959,113.1327061761745
19960,472.8191044040547
19961,53.95858196118396
19962,377.0439122159432
19963,299.23355235816564
19964,498.8694653209682
19965,223.46710674780465
19966,500.0
19967,362.52509628159646
19968,272.5761127254511
19969,147.6445689959216
19970,51.28818207364373
19971,497.97071805565236
19972,500.0
19973,486.20280403221443
19974,310.65571999854836
19975,72.12886118609033
19976,60.75308131684973
19977,52.667816292629134
19978,275.5418518462982
19979,122.5426072284982
19980,146.23624726064148
19981,443.1259018916203
19982,57.93389573240757
19983,51.85711444544322
19984,71.5268550646861
19985,61.38505189038354
19986,104.69679446589033
19987,398.47356725853376
19988,194.27355434451295
19989,500.0
19990,350.00741578391387
19991,362.5202069820239
19992,172.5159569868751
19993,472.0945733744733
19994,198.72273907779714
19995,111.21644531202816
19996,500.0
19997,500.0
19998,54.954171721273916
19999,167.57860092437255
20000,328.8923119653239
20001,383.7800096553732
20002,286.320732602147
20003,113.50331667557452
20004,91.76264123657823
20005,96.14881194715377
20006,500.0
20007,52.119727846127205
20008,499.21930675668534
20009,179.71563141770702
20010,427.93183855668076
20011,480.8668232414998
20012,497.65667742085475
20013,499.96534093252353
20014,191.42895601139742
20015,112.31873665973842
20016,500.0
20017,482.355591986038
20018,498.7366199588063
20019,124.05034246799593
20020,499.3977722292628
20021,448.8342241747706
20022,482.87298890294994
20023,500.0
20024,112.11180876141115
20025,68.9668289117644
20026,305.53872631647033
20027,418.3431418766876
20028,460.54107940792903
20029,195.21635461200515
20030,500.0
20031,124.45016168201606
20032,70.24061238036015
20033,378.761145443943
20034,50.468166673385106
20035,434.5548813366519
20036,84.26004758021763
20037,493.8643392626326
20038,142.17783116290613
20039,157.53176854044588
20040,287.5695083430684
20041,148.84228052507927
20042,53.66750243679442
20043,112.0897489086365
20044,468.9989581722364
20045,204.98277180908084
20046,499.207024935644
20047,94.58451800105335
20048,498.6039046431299
20049,442.34399464797355
20050,485.8034275107541
20051,106.04607507033276
20052,106.72829718637004
20053,498.5089273940363
20054,499.8034065137998
20055,78.67869447878272
20056,361.6448183058046
20057,111.19519164682733
20058,77.6954035493788
20059,51.65526412588564
20060,53.98060062292103
20061,447.2799250231466
20062,499.1958545503667
20063,322.60118862748595
20064,498.96992806987043
20065,331.89687053030696
20066,442.4101351766356
20067,491.57670033442923
20068,60.346120094574275
20069,132.77530552805655
20070,107.39181691965547
20071,212.9754074159055
20072,468.32290831467054
20073,500.0
20074,344.7546475656608
20075,54.54554068246013
20076,60.66644043378017
20077,495.76611942217465
20078,184.962627684419
20079,439.6141942303299
20080,112.03482727407503
20081,182.7850818346085
20082,119.95892073804254
20083,82.38381214950192
20084,438.4253201494464
20085,189.66519408592544
20086,115.2918585713135
20087,71.22263120063434
20088,263.2763575796605
20089,181.0669088611773
20090,499.1128689106275
20091,427.83629881248913
20092,60.53929703849711
20093,127.15297581104872
20094,308.19334848432123
20095,65.18222651011732
20096,199.785749651019
20097,210.33881368197734
20098,451.0970175894182
20099,288.8477487243144
20100,92.82026633978668
20101,259.04296422737707
20102,116.89549610632858
20103,199.25252400393015
20104,57.3079052402571
20105,65.16350787821665
20106,459.69349172403884
20107,490.83176683521583
20108,94.92252678851249
20109,333.3825190956635
20110,148.39786035089804
20111,451.63885122107115
20112,500.0
20113,458.656799952337
20114,500.0
20115,494.7751956381612
20116,500.0
20117,408.66011170197226
20118,155.32892634064967
20119,346.2035698749439
20120,49.22672508071335
20121,497.77747195085533
20122,193.12726972211237
20123,188.10717729616755
20124,57.43345111882415
20125,353.4678058567521
20126,127.28833972067585
20127,444.821536313914
20128,446.7030689413874
20129,49.07384914805682
20130,165.9410623042313
20131,448.47269609500904
20132,147.705809740352
20133,47.06550424804567
20134,115.88864388767351
20135,345.19487911238167
20136,423.9574388890507
20137,143.62769182400078
20138,106.38721538405025
20139,297.24452083093973
20140,58.51329854853955
20141,62.53747376208379
20142,500.0
20143,355.0390198528949
20144,498.4880952683525
20145,487.1376145629606
20146,308.1651485731634
20147,154.02537165702114
20148,150.82047499872897
20149,56.611618971649605
20150,180.65321271465336
20151,500.0
20152,139.63658735674807
20153,194.76438012400973
20154,493.91351529461605
20155,114.9283242433296
20156,284.29831082179885
20157,117.91675001664525
20158,436.3300793973108
20159,461.13326151181695
20160,456.9800488154495
20161,114.36649710580411
20162,497.400991887239
20163,162.3074821543109
20164,263.34215774823366
20165,166.36826933932736
20166,500.0
20167,161.96930973994094
20168,55.69604216254962
20169,298.5909561229158
20170,89.99022872671885
20171,161.54655467113764
20172,500.0
20173,452.25604007264474
20174,500.0
20175,500.0
20176,401.34255568593176
20177,498.66284212047077
20178,179.43694871537463
20179,462.58056266295193
20180,71.44548950995262
20181,493.7328284733887
20182,169.45677644334523
20183,405.6213040990922
20184,468.2637081580112
20185,487.38715384440553
20186,307.2652799665907
20187,261.2306804000819
20188,226.08454513887327
20189,102.81509843351667
20190,106.46618038229701
20191,81.05493404416796
20192,376.7717870880466
20193,100.54822122418145
20194,366.7139902153942
20195,460.3941146626835
20196,500.0
20197,61.11657295120672
20198,336.3678136738371
20199,453.68708715501157
20200,500.0
20201,485.4546418965033
20202,173.90861709600802
20203,136.13199070332087
20204,354.1769409454064
20205,500.0
20206,441.8986929915921
20207,209.16163995523561
20208,98.0336264410592
20209,69.36370068556148
20210,495.44020415750686
20211,461.60935266849356
20212,462.6283016455577
20213,432.4882432363379
20214,137.17593686496764
20215,89.69342999689837
20216,53.37048837039785
20217,199.4400313176862
20218,58.37292156471892
20219,500.0
20220,491.88608472295766
20221,445.41371053140847
20222,359.05985858046546
20223,57.17122569638316
20224,458.660626246069
20225,156.27898652384826
20226,49.48291526987576
20227,102.34720164309803
20228,106.45761157873497
20229,450.9091418715428
20230,125.36007268572345
20231,58.227334019309055
20232,311.3050203608029
20233,57.29770699609078
20234,108.112102461784
20235,480.61812214792167
20236,114.89026551225184
20237,498.29398601717156
20238,500.0
20239,70.20212368701789
20240,377.7697013768533
20241,233.6350044008937
20242,495.7622382643549
20243,56.09016516130891
20244,394.8446937614544
20245,499.78268427536557
20246,425.856589420821
20247,182.90558240940817
20248,43.094296233372965
20249,326.175097393897
20250,189.3036173496543
20251,402.5081581188555
20252,414.1786157129415
20253,338.2174448595822
20254,491.0116541919599
20255,302.9193347511741
20256,333.6254603178327
20257,167.4195983784793
20258,113.67767503176367
20259,102.52247876136916
20260,204.37603108605595
20261,65.11716229013261
20262,57.123932835696664
20263,204.8069456810125
20264,144.3495327183035
20265,63.499234513037564
20266,487.20623045561047
20267,99.09424379756368
20268,57.75550935482684
20269,167.34976006766342
20270,175.87119467463646
20271,71.0266637228456
20272,312.00599474987666
20273,497.61862698634457
20274,138.79221167223452
20275,500.0
20276,183.88241459389928
20277,445.60271490647904
20278,73.17055602103734
20279,468.2284434937627
20280,199.01290714022133
20281,500.0
20282,71.8547878526833
20283,440.41395763132203
20284,262.6997077733002
20285,123.33903736940957
20286,192.3829375638476
20287,114.71195590221456
20288,78.76944784596853
20289,332.98588112548333
20290,346.79075204684915
20291,468.3820217895768
20292,158.74057921157976
20293,53.83920361292371
20294,499.5755826432893
20295,246.88784662112215
20296,473.0416755201834
20297,122.65769267407163
20298,495.2854751479355
20299,258.52816403737916
20300,61.26537847732587
20301,201.54591526926484
20302,425.32832498642915
20303,500.0
20304,365.77310322856476
20305,498.8614991601478
20306,333.2089831492772
20307,273.3768953470635
20308,499.0728651800514
20309,55.22242054521887
20310,176.78857269318007
20311,170.50950204191582
20312,57.76461888293578
20313,423.9308197943857
20314,279.3408673177477
20315,392.04136372331743
20316,102.20310847226918
20317,56.093391795561274
20318,352.572925815156
20319,500.0
20320,215.13894689184218
20321,64.69706861344721
20322,303.51230933802753
20323,343.9013449844477
20324,136.6001109123476
20325,127.49558308363078
20326,111.0743186530922
20327,72.46253971648783
20328,56.11138178338709
20329,169.71853521518608
20330,170.88054756400945
20331,427.3410219375397
20332,256.3857962470017
20333,56.71015935485184
20334,499.2449663934656
20335,500.0
20336,497.94536164138054
20337,294.69499324097956
20338,106.65762838431303
20339,122.84008211816695
20340,302.89008548244067
20341,175.54961985329908
20342,427.7491083875523
20343,49.318314048993514
20344,65.18732589102423
20345,105.09597729140117
20346,496.17758275027666
20347,55.347570953474246
20348,160.88219304208783
20349,262.8617292678301
20350,453.62519618919094
20351,99.54877177615464
20352,303.6963948952761
20353,220.45830045096233
20354,53.97348698227493
20355,53.48966098150096
20356,71.73841152229926
20357,216.68257537322427
20358,490.7533867789797
20359,52.82202910262569
20360,343.6781466919362
20361,500.0
20362,279.3995176300495
20363,154.52444598237196
20364,69.16044911292369
20365,280.3834484906845
20366,60.87385768164974
20367,500.0
20368,60.92294325329864
20369,79.29319666408406
20370,104.1495305106418
20371,327.3225628921989
20372,103.29026963195345
20373,479.15668755489884
20374,493.65936617356886
20375,500.0
20376,193.97307960676397
20377,432.59753828678356
20378,472.0453636428558
20379,57.861582819180015
20380,189.29026306441648
20381,148.54365831737252
20382,88.67327734538631
20383,160.0751109800794
20384,333.95448441008847
20385,60.13272130427585
20386,104.3614992481684
20387,186.71432198871554
20388,54.8758579678658
20389,176.48503504124568
20390,497.16231529834477
20391,499.58048099992675
20392,86.03969062558774
20393,152.96134314156288
20394,111.80519912657473
20395,500.0
20396,408.41397164209536
20397,499.05573022348904
20398,74.85163012799583
20399,494.6064404768472
20400,56.90004930278275
20401,500.0
20402,175.31280887908707
20403,56.85342555365855
20404,124.62652004807049
20405,398.3026721280556
20406,500.0
20407,67.98547777686755
20408,54.568811298113886
20409,58.45207758465706
20410,354.0630875561471
20411,102.14770011865295
20412,487.49964108500797
20413,51.91151035089942
20414,185.81758321296974
20415,58.24050227351688
20416,136.87046964180558
20417,464.0639200323101
20418,447.17975480751886
20419,336.77048021393705
20420,500.0
20421,54.380281254791285
20422,467.21937354125214
20423,479.32261648832593
20424,115.62014556326557
20425,461.02906301774976
20426,415.97688849178064
20427,110.23579048357402
20428,410.8648984445075
20429,413.1554030079544
20430,500.0
20431,417.9312904415188
20432,51.35623686198695
20433,371.2768449088988
20434,354.44007359586124
20435,499.49223380292494
20436,492.687363033974
20437,483.32336642707014
20438,48.855953712522066
20439,49.91126057795388
20440,270.272338168785
20441,160.60933051044677
20442,468.52312489926857
20443,302.5308131335136
20444,110.60686710211768
20445,495.9098775693765
20446,185.4222737931276
20447,111.9157240599221
20448,500.0
20449,416.0753873106403
20450,174.4431493288133
20451,51.338551691692516
20452,496.67094761306294
20453,500.0
20454,51.33490029365733
20455,374.9630438735271
20456,113.31572033833396
20457,71.53831679195841
20458,59.717313172130055
20459,493.63564787997626
20460,468.6043010215231
20461,119.4269230969332
20462,499.0880632648724
20463,476.0119413875061
20464,384.15729511959717
20465,499.1106892140233
20466,473.55683867690664
20467,106.32984016675564
20468,499.3112302093157
20469,140.19237807208845
20470,469.5664778963328
20471,396.58847113890135
20472,387.00288436345653
20473,402.89842053156303
20474,168.86730739637642
20475,70.29147309600694
20476,53.09031444587231
20477,487.94094822230096
20478,109.3229202006971
20479,73.43659817212071
20480,285.39735614047686
20481,187.93333123054325
20482,255.31948347843007
20483,109.28661091032018
20484,342.9295297738877
20485,112.12255586267119
20486,427.1804640890441
20487,80.18120583095585
20488,77.75974022918662
20489,199.04715181469345
20490,492.9993268722617
20491,440.31879725910653
20492,106.11461002795943
20493,500.0
20494,74.80522147100338
20495,106.10230251140598
20496,164.84730834690035
20497,238.81528612056982
20498,331.38784224402787
20499,100.92835403646102
20500,500.0
20501,454.59681273246025
20502,92.595687046877
20503,500.0
20504,494.41726425764966
20505,54.68844908343294
20506,99.82942923159169
20507,497.60897214265685
20508,500.0
20509,451.40464763689556
20510,199.86418670734753
20511,57.84387097620392
20512,461.6024677943212
20513,450.883707255231
20514,178.1093582844274
20515,56.60221022809061
20516,500.0
20517,63.76278179500708
20518,500.0
20519,131.58616512857913
20520,101.06017280099516
20521,201.077020812495
20522,499.57009043658496
20523,455.4938493232959
20524,247.8728212171037
20525,161.07720340848468
20526,44.436397565028
20527,339.7983666548858
20528,87.10400290318658
20529,298.8422623102462
20530,500.0
20531,121.65537260172286
20532,130.8534139177746
20533,494.74734942217424
20534,256.84515461650295
20535,158.73559562183223
20536,277.3333018100021
20537,309.4555877064148
20538,455.0424133214635
20539,439.38213608851356
20540,297.75904219854385
20541,58.45791818267216
20542,497.6305487137158
20543,466.486967737436
20544,56.52807765002342
20545,499.322897746507
20546,330.6695912012476
20547,499.73836427814547
20548,139.7007206256217
20549,74.64592162619208
20550,497.612147593346
20551,477.6248369587205
20552,328.59598146499286
20553,148.84307362038916
20554,500.0
20555,469.7158875415834
20556,117.33072032545336
20557,63.072986345966875
20558,57.974012476409655
20559,104.7747161595106
20560,486.60333241590627
20561,472.45780163829
20562,74.01264850617956
20563,401.9775657709023
20564,499.7284612615552
20565,329.21378386747426
20566,159.22916754261576
20567,454.15614662885486
20568,436.56122167097715
20569,500.0
20570,99.00256487431224
20571,466.59977654638817
20572,326.7839249326629
20573,61.19289698874335
20574,78.57785093381632
20575,166.2454015145984
20576,360.1960989053064
20577,62.62061368738591
20578,90.18788946801456
20579,311.0520075617026
20580,498.3091216230854
20581,62.4616939168648
20582,392.03243580673234
20583,490.8486570703644
20584,474.9647691203193
20585,69.17687543962822
20586,279.6921897840072
20587,144.9047251972612
20588,186.8011492187274
20589,358.8731748566084
20590,101.96710737472208
20591,52.463060931836324
20592,244.2639270379948
20593,500.0
20594,70.46684647656922
20595,500.0
20596,98.25322449286648
20597,454.80632558044323
20598,192.35330363350675
20599,500.0
20600,261.80708444558354
20601,470.4778606348091
20602,424.5664327353363
20603,61.40368190600492
20604,457.8478107346458
20605,499.48150130788815
20606,54.80380704471546
20607,365.234703506134
20608,88.88804664947436
20609,455.3534286445607
20610,500.0
20611,465.95713076016375
20612,499.7242006289662
20613,150.5741937704333
20614,113.01087974920242
20615,361.2848273235654
20616,58.28659693943615
20617,298.64841584256783
20618,134.08356573224376
20619,302.12131744773075
20620,499.6810296837126
20621,393.3203175708072
20622,56.51067574141454
20623,62.41464602301836
20624,418.8217027190308
20625,75.88672356893666
20626,391.9523726867661
20627,185.0631228365006
20628,357.9207554625403
20629,99.3271143671582
20630,106.4399267406258
20631,384.5690397363293
20632,116.01249195621358
20633,496.50353049071634
20634,145.46037697782472
20635,476.0368358580105
20636,112.5450480967873
20637,220.62333771237434
20638,484.8865910986431
20639,193.00598768556108
20640,495.9485769745328
20641,103.58544373560082
20642,444.0821564910326
20643,476.16993335897877
20644,174.91845358024472
20645,196.7400523570113
20646,351.8526406073257
20647,383.6759920810101
20648,99.97998889855097
20649,98.0075931922322
20650,114.87740123717569
20651,449.56779903639824
20652,469.8379828879431
20653,113.94256299249048
20654,156.04830508627157
20655,61.51763383159579
20656,500.0
20657,56.52230851904813
20658,446.8174150719604
20659,158.00118019935928
20660,450.70423816217425
20661,95.20160158580504
20662,114.67328573621828
20663,461.5465300155317
20664,75.39055661076476
20665,500.0
20666,470.59174550458613
20667,51.09215890113231
20668,499.93327704728836
20669,500.0
20670,104.92336596481444
20671,112.35691741754985
20672,215.6138898894767
20673,49.76844454681001
20674,498.58505931946354
20675,457.47954215573697
20676,500.0
20677,126.76551013476384
20678,500.0
20679,54.251155700237206
20680,496.8748337641906
20681,499.8088564661427
20682,405.7577231710713
20683,58.29888797120968
20684,370.0520855773966
20685,269.8656985492617
20686,197.88608698869797
20687,55.07829074164822
20688,455.56184187738273
20689,499.60788889474736
20690,103.13597291130185
20691,58.45990763925791
20692,500.0
20693,105.92963662796981
20694,179.56289084695354
20695,300.17213451520473
20696,120.04770717007595
20697,62.31884188698305
20698,95.25438547688168
20699,306.3401936219028
20700,443.03676909821945
20701,466.42719380644223
20702,500.0
20703,499.26405644726947
20704,102.8348077422098
20705,488.0347956781218
20706,50.62781662895273
20707,497.67469941626644
20708,205.87633682216176
20709,500.0
20710,73.08411925835892
20711,120.43832014800535
20712,474.3624466211602
20713,466.237450215885
20714,293.2734641658633
20715,381.42070451730103
20716,295.6045431642004
20717,299.3829839687468
20718,78.19177409773036
20719,59.75593269047952
20720,450.00884341643723
20721,499.7816458329113
20722,101.0916264616917
20723,348.3528860044269
20724,499.697320778754
20725,441.5330669459672
20726,500.0
20727,85.87956272762355
20728,242.42350073360234
20729,203.40719074489365
20730,52.30969992752598
20731,62.76250866053395
20732,492.7665275418668
20733,492.80859910064623
20734,277.1625251147133
20735,448.76834431528897
20736,73.85757760193778
20737,100.95390364798624
20738,343.94264122871755
20739,173.41912067883788
20740,500.0
20741,127.35790037056034
20742,152.39582894162191
20743,117.96645709689616
20744,466.2286739053776
20745,130.06526915891925
20746,49.192573155161696
20747,51.666007855436604
20748,94.6280405166662
20749,207.70477715137565
20750,54.30579858477584
20751,495.7051319515468
20752,500.0
20753,59.910569785273395
20754,198.10062593402094
20755,132.49673157180396
20756,494.2464337983124
20757,72.06355850244597
20758,134.37276664812373
20759,196.42146505300605
20760,337.14571649144966
20761,468.9711123736107
20762,83.84432088808276
20763,464.0524899272165
20764,134.55569902396326
20765,59.45076873838788
20766,249.51525936178973
20767,154.36082367920835
20768,237.58338046987947
20769,74.50005107698892
20770,467.88486421161525
20771,184.8659794799943
20772,498.9407292158327
20773,500.0
20774,58.16636575123061
20775,251.82536848296022
20776,284.5776476264582
20777,56.77394671881028
20778,166.05105408898248
20779,301.80886975132273
20780,189.24818373790575
20781,52.66786310476145
20782,177.0210013445681
20783,487.0984000367548
20784,110.95395899732694
20785,475.6374267738945
20786,500.0
20787,124.42777922505822
20788,71.10720917372365
20789,98.58141355614897
20790,451.9399201078585
20791,500.0
20792,271.72614030926485
20793,284.96340887712006
20794,353.30154070913386
20795,49.794087801121584
20796,53.67428216812279
20797,56.86473868660524
20798,234.2994627289013
20799,352.907899717227
20800,339.4054628968285
20801,420.1252411862784
20802,128.9500212329732
20803,500.0
20804,117.26369289488967
20805,73.00884088343881
20806,447.2407793311099
20807,250.74959803499033
20808,465.04501861765846
20809,490.3098487754242
20810,291.62580100016095
20811,54.82145062159661
20812,419.51932154121283
20813,74.21661584378461
20814,433.5598702611631
20815,49.901933789408695
20816,76.5794146945724
20817,439.11210002529504
20818,376.0297360012307
20819,64.36210373715778
20820,300.71782253047365
20821,500.0
20822,499.3022863074035
20823,197.57222377261996
20824,344.0995801265783
20825,500.0
20826,126.1456054755691
20827,71.48098352743816
20828,58.27281173004248
20829,500.0
20830,498.85236115821186
20831,96.22958226466008
20832,462.60112442917216
20833,291.2219178951556
20834,115.84444034631227
20835,454.09157168987304
20836,81.81298189911585
20837,439.3360468390507
20838,61.62602460221752
20839,500.0
20840,74.05583487726118
20841,347.23948654743015
20842,60.99315697583219
20843,482.8991654287673
20844,500.0
20845,72.52351125013163
20846,50.88708592034003
20847,344.76469210019576
20848,349.14658089974745
20849,156.85198280594605
20850,194.07683183018105
20851,113.53184469088917
20852,274.4615178813344
20853,60.00316641290467
20854,497.4183168614951
20855,60.71054642375961
20856,125.3899217835623
20857,446.0340201633252
20858,143.76659921997947
20859,500.0
20860,60.08082318822066
20861,393.66761092678655
20862,117.66015032073437
20863,499.85676649128243
20864,475.7679187626049
20865,116.2884304282297
20866,75.28095691778412
20867,113.57473941413403
20868,331.0913322872987
20869,62.991665364659724
20870,73.39971131584443
20871,351.3749273334448
20872,491.6675530220341
20873,75.35338887714482
20874,465.17149535056745
20875,124.01947216028286
20876,485.69534920112005
20877,458.829438839326
20878,474.10844691384636
20879,122.58705222956411
20880,93.96529834814176
20881,294.66061473610665
20882,500.0
20883,346.89942234758627
20884,125.09483342137926
20885,93.84201011046046
20886,465.80377432778164
20887,140.7883247295657
20888,493.03184968756796
20889,500.0
20890,122.65665967873336
20891,485.8620285325406
20892,440.89909061662115
20893,279.2237052231203
20894,51.91106694380847
20895,499.6635501409075
20896,163.2164315062563
20897,153.87451454163772
20898,140.3992158246043
20899,52.6196932125836
20900,496.13821884808476
20901,500.0
20902,52.13048464958741
20903,472.36086136771337
20904,213.41666512367908
20905,116.77905242563816
20906,99.30307224729495
20907,499.9285850820165
20908,351.5439942547607
20909,417.7559696203227
20910,499.6987030033113
20911,97.6522414322132
20912,116.34659876577552
20913,121.38655883863393
20914,146.07535800789674
20915,318.9260075049897
20916,70.82507910398317
20917,450.695626508117
20918,77.0534762668417
20919,154.04116116027095
20920,57.858539810686466
20921,456.4203723974513
20922,70.11489235487156
20923,474.4912853639274
20924,258.7102673603067
20925,500.0
20926,496.7453091315457
20927,117.0126284473791
20928,101.01292104993081
20929,111.94221241041151
20930,59.581741881276386
20931,500.0
20932,235.8574827867129
20933,500.0
20934,448.6308551438467
20935,329.94449318967116
20936,438.0453012440269
20937,499.208845153056
20938,248.5329352446376
20939,126.60791561054606
20940,475.26966374247843
20941,80.15471690205948
20942,143.80872140804615
20943,500.0
20944,204.36087816141242
20945,474.35762578019387
20946,258.64086254139625
20947,74.69267177772517
20948,122.49427850707607
20949,451.2225146532527
20950,415.33850752479293
20951,74.97611649970408
20952,119.17017488019988
20953,106.7147595181058
20954,59.06047852277833
20955,490.3039852542719
20956,175.4360096527679
20957,354.6238224462891
20958,70.42870382585015
20959,500.0
20960,337.1835784332586
20961,72.15307327014708
20962,500.0
20963,170.18650925522888
20964,403.4767231049696
20965,474.5295889372085
20966,350.22530147925
20967,172.42311513308115
20968,104.76520363005595
20969,197.29388936564078
20970,498.00643308262363
20971,71.69535293956783
20972,69.78874030714233
20973,284.83688432927323
20974,123.27404973073182
20975,141.86902863829334
20976,472.70445170838485
20977,95.10216609685338
20978,214.84614414763797
20979,146.5729834803531
20980,499.5276448584767
20981,45.79229036679426
20982,481.7284122916775
20983,368.8842722958122
20984,329.53212867396167
20985,133.38528923933788
20986,194.66955203682795
20987,196.08528793158828
20988,101.66994337112942
20989,271.27178651544625
20990,499.36531634047157
20991,498.45791159285653
20992,89.26948272187454
20993,176.24130800967023
20994,68.47989268533146
20995,473.6092696586203
20996,415.7472154678435
20997,492.6095523687808
20998,433.3308275536044
20999,500.0
21000,431.2707481371789
21001,135.7244175030271
21002,60.166243930882175
21003,57.918282273369854
21004,490.1419481533125
21005,305.9040036749341
21006,130.93473631080096
21007,72.67025400506373
21008,159.72174972076434
21009,94.06317486872186
21010,204.45649925082034
21011,80.90758397150313
21012,114.18125575575567
21013,222.66340656137191
21014,211.17661104958614
21015,475.77022313382656
21016,493.83996377724156
21017,451.0774066326645
21018,284.92832705519373
21019,68.5625967624583
21020,478.9181274180014
21021,49.43539405393565
21022,213.6402818367199
21023,273.2260084281943
21024,58.46444508731744
21025,131.88512080895526
21026,71.72403903638786
21027,477.2955536741466
21028,413.80876809482027
21029,484.85765072028363
21030,415.11822784238825
21031,46.85420766781746
21032,127.39297570687533
21033,50.68979759103068
21034,134.41259301374362
21035,55.23096706161438
21036,76.83886823535094
21037,185.22230383374313
21038,499.22638630521226
21039,115.8526152271748
21040,49.25077078510508
21041,165.12090900758218
21042,74.28879698433875
21043,499.6699575965403
21044,482.1469234195222
21045,417.2159727436416
21046,500.0
21047,326.14405966973874
21048,499.3572306295338
21049,166.8734736105671
21050,90.99448376594171
21051,474.4855682460227
21052,271.34453580724954
21053,60.51701507929761
21054,429.9123415801767
21055,500.0
21056,94.95035763721413
21057,165.52980586582842
21058,497.54408627745636
21059,192.17432850557594
21060,70.60351673537826
21061,173.1270927322694
21062,115.73885312951009
21063,48.80803413940336
21064,105.06702073597998
21065,48.78300587537614
21066,168.37487209354197
21067,184.32617024310255
21068,500.0
21069,474.7318690511215
21070,171.61442064583136
21071,343.1704681512099
21072,108.17485215342914
21073,61.933936716744356
21074,353.07720950197506
21075,121.72329201367533
21076,122.37771342063057
21077,59.143601758643136
21078,61.58485127460711
21079,500.0
21080,395.0193240316777
21081,462.02504096579196
21082,54.831708521584716
21083,97.51590587270738
21084,172.75856272332769
21085,59.143235149584726
21086,309.3549231794301
21087,138.52012546111877
21088,302.6872653541899
21089,336.9093680950677
21090,150.49836619252932
21091,244.828876487194
21092,488.6580891978341
21093,117.67258765087152
21094,166.2502469496636
21095,138.37063899150255
21096,49.48298841275075
21097,499.7917565776601
21098,325.87456531780936
21099,351.60814948874406
21100,111.66382128348775
21101,62.74165329117995
21102,59.87202627756153
21103,171.28462319753908
21104,122.97922715655082
21105,60.34039384626928
21106,386.43680908038795
21107,424.8701957805971
21108,196.29309784859652
21109,146.6097323955579
21110,495.4398138156333
21111,500.0
21112,56.4886089662895
21113,499.91012604402084
21114,348.6890037865529
21115,143.86587689383205
21116,126.10844808307311
21117,71.61713839105191
21118,452.0177422699179
21119,322.8441738901846
21120,60.320441010639925
21121,500.0
21122,500.0
21123,419.6823030623706
21124,58.018332073177845
21125,58.24717945828715
21126,500.0
21127,483.6012961027226
21128,493.7395473182912
21129,111.17593928449183
21130,489.8078609227073
21131,499.8173266039313
21132,135.9756578266377
21133,499.73901584185967
21134,51.05288847300669
21135,366.3515956634273
21136,426.30307429164804
21137,318.5990426065868
21138,59.39653530472147
21139,265.52659117609045
21140,476.3993884097314
21141,71.99610113430424
21142,113.05600197103107
21143,114.06478030576835
21144,71.61678704956584
21145,119.41769761447648
21146,446.8004382335575
21147,307.9102263715156
21148,205.86836860369414
21149,60.242457680547616
21150,498.74350391195895
21151,57.968391734350725
21152,468.7195172814568
21153,98.33804159313874
21154,500.0
21155,55.7003053243639
21156,421.0543604738535
21157,500.0
21158,179.12796484110868
21159,500.0
21160,432.8395966617851
21161,57.26745911691748
21162,499.8707094408069
21163,136.43711157292873
21164,183.81426729138
21165,450.85855077220185
21166,241.49953615570104
21167,66.1517513090448
21168,488.5215695850472
21169,443.08790373252646
21170,498.70816586588444
21171,135.0338144552992
21172,101.81329847828943
21173,466.3883404143595
21174,138.88537818255938
21175,116.92109513476768
21176,164.9416588955346
21177,492.2598189220739
21178,52.089531354777975
21179,338.83059983143363
21180,348.4300175128611
21181,90.0134840319961
21182,203.02289257650284
21183,252.64727570547592
21184,157.47180690363953
21185,105.29299671501178
21186,500.0
21187,438.3129685841557
21188,108.58528133826346
21189,420.23529297406026
21190,57.67071702351302
21191,59.41201015327263
21192,220.70020048363995
21193,64.29423961605772
21194,466.82188367863216
21195,500.0
21196,355.1036207194151
21197,197.80260139434745
21198,469.0865191477007
21199,46.13471848601538
21200,61.0518283012765
21201,459.1663803180813
21202,499.9260142560878
21203,102.1552676137374
21204,60.23097711249248
21205,500.0
21206,92.11399674475756
21207,458.3521732563961
21208,443.3291127227578
21209,156.046422758402
21210,61.44024295279594
21211,441.2191289348955
21212,134.48007922746956
21213,54.7880906563105
21214,56.86377436914647
21215,177.76468733823907
21216,58.875809262603894
21217,70.47102230683856
21218,113.27682300935774
21219,314.3981984973004
21220,95.57007344247855
21221,139.87804529763034
21222,330.7391356739676
21223,121.54171681411313
21224,103.72207017356448
21225,498.0190824777344
21226,500.0
21227,356.27774678481967
21228,49.84255723913999
21229,111.53320819965748
21230,296.1101606975561
21231,498.174161494225
21232,365.99467316186235
21233,63.026431417118395
21234,486.66725954645096
21235,402.82474431273084
21236,150.6965381541753
21237,293.6968751234932
21238,186.30221635581032
21239,175.70154766260654
21240,128.71686397458595
21241,378.2372355443878
21242,480.59752480492114
21243,484.7062149037762
21244,282.1561273132327
21245,159.52566952168024
21246,71.27020796693307
21247,57.058317058855934
21248,464.14949682978147
21249,497.5988008545427
21250,187.80790308665354
21251,500.0
21252,500.0
21253,215.69683193954052
21254,56.57970327005733
21255,497.375566218009
21256,197.37419217524615
21257,500.0
21258,498.21341648420895
21259,344.48614223109803
21260,196.2260570852086
21261,57.43844166404006
21262,53.58951986856516
21263,68.64266962139885
21264,62.366327814954644
21265,137.05156713207558
21266,452.944107628204
21267,338.89619134200336
21268,342.29013873810175
21269,193.79430444678613
21270,52.881395183393074
21271,296.541633223264
21272,499.82757607759356
21273,281.8863569541584
21274,499.03596310737026
21275,53.85624185168325
21276,353.2973487432921
21277,130.03443387720603
21278,397.27369093555825
21279,357.8831538895517
21280,70.99145262949949
21281,499.2534496848921
21282,332.1373835830142
21283,474.24808723717445
21284,497.1441949550267
21285,93.6092185076784
21286,333.90116819035484
21287,283.4460403290785
21288,72.2856606727824
21289,291.9879052927887
21290,332.54882625986346
21291,489.51546760171107
21292,500.0
21293,116.32932959993346
21294,451.79299878783706
21295,499.2062275334783
21296,194.9623737907507
21297,182.05777981233103
21298,118.97810272550427
21299,477.0071355827799
21300,499.4758283908278
21301,222.877344072504
21302,317.9840775598939
21303,144.92780893027924
21304,123.75896978895503
21305,108.1236052412238
21306,471.22870452673
21307,107.89045358316278
21308,497.8691756111982
21309,91.25284927687657
21310,118.29042095319413
21311,414.2928909230648
21312,430.8146149023329
21313,145.15707440996738
21314,94.48801070710626
21315,440.5551743226671
21316,188.05507773937586
21317,53.41856888143889
21318,62.40043413678137
21319,70.71088985416864
21320,247.76014922931245
21321,500.0
21322,439.75234045398474
21323,110.61627082238671
21324,339.6536313312423
21325,500.0
21326,68.29669975476067
21327,500.0
21328,407.57819537605707
21329,52.682332453446776
21330,210.9483383859098
21331,348.19384702953613
21332,64.51217148813468
21333,498.5228734136118
21334,173.02729463244168
21335,120.60866318671447
21336,205.22745117387404
21337,466.37929691267755
21338,49.7340202789226
21339,64.03072873185508
21340,165.22156590549685
21341,314.1841234293224
21342,409.014731659502
21343,85.8052803204676
21344,499.71064068392843
21345,257.1617121455611
21346,56.63137664144377
21347,90.71790602831973
21348,56.538899674826155
21349,500.0
21350,270.9078398210023
21351,276.41393639720076
21352,221.37903038099114
21353,498.52143235403184
21354,461.20753374383173
21355,500.0
21356,352.77375191568285
21357,497.29118548583847
21358,124.12499245879881
21359,109.55814695784125
21360,449.40446873218156
21361,53.12751912287
21362,57.79986602908728
21363,261.76920113140767
21364,457.69966675482254
21365,68.73338882575294
21366,285.4893079253724
21367,485.42553982025913
21368,150.38605655253002
21369,52.65575208814663
21370,69.76823607913144
21371,500.0
21372,374.60469931193427
21373,102.80499968997037
21374,314.63994491279686
21375,294.6297929058526
21376,428.645241538198
21377,496.38355639525116
21378,54.64311420317331
21379,500.0
21380,332.59846005974674
21381,96.43430826678336
21382,500.0
21383,62.154083581525576
21384,185.14613999889727
21385,63.85909932574175
21386,120.13163155513824
21387,497.1830542024858
21388,488.1691767442194
21389,172.49700954255752
21390,150.20423863695538
21391,109.51924806256919
21392,336.74413592715075
21393,60.355614512010156
21394,74.0071195655828
21395,407.20136250495443
21396,151.41010499489244
21397,273.94423010936276
21398,48.32568109431061
21399,126.90355106737582
21400,273.86226618820456
21401,330.4535296055295
21402,60.54012734412572
21403,148.12922635706238
21404,60.45522553981719
21405,60.225745806140736
21406,456.9844442021191
21407,267.89749019678374
21408,68.61691288939917
21409,189.85317047199692
21410,109.00307340071913
21411,76.94028455916879
21412,499.7262471153598
21413,471.0918818952497
21414,105.29927465224648
21415,54.11949021822117
21416,498.045316198587
21417,349.6454928223613
21418,302.4024851762996
21419,500.0
21420,197.1434114543159
21421,156.21907464638377
21422,129.56496623321618
21423,52.76511981086751
21424,195.70160329023952
21425,351.30705748505017
21426,444.64579336810743
21427,498.90353511373485
21428,61.64304582393942
21429,352.2526185483527
21430,500.0
21431,159.86885203780224
21432,415.6607894664323
21433,473.3702466083163
21434,72.13882467093798
21435,382.2347217564882
21436,445.030862252506
21437,349.4931004297098
21438,55.84921506180133
21439,51.10231124869094
21440,449.5253297160757
21441,86.21334672608867
21442,283.68831631272246
21443,491.6289587671523
21444,113.35803323154366
21445,183.283598240773
21446,489.6855953209772
21447,124.98910369845034
21448,474.9999531883381
21449,262.7322720814786
21450,59.70368971242537
21451,56.50085101971625
21452,500.0
21453,500.0
21454,185.49150915941362
21455,297.591979016257
21456,49.01403185239556
21457,48.87734997464594
21458,131.30580094910152
21459,59.60247769808268
21460,149.9490737618246
21461,495.953100563788
21462,153.25634685974794
21463,47.411613840270334
21464,130.11172890243475
21465,148.87624282088342
21466,334.00847055730117
21467,456.1606890733095
21468,355.85707354608354
21469,65.91980867617502
21470,454.04977597198194
21471,346.2389540522214
21472,197.34672051062006
21473,435.5223610686401
21474,500.0
21475,496.37846896295247
21476,54.78158955845512
21477,196.8982993021508
21478,270.7165825670864
21479,57.32744957944
21480,500.0
21481,60.242184141016224
21482,113.70813724817515
21483,407.87976376798804
21484,187.31185499191963
21485,431.3912429645877
21486,91.73725606508893
21487,122.04405493610571
21488,58.033801615544306
21489,434.3936881344068
21490,287.6714599475527
21491,104.64513166657369
21492,52.12656826315593
21493,407.33948845883475
21494,47.564921111010165
21495,75.90214774321699
21496,489.5768893323699
21497,261.05011085892266
21498,116.92087703863075
21499,467.8193445505693
21500,499.76192668046076
21501,493.8554182559956
21502,51.15186653272431
21503,496.2109461000827
21504,493.81795717978355
21505,55.07478472836054
21506,496.99578892481236
21507,159.7342857115637
21508,85.75232081920416
21509,442.4495676401082
21510,463.97356608668474
21511,148.58469992205244
21512,263.8009431403391
21513,120.02191422280168
21514,472.9984284994878
21515,265.403048201431
21516,99.68119130327571
21517,115.97608049055
21518,216.70776322751072
21519,468.0155914106522
21520,499.0490516283013
21521,498.1992875705377
21522,165.82988059241268
21523,67.77542850194499
21524,500.0
21525,284.8845635106686
21526,135.97876284347853
21527,169.9737272230131
21528,471.3863444190134
21529,498.7745641936639
21530,262.7299783035487
21531,401.85437774265523
21532,54.94169054879788
21533,353.2354801956489
21534,87.46096460189221
21535,77.90057597373443
21536,59.6073184225112
21537,231.5323635684827
21538,489.4224720156597
21539,271.51260860148903
21540,500.0
21541,488.8095481787964
21542,486.67714526246266
21543,116.88144894058706
21544,385.60895063850023
21545,123.27521589469414
21546,399.95603212206817
21547,278.32467026333694
21548,173.51818988675217
21549,388.96491271966664
21550,497.22911271809534
21551,69.59324377003162
21552,500.0
21553,59.89383810277102
21554,496.9243416862377
21555,313.9831084097041
21556,175.94236324673267
21557,75.93363210600164
21558,464.3738797841461
21559,55.08570269400175
21560,495.70209105252314
21561,95.326607637927
21562,491.3372572686525
21563,49.32772489878174
21564,74.71277624516935
21565,114.03066802826591
21566,288.7201869983985
21567,283.9829643499937
21568,223.79718746557847
21569,291.59110311299366
21570,500.0
21571,497.17500381331934
21572,487.98953431441066
21573,58.11429766025423
21574,309.4817637304443
21575,139.71305345298816
21576,418.9324479678621
21577,61.00477890829782
21578,340.81069259652486
21579,151.55458088898894
21580,249.0150882662656
21581,333.3582106788559
21582,497.81122853420106
21583,439.1663671233082
21584,102.68575870245812
21585,410.71941392075826
21586,73.48892244106739
21587,458.21356584279334
21588,213.19341843539775
21589,500.0
21590,499.7168394010231
21591,465.8495763884147
21592,185.9495670369815
21593,487.3782709819967
21594,443.14844854162516
21595,469.02739059198643
21596,307.87603473489594
21597,500.0
21598,440.33254230672526
21599,128.26916661947752
21600,164.92153243803455
21601,97.59896162555364
21602,119.69483789163235
21603,94.47550689019141
21604,52.1437015406445
21605,102.60249202764675
21606,107.73742427656242
21607,331.0032877147843
21608,143.91471788605153
21609,461.70614322219194
21610,134.5191590570182
21611,276.85479494464806
21612,181.52226504084214
21613,60.985023779232364
21614,247.79191597368506
21615,62.648941189006365
21616,96.55896557073079
21617,475.0803903028559
21618,483.4349807398895
21619,499.2068474803202
21620,61.358709372119776
21621,163.21363563421897
21622,119.53832724778803
21623,166.32321092047005
21624,297.58459609034344
21625,184.36867681292105
21626,500.0
21627,264.4157034179416
21628,204.7385684360134
21629,307.3148648838375
21630,242.01496798357493
21631,428.5642678790098
21632,499.8562893026077
21633,498.1895780204344
21634,497.5161487400213
21635,497.63491863540884
21636,205.0605972737406
21637,117.23719281365368
21638,496.9990075643642
21639,260.3143732882566
21640,47.23859499441573
21641,87.41331235195555
21642,75.06264865338487
21643,500.0
21644,412.9088454704872
21645,500.0
21646,70.83482717392985
21647,58.86244018797912
21648,472.0417263260088
21649,160.19977706980245
21650,412.2894818730173
21651,500.0
21652,74.1577459271535
21653,169.4467709668511
21654,498.0814797735877
21655,319.5313175519673
21656,171.47548004392206
21657,446.9601923111398
21658,103.6304693722262
21659,499.4819295990661
21660,499.53757391874194
21661,101.18458459471313
21662,493.80637070337485
21663,182.98778711200796
21664,470.7657988101234
21665,354.8421475325574
21666,124.37822098992146
21667,56.504670062304314
21668,188.456078130109
21669,417.66087589928145
21670,384.5761648731046
21671,256.4819025665132
21672,405.07708752900817
21673,78.64557106477534
21674,125.93507154707963
21675,500.0
21676,72.82666435868816
21677,417.46611902571726
21678,482.8162742715987
21679,500.0
21680,207.5286977465516
21681,51.003742512423415
21682,58.866755616777226
21683,483.48136288925207
21684,118.7978609176129
21685,467.72592937484546
21686,71.73902529793153
21687,110.49029528224719
21688,55.288292425729345
21689,315.4797308253653
21690,57.633938043717365
21691,473.4557450020882
21692,144.27466484910113
21693,470.01288284310226
21694,452.92540964340577
21695,147.15367110814734
21696,70.00725471530708
21697,498.1713435910624
21698,58.94849637301424
21699,108.90973167465798
21700,459.04358060296227
21701,98.28969391781288
21702,500.0
21703,203.80968830417464
21704,61.06963448797396
21705,78.50010792207496
21706,203.30937163740964
21707,56.801078038614904
21708,491.9059159660088
21709,499.76407245812277
21710,212.59300310160475
21711,458.2909677966479
21712,77.20745752640704
21713,128.32328373887253
21714,305.28124444603026
21715,467.7522741590367
21716,184.66785383226232
21717,67.36537605712489
21718,449.1628279065154
21719,58.186901046838045
21720,111.29050769208857
21721,57.82077496901479
21722,64.26089992642886
21723,500.0
21724,193.25703711719495
21725,53.80023026386503
21726,46.71009082311119
21727,124.35445637752868
21728,125.70728423237884
21729,54.658089812520636
21730,462.9541784577335
21731,302.49165029033645
21732,447.10695120956814
21733,497.9023616861799
21734,179.27203425956708
21735,500.0
21736,114.87005432269763
21737,168.55439539006943
21738,340.9533474506871
21739,499.57348385238447
21740,60.66556364406853
21741,143.9279592484546
21742,478.6880991634192
21743,287.9426493629426
21744,500.0
21745,498.9410424312283
21746,292.2543360601599
21747,207.4836672930197
21748,148.98968743936942
21749,116.01180209263137
21750,500.0
21751,140.33789944018227
21752,50.01486781609895
21753,54.666162245452426
21754,474.7409560550666
21755,103.42916321979601
21756,117.35986983145372
21757,120.79608031229583
21758,275.21001179474297
21759,500.0
21760,488.9812324566866
21761,168.43735858756705
21762,308.15802945931125
21763,60.539298333161035
21764,59.19858211096691
21765,500.0
21766,500.0
21767,163.27155461524328
21768,65.01736276932974
21769,132.2344827177481
21770,188.64066994345202
21771,116.71419720738763
21772,365.6786305247605
21773,350.4393628707958
21774,112.86917828765135
21775,326.82027697669594
21776,469.47152810817215
21777,129.9910397231364
21778,64.15998317899937
21779,168.91230262265356
21780,124.7843666880307
21781,484.51607825784697
21782,141.94250724479753
21783,55.18369616805482
21784,203.81634847580477
21785,147.79616518727838
21786,148.2447066121052
21787,276.86453409407244
21788,174.84500594418378
21789,500.0
21790,137.6817601093475
21791,284.6389589571962
21792,75.54542402581173
21793,225.28978933250556
21794,197.55731677961342
21795,75.83092256563029
21796,306.7815687297758
21797,191.21956207581434
21798,66.45175943271467
21799,116.39606923863482
21800,467.4028193742224
21801,420.8341914854169
21802,64.59405604506497
21803,500.0
21804,433.1618314741006
21805,137.15531488341216
21806,152.10796264799185
21807,57.73192580001357
21808,57.00168642418379
21809,430.9180706248583
21810,281.04062245889236
21811,274.463554407296
21812,500.0
21813,117.11988654923667
21814,74.47049722399771
21815,493.8218187657542
21816,298.3227376058415
21817,500.0
21818,61.311524751079645
21819,214.97392549033958
21820,73.20314847488649
21821,500.0
21822,49.247590458727814
21823,140.19946604136672
21824,212.90428659251768
21825,60.38843159522841
21826,418.44338653690403
21827,436.6972497521887
21828,491.1561756101778
21829,489.54610301914283
21830,148.03993290207032
21831,498.134701502565
21832,58.6887705632179
21833,83.4732253470577
21834,117.24252701236215
21835,495.7029442764146
21836,126.93439119595047
21837,496.6278634020258
21838,187.97777951230603
21839,54.43272993333292
21840,183.95876468439178
21841,99.64980057895622
21842,81.227754081715
21843,276.36595565909647
21844,497.07902124623695
21845,461.4374180215093
21846,342.93036384881884
21847,500.0
21848,70.53892411078166
21849,64.33074953364353
21850,489.48638028769017
21851,138.95564787176323
21852,437.82564659847844
21853,449.28939583599833
21854,499.1985559681949
21855,58.13335376067667
21856,420.6471891491035
21857,59.04903571840215
21858,490.8987446480451
21859,353.8346237413667
21860,256.9635096809363
21861,76.09401453429378
21862,73.23676928852034
21863,310.4167735293262
21864,500.0
21865,200.30326765705922
21866,342.87689884487133
21867,494.03894556024045
21868,485.7684780949553
21869,60.1747375353612
21870,95.45616392748735
21871,410.3479132782654
21872,495.5692617515246
21873,448.3379281305829
21874,120.23910579115145
21875,499.58041611091005
21876,340.3536524637396
21877,124.03426831207419
21878,184.26947984505722
21879,277.0476671757856
21880,95.86882673025218
21881,263.94318158082785
21882,50.37369168729532
21883,459.6010544118428
21884,498.95431525624633
21885,500.0
21886,383.9770703096617
21887,497.89126176643595
21888,84.42644766855571
21889,72.04909549484697
21890,98.76295321198062
21891,111.82867078561785
21892,56.26030690607871
21893,499.99242388899415
21894,357.57588396738714
21895,135.0407023748365
21896,467.23973283892593
21897,500.0
21898,258.6937906319118
21899,305.1886072568692
21900,117.92986068551764
21901,98.42351925186271
21902,449.6042799758802
21903,461.64022321863206
21904,64.94861564759285
21905,293.02939255422666
21906,56.87045851784667
21907,49.55440164024148
21908,182.36948858071054
21909,200.19200797956574
21910,387.1649881286142
21911,115.79446485921027
21912,499.2710059984471
21913,149.2610486833949
21914,112.08851722237436
21915,134.61603571670105
21916,50.32894993175511
21917,354.1437519039172
21918,296.8531815337299
21919,104.00194881117724
21920,498.7052877711334
21921,498.9703705343727
21922,500.0
21923,422.72919849462914
21924,76.25135803437892
21925,465.04288167523
21926,58.28240511110386
21927,50.27682239231291
21928,53.75955029514509
21929,69.00060061081771
21930,69.5344657394965
21931,487.1336574087016
21932,498.57181989216383
21933,183.54715476391993
21934,130.0168232909395
21935,114.91097542604294
21936,454.84760324358615
21937,73.85441203592823
21938,500.0
21939,267.8144027431834
21940,167.30402676220348
21941,497.9310760512608
21942,107.50943249017345
21943,290.3422113395462
21944,118.90794039735272
21945,207.07733470668967
21946,285.90046463637856
21947,495.96731660053774
21948,99.9775169042532
21949,349.25985193874936
21950,77.67749992453487
21951,61.22726411271199
21952,492.38871704693383
21953,81.11953097753326
21954,58.87650273570973
21955,500.0
21956,129.65415171448274
21957,460.9919044343126
21958,345.5218608421316
21959,498.738084563059
21960,458.37776684944697
21961,407.94795921569244
21962,492.12885068881906
21963,52.29282150634021
21964,61.2376012715617
21965,407.9617375947961
21966,352.5438096735419
21967,290.44738940644066
21968,162.23360449378117
21969,396.01846161774506
21970,496.9068320539476
21971,108.70099551168661
21972,102.6002632683411
21973,357.65349698948046
21974,131.35094234440643
21975,126.4683940406571
21976,290.1126910642885
21977,50.082554376575075
21978,138.38513504156708
21979,52.157713720890115
21980,102.60633698152266
21981,494.42649845142796
21982,500.0
21983,200.44484843801638
21984,497.2239284674558
21985,122.76234620433871
21986,499.2456368105128
21987,497.9876427781059
21988,500.0
21989,101.22952322123322
21990,54.589150707998186
21991,62.77101755385252
21992,126.06432964437982
21993,308.7217374777074
21994,496.6061439887786
21995,131.51548040359899
21996,385.64164978555596
21997,453.690376497982
21998,404.4313629089466
21999,93.13350455446329
22000,500.0
22001,70.22267203686503
22002,499.6080902680555
22003,185.336773286866
22004,250.46615907725788
22005,352.5401652587186
22006,55.83032235578294
22007,480.0772835258425
22008,138.42924402107928
22009,287.08257087175923
22010,500.0
22011,102.02221937315855
22012,166.48585454650683
22013,500.0
22014,415.28085600001066
22015,282.85277240810365
22016,497.93138252483106
22017,500.0
22018,494.1078831493716
22019,406.3775034194226
22020,328.5962012509418
22021,98.53414557281675
22022,43.14055111670677
22023,401.8872163952801
22024,100.52948278536346
22025,403.3103162168899
22026,307.9717009174813
22027,72.50647105088221
22028,56.51601313559211
22029,74.18278699344887
22030,187.5176963306068
22031,436.8601190552696
22032,146.93367666781577
22033,54.06078204675532
22034,457.5374031474239
22035,348.5080339596909
22036,396.56438234460416
22037,353.79530970935537
22038,178.32039299909434
22039,499.4091537326709
22040,56.69310707462566
22041,497.86377361546323
22042,499.59034170666973
22043,169.1257620783587
22044,442.14880975563335
22045,500.0
22046,60.184272010783666
22047,499.3059407979026
22048,55.2831659468619
22049,497.2623669140733
22050,379.737751651874
22051,500.0
22052,500.0
22053,66.32004170736207
22054,490.86808757774986
22055,497.3194968976974
22056,138.78737181602068
22057,461.9394563639836
22058,471.11349877947725
22059,324.27058705373224
22060,129.74208917181681
22061,77.104670409945
22062,134.87783021451384
22063,169.78214629652447
22064,72.95009802545661
22065,443.3718379837306
22066,69.55014485842109
22067,141.00933384684464
22068,500.0
22069,499.2245001389356
22070,499.43422721026883
22071,246.6644230416194
22072,421.98125276798237
22073,72.97726965765399
22074,500.0
22075,498.94286955376407
22076,498.1169322976001
22077,107.97579687929593
22078,268.63219175069935
22079,468.9978973234941
22080,497.7579030029933
22081,168.27061251266264
22082,94.80634090254586
22083,498.29924580975523
22084,76.12605838722538
22085,349.7511837352163
22086,142.72549533250603
22087,164.17899715304344
22088,56.570573441032764
22089,429.1069758803382
22090,51.30010170913408
22091,62.65915840502886
22092,485.7051576211204
22093,465.59435659361816
22094,107.15019395921792
22095,152.56082245435235
22096,54.57213518496411
22097,495.4399145093969
22098,235.48272297149754
22099,135.20738565623557
22100,158.47542240050646
22101,459.8851755793902
22102,481.3086627276526
22103,108.4563068349378
22104,438.96606635691273
22105,376.45115880628896
22106,151.14214911128926
22107,499.4154198276301
22108,494.23691095223023
22109,422.3011512865968
22110,329.94485794224744
22111,60.70938019255603
22112,83.98499655026568
22113,497.36021485984475
22114,119.03907040402551
22115,418.21852146593324
22116,200.6869357048605
22117,169.79184853121916
22118,60.597876836288734
22119,68.05360689670957
22120,54.89285409374947
22121,337.3472866306371
22122,475.7136563241388
22123,217.9951360903529
22124,115.91008839922347
22125,200.79865182457394
22126,338.6320777617908
22127,140.51882840378872
22128,483.18600191072835
22129,153.92648425615408
22130,445.23129434323516
22131,102.79020590677199
22132,347.6006829735763
22133,57.08456099181481
22134,496.87468946245156
22135,134.11110095158918
22136,388.26367836999145
22137,356.4829089769274
22138,131.91172508408584
22139,77.84024530950873
22140,202.63156798658588
22141,341.4911553302939
22142,58.402559815614055
22143,435.3716882471599
22144,291.0256939851061
22145,361.11414366587405
22146,473.58774847049136
22147,499.37975612494563
22148,445.09247513641424
22149,52.67964341330509
22150,54.8598597515336
22151,114.82096344014428
22152,89.25358401996621
22153,422.757396810636
22154,283.2284157422097
22155,362.9362450409957
22156,391.1143810758681
22157,75.25191934916714
22158,49.130385374722465
22159,434.5336492352172
22160,50.97476791184618
22161,459.6937676377845
22162,164.64511464694087
22163,154.74831429454224
22164,63.93713780718993
22165,62.59218078770338
22166,356.3845227788064
22167,74.09373784098591
22168,484.8687636487838
22169,173.7556709653913
22170,425.9284137844878
22171,106.60435179046289
22172,349.7409115537081
22173,497.40167162439684
22174,481.82832367190497
22175,279.23161483525536
22176,500.0
22177,153.10129653054537
22178,327.43298098177627
22179,330.4972501578543
22180,499.003918112376
22181,456.46149228109556
22182,54.42695950248768
22183,352.47891960559684
22184,114.75169789925667
22185,390.29299570462524
22186,429.9953139246571
22187,55.94029162308156
22188,431.71031053219036
22189,355.0235515474539
22190,61.651115174317034
22191,417.484372263527
22192,331.3482134050122
22193,56.715914666149175
22194,53.182797908108455
22195,304.13019666624274
22196,95.1734097546827
22197,423.5951387531437
22198,312.84444895045567
22199,176.61548279049413
22200,278.37383158129626
22201,104.11669674856293
22202,54.068986253969754
22203,492.3065357860187
22204,66.30358540687787
22205,470.908009481201
22206,168.22136851923227
22207,425.3527592330376
22208,67.54181426787429
22209,70.92291372856295
22210,499.02071719578373
22211,55.401634313900075
22212,490.0955197988837
22213,441.6044797636865
22214,60.116960660342066
22215,73.05303474769461
22216,204.61239601020088
22217,124.57708041355133
22218,149.46380381220183
22219,101.25786300950628
22220,93.96591181364305
22221,102.12315479507346
22222,479.60994927997893
22223,498.8625851953964
22224,500.0
22225,50.55528612890687
22226,145.89633485806866
22227,480.4452204204774
22228,254.86874707872755
22229,159.34982207950964
22230,474.1771707627863
22231,150.163697434699
22232,500.0
22233,99.79070418491278
22234,58.655181350957946
22235,500.0
22236,70.33641579687867
22237,76.37110248746625
22238,190.79368215845415
22239,403.56401957375266
22240,413.20742661218674
22241,446.8543164809898
22242,332.6346436960434
22243,500.0
22244,71.54591702051461
22245,90.27720545088978
22246,289.6728419120814
22247,71.73327429113601
22248,203.7091890535753
22249,77.06502106501156
22250,408.9851186813198
22251,162.61273560449425
22252,136.5050863682181
22253,147.66995865875936
22254,56.205811861157024
22255,342.3848710107849
22256,37.97986737030887
22257,115.33175636658154
22258,425.85959779837685
22259,429.6609253015645
22260,409.1486919595998
22261,216.84163094267151
22262,71.38664796260827
22263,61.66634428337652
22264,390.87442120287267
22265,197.15017695737916
22266,71.6793558419831
22267,499.3325333377318
22268,500.0
22269,499.19380146715935
22270,53.984810800765885
22271,312.13865720585227
22272,150.15457007112843
22273,408.7185535101185
22274,216.13036738519287
22275,184.91076360059103
22276,215.09947234815576
22277,211.49210584930455
22278,164.60966295942177
22279,200.26547732943808
22280,58.231207208304085
22281,113.95677298240948
22282,99.48277066823337
22283,94.41818220542737
22284,303.33423085123223
22285,493.92222557720277
22286,500.0
22287,262.8461849961466
22288,150.34186447275633
22289,456.9502519555927
22290,443.419146741059
22291,54.83308194908376
22292,304.80307765423277
22293,471.88121385815697
22294,124.37934980915972
22295,500.0
22296,116.74692911581577
22297,110.2359002811305
22298,50.817039480396005
22299,195.53577296077728
22300,48.46568659915114
22301,499.8297502419538
22302,55.87753902713446
22303,255.20793649646257
22304,332.7498531103838
22305,321.12351481936685
22306,210.46788282252027
22307,151.35869106515784
22308,49.33840076233233
22309,495.4313897661377
22310,291.0666489048006
22311,472.3296206668008
22312,198.3917675143563
22313,173.38128183906662
22314,398.1481417357446
22315,56.892823462346236
22316,339.0453954426852
22317,447.92177029990876
22318,53.833963654245046
22319,57.52409328677965
22320,500.0
22321,138.67997578130496
22322,111.33751899636735
22323,498.97476779166107
22324,496.9627298427679
22325,72.5657469387111
22326,104.92509062256165
22327,461.12434716893983
22328,98.31748309316251
22329,499.67074280083875
22330,470.78092120999725
22331,446.9765502201635
22332,142.10664062023386
22333,344.75211962648814
22334,117.20585349242819
22335,333.43579425695134
22336,360.7304587649994
22337,77.14340550777247
22338,135.1727018317644
22339,61.25878112272482
22340,425.73746974807995
22341,63.32193069809554
22342,500.0
22343,500.0
22344,500.0
22345,56.49117205490233
22346,499.00713883848414
22347,72.54226612315387
22348,470.2620195351355
22349,254.81845173339357
22350,356.5628110845858
22351,251.16528106746895
22352,344.7777213357683
22353,110.41779933423334
22354,347.39845526380077
22355,256.5872743432928
22356,499.50316379407025
22357,411.2331043194081
22358,338.23935105118534
22359,500.0
22360,497.82751327518673
22361,123.0802645761747
22362,59.56599661617699
22363,166.0923950410018
22364,45.307536561796745
22365,78.71672647450403
22366,54.57874287221165
22367,172.81112677439035
22368,72.1854460143573
22369,73.88814393974661
22370,260.35698835063135
22371,102.84515160028548
22372,60.09664680177872
22373,499.5731549508213
22374,473.5299235178842
22375,101.82784066650477
22376,500.0
22377,476.876878315413
22378,353.75404480332446
22379,113.49481737527671
22380,124.4713837013878
22381,63.012809871619126
22382,71.53932316063856
22383,105.17274581802815
22384,500.0
22385,498.85866679593
22386,56.2238721736202
22387,500.0
22388,66.02457250982954
22389,455.5651624850733
22390,423.0853001693721
22391,234.8458316472572
22392,60.23957016339749
22393,347.82552968987756
22394,498.8129905377108
22395,494.1921947320036
22396,264.55316437409255
22397,481.6182776137489
22398,71.58280090763586
22399,140.84754905052708
22400,499.11454671548364
22401,86.23548030168249
22402,51.542444503735034
22403,144.68480741519687
22404,216.21666248946326
22405,93.04934556715972
22406,184.60278725097416
22407,57.6120738786868
22408,140.08778601531202
22409,119.38405391164213
22410,470.9760953765722
22411,55.66581477363981
22412,343.7520761457924
22413,140.23433902740086
22414,500.0
22415,487.09699200962154
22416,493.66070378591667
22417,444.7122347699781
22418,53.47240688483262
22419,71.32173453201887
22420,56.70429067864586
22421,194.1427856261496
22422,499.84819118873554
22423,469.74692458352115
22424,494.7853989424629
22425,498.1552129511754
22426,433.19816268633105
22427,153.7292962025118
22428,498.7923687615878
22429,195.34946445787227
22430,55.78740856965162
22431,156.39475802670933
22432,266.72012645756297
22433,476.0211435409293
22434,207.04452572251222
22435,64.43578098082315
22436,55.55794010346181
22437,398.6050732609085
22438,194.7513881881826
22439,101.31795359854978
22440,83.52459247051766
22441,152.51746674155135
22442,187.41462388462054
22443,140.97417457190656
22444,288.5162000775674
22445,351.5547061172113
22446,498.442319691958
22447,460.19722453858355
22448,304.8210887428791
22449,79.57159692932862
22450,433.3600800933324
22451,337.22662080863773
22452,430.55738437062325
22453,107.07042025441245
22454,432.1649582931625
22455,56.855654334372275
22456,500.0
22457,49.66459360584689
22458,57.494590044862164
22459,336.5374490539486
22460,435.7294740242125
22461,498.60747747440246
22462,269.5534352364018
22463,110.78010625464648
22464,259.8443505248003
22465,162.76749072451693
22466,307.79458032197573
22467,197.63407799737092
22468,73.28197010660773
22469,283.4211555181232
22470,103.90887189757893
22471,110.03731820208783
22472,53.78422293490515
22473,117.78970448477034
22474,499.37978016887723
22475,161.68001997393782
22476,115.57828865626792
22477,446.2967373088328
22478,94.24030971495006
22479,116.70667101606941
22480,119.17762269144094
22481,55.161825332957505
22482,71.49301678443157
22483,432.5869521683827
22484,196.48012638556426
22485,469.7758724696956
22486,95.20360156671263
22487,453.0827730095192
22488,490.3899942272232
22489,52.987346667093504
22490,97.10588758482567
22491,59.583580523432175
22492,364.41606191101005
22493,148.11141325938246
22494,126.6214576486327
22495,499.3952455966834
22496,498.2432638731192
22497,396.5275510989753
22498,419.13438907992406
22499,338.0701935293256
22500,127.9002900359273
22501,499.77895983738995
22502,371.04916884114704
22503,63.4308386980134
22504,57.66530228849065
22505,383.4515440198377
22506,101.34585478035746
22507,202.00688642922887
22508,132.24698385009572
22509,500.0
22510,151.57330338320955
22511,378.58086278303125
22512,424.51421627905904
22513,71.44891633952815
22514,145.2349968297418
22515,104.05519763609509
22516,171.9640555678823
22517,180.50275945076444
22518,103.36939409934062
22519,150.89285852808155
22520,106.34882370821495
22521,499.48413144857966
22522,180.901319063453
22523,57.69254010466605
22524,498.5221726520589
22525,339.1909141411904
22526,69.80731283955996
22527,484.9159590226012
22528,121.00069747814611
22529,101.66967232272347
22530,443.1917335538961
22531,218.2920379147931
22532,49.54473202646838
22533,314.9659240924638
22534,188.2909419589907
22535,99.60979374774067
22536,256.86893189744274
22537,195.40751517641542
22538,49.62848240679326
22539,124.86019364180171
22540,464.3078755896579
22541,240.51618274143087
22542,195.76997013639524
22543,195.08902954762277
22544,294.8868984130392
22545,258.77468395413416
22546,499.16862722676535
22547,408.60684945518824
22548,393.919280831087
22549,144.13462566738153
22550,61.760641106355976
22551,165.42525456556666
22552,473.97278884200205
22553,387.3607393855541
22554,129.493457008747
22555,101.48093085865173
22556,95.92271055190015
22557,497.8007391096021
22558,199.26517008742817
22559,487.6253714647209
22560,50.614464552549364
22561,93.86870503657322
22562,495.1916093990877
22563,61.2732302137264
22564,500.0
22565,161.34243796209762
22566,59.96480963280284
22567,357.28093636853055
22568,72.7502183224055
22569,499.47612627531
22570,58.52574187304971
22571,192.59537486570187
22572,129.5170662552836
22573,498.7528870740299
22574,250.3585098104433
22575,500.0
22576,278.73407594110023
22577,401.834033139448
22578,310.6201574499358
22579,477.98674245809974
22580,496.4506962298393
22581,84.69636754152634
22582,467.20009066986256
22583,143.93016961157684
22584,197.61387339603374
22585,108.32589793154762
22586,500.0
22587,110.40885171166921
22588,477.5930916121429
22589,161.15230574635083
22590,55.42051828833421
22591,499.4285079485713
22592,465.3809573521762
22593,498.69130914139794
22594,55.33423424712335
22595,127.81523214080559
22596,141.85656274470728
22597,148.47239726023446
22598,109.79167616578883
22599,439.3271696616433
22600,406.99906474367856
22601,109.67149874465917
22602,500.0
22603,67.3607526771238
22604,109.3384818319478
22605,60.109528251930335
22606,329.53927504318443
22607,198.83160270934098
22608,435.18336519017623
22609,128.5297475734457
22610,500.0
22611,242.59991269684355
22612,55.27243930555273
22613,497.5705168938988
22614,72.34519265721673
22615,55.323737305397195
22616,61.63372228883513
22617,492.28304857924377
22618,169.23989671927544
22619,390.5356803901876
22620,440.98411474697286
22621,330.5177321114471
22622,181.26885371293153
22623,73.86326813904509
22624,369.1378123344994
22625,156.1537947262417
22626,438.806327225223
22627,313.91361035753806
22628,74.90693653029786
22629,475.2045435762682
22630,338.90230843717995
22631,367.11322847039025
22632,466.47726670772676
22633,356.00686285605957
22634,476.35111434557234
22635,47.667470051255556
22636,329.56542739065077
22637,77.57746469684245
22638,151.49503113224438
22639,282.86639091977327
22640,48.0432317153784
22641,179.54381633607483
22642,57.106211594889544
22643,111.77167003740793
22644,98.44959859005175
22645,462.37680701502666
22646,272.2608287679675
22647,159.17308089485368
22648,367.7010314294632
22649,196.4304443962953
22650,203.66221795525325
22651,260.56447297170166
22652,472.63657524714404
22653,407.355592769493
22654,410.9627945503733
22655,71.17286460593684
22656,105.85904557854865
22657,70.963642050641
22658,439.8247663534336
22659,105.75933418231156
22660,332.5479041115053
22661,357.58305588404403
22662,205.46028720599628
22663,61.670824401562754
22664,111.58034483490701
22665,500.0
22666,489.18468676464556
22667,88.82000210993837
22668,485.6573750406792
22669,51.72689028459664
22670,145.09373314542907
22671,51.7058837302982
22672,198.08629750634339
22673,499.0782799875519
22674,500.0
22675,455.2837131332354
22676,171.93428508004845
22677,72.49679742355838
22678,355.91660379274356
22679,140.50456072522053
22680,432.11946580304254
22681,498.2412428544715
22682,70.65663469494817
22683,500.0
22684,60.558109949619265
22685,500.0
22686,184.4703984040932
22687,297.13589027547
22688,133.0645759957483
22689,160.63555200138057
22690,135.11944666036504
22691,500.0
22692,191.25905591379507
22693,232.34214138707972
22694,57.95294115710853
22695,497.42723808600635
22696,158.96916831131784
22697,73.54243188618288
22698,57.240189423644146
22699,426.8999066439276
22700,104.7555830680603
22701,247.2706876946557
22702,110.92515507578955
22703,468.5463169608431
22704,103.02036815079356
22705,71.37229947625589
22706,473.72560775551165
22707,110.31887764167838
22708,57.44215773394197
22709,456.80056112552234
22710,127.03484387362283
22711,164.64174511471074
22712,191.0184469131661
22713,477.5096201893209
22714,96.8783504903019
22715,88.93650403710484
22716,166.05739091905872
22717,429.4685918862232
22718,345.6405744886721
22719,63.26651768194387
22720,487.74597073228324
22721,134.87322225801228
22722,93.7857555758331
22723,327.15962968147016
22724,85.74197311213143
22725,254.11090944019753
22726,284.56056745092474
22727,499.1104812358027
22728,69.4951992358121
22729,398.44647745073024
22730,479.02665527800684
22731,108.81096220323036
22732,425.3593518784679
22733,348.6857343268964
22734,164.10031795507172
22735,61.92319188848754
22736,57.85645456345169
22737,73.0034608270902
22738,54.14576574171534
22739,53.448823078983715
22740,500.0
22741,499.7891762285987
22742,500.0
22743,499.99921519507126
22744,115.46783224477124
22745,57.88880803565993
22746,177.52304034581311
22747,480.3094786055972
22748,56.434216999038966
22749,455.9301815328937
22750,51.8444048994466
22751,345.87915238899916
22752,58.37366822062717
22753,349.14867623391376
22754,418.0643226460029
22755,142.7965643551566
22756,114.28517938099284
22757,500.0
22758,488.0152994730887
22759,64.9561804219664
22760,344.1493194647545
22761,177.2191569088101
22762,446.2706063787791
22763,57.895802086948706
22764,188.05336121774394
22765,247.21598358015342
22766,500.0
22767,495.14513936039367
22768,59.5923900312568
22769,69.98522534932563
22770,107.62227122773245
22771,109.35730367911631
22772,141.24884931075772
22773,46.36543988104117
22774,58.82617251675234
22775,54.12851627035997
22776,253.97321131989656
22777,253.97706751415973
22778,445.62696044226124
22779,74.5779725544388
22780,137.49808893872284
22781,133.6141480138935
22782,58.98878911227153
22783,431.02479402928964
22784,360.24010632492934
22785,273.6681379057442
22786,111.48472468626869
22787,72.21244818896045
22788,194.0414332345
22789,131.82795529547445
22790,79.72974111617471
22791,120.31500307074114
22792,473.43585398465314
22793,75.28831661187903
22794,187.609125352553
22795,171.14260263223875
22796,129.09313581318082
22797,59.69072573931044
22798,182.1675600521026
22799,55.29678400192943
22800,76.94161951452789
22801,55.27260668985569
22802,500.0
22803,271.77846771565453
22804,171.92517801632832
22805,499.7840619033282
22806,500.0
22807,500.0
22808,98.25625618546559
22809,347.3274211487859
22810,194.47632528259507
22811,55.53119403023288
22812,487.81615348158425
22813,480.4738963450775
22814,495.96334322649534
22815,178.94337482280818
22816,127.13276784582192
22817,78.50702287070686
22818,54.133693144714584
22819,439.81273369295457
22820,426.1630341923619
22821,340.89943258305067
22822,336.05746746126886
22823,295.826515820213
22824,61.349415665395895
22825,57.919296941959374
22826,253.85140458939676
22827,388.97007815235753
22828,178.8091886496843
22829,500.0
22830,491.7028380746096
22831,72.9247834610745
22832,270.3792378263993
22833,366.19462969672026
22834,179.79065462805758
22835,112.89335515775528
22836,284.00800207932707
22837,58.637965362961054
22838,346.53026482090917
22839,121.62291647592218
22840,102.78810499934868
22841,498.45148651288247
22842,135.7490756559979
22843,88.46598668751147
22844,342.467818401405
22845,489.0573560744193
22846,500.0
22847,427.171051741822
22848,126.31627737792536
22849,203.96599188785797
22850,148.1326593431884
22851,250.9812599211799
22852,112.14113512045101
22853,498.95173348297465
22854,113.43457947191155
22855,67.81109024065589
22856,438.9569350561635
22857,361.4093383029042
22858,71.85770394794505
22859,75.43475880566575
22860,175.86474029911807
22861,269.9523947335441
22862,71.45759095709477
22863,281.55553767653396
22864,97.93647586331814
22865,366.93556622807046
22866,78.16666968065238
22867,200.7259115982339
22868,103.08616708931515
22869,167.0080854049236
22870,208.52337448556847
22871,68.8386936660951
22872,204.13746558894616
22873,284.93947321193997
22874,125.98690979040583
22875,162.4262411504304
22876,119.09377935618122
22877,69.94179452672552
22878,469.30622175666804
22879,498.38260398317857
22880,64.49644567312647
22881,161.34368044029856
22882,55.55054448082791
22883,177.39272929058896
22884,404.3595659510432
22885,217.68191311427668
22886,49.747122335975384
22887,86.20312150980415
22888,53.09582022071987
22889,481.4645085317999
22890,498.25051273219526
22891,48.31569978930331
22892,497.673211023284
22893,122.11270369555683
22894,252.53719679064582
22895,395.3489811475496
22896,470.74072052530937
22897,96.5586920316286
22898,486.79150098222436
22899,61.335745044539465
22900,138.60585719177664
22901,202.37951078966154
22902,500.0
22903,413.314029043442
22904,139.52581236621117
22905,69.88605181426792
22906,480.1693233705974
22907,120.41966726740635
22908,460.83401418208086
22909,492.19010351767656
22910,56.16976568757684
22911,55.89464920218039
22912,69.96456107672665
22913,219.58510189694405
22914,177.37957453481232
22915,344.60775129282683
22916,90.82547296456785
22917,353.2143480425726
22918,492.7458273703078
22919,95.8203237722957
22920,50.642076752514484
22921,479.2273481758039
22922,62.31127181575911
22923,108.42496870722746
22924,289.1429471514531
22925,88.56838820845644
22926,60.52560247829853
22927,109.21815675408749
22928,499.64432227922345
22929,500.0
22930,53.05743196386649
22931,189.62535995244286
22932,462.68857487149427
22933,61.99846819781518
22934,360.40043239200463
22935,167.5273424901521
22936,497.26382614541694
22937,495.75368078973764
22938,499.51137400363405
22939,499.9553075383232
22940,61.66594684938239
22941,138.79577277406102
22942,207.56401871582818
22943,358.6186470485297
22944,402.8540843762893
22945,69.93104480486868
22946,130.77949252711994
22947,115.42724736074075
22948,448.46935293637034
22949,132.19836608867564
22950,101.86238722154627
22951,497.06782267289645
22952,112.50579464900582
22953,58.38291508057189
22954,127.01996534616126
22955,330.5497466040316
22956,306.07296701597653
22957,75.74095717600085
22958,307.161857290802
22959,500.0
22960,464.39502882996214
22961,500.0
22962,221.2603396711561
22963,325.2003782525792
22964,139.14947660639092
22965,303.9858452185911
22966,224.3305546753291
22967,500.0
22968,492.5901219328605
22969,60.392761606721095
22970,133.12370339848982
22971,500.0
22972,499.3039195934846
22973,198.90983422843334
22974,444.5113157505848
22975,101.8769058125961
22976,131.55520297785773
22977,389.80495039672223
22978,346.8863034046315
22979,207.825274237859
22980,358.7262485113473
22981,163.0013425908059
22982,343.90138393642167
22983,500.0
22984,497.3988711308341
22985,476.69045723057667
22986,439.25677633818464
22987,373.5477088260672
22988,167.63956592025787
22989,104.41668777723993
22990,61.2269756761019
22991,101.38229179839239
22992,88.82947941500021
22993,52.937375328993355
22994,70.4809733574427
22995,128.98609017379218
22996,67.67123480352582
22997,277.471677786603
22998,60.47973230556298
22999,120.59049752689373
23000,73.49744582350726
23001,78.54023565765935
23002,53.62823226339226
23003,125.12380338656345
23004,479.27925693022405
23005,500.0
23006,53.38793704011782
23007,467.9364140857232
23008,57.01504746612451
23009,434.6684602069554
23010,118.37180218791832
23011,60.08417019323774
23012,449.82425521406856
23013,91.38104659409699
23014,306.0121903988295
23015,70.06335102633662
23016,70.37663232759675
23017,74.73472994737355
23018,423.5644555143241
23019,58.04668786011922
23020,308.3312324822661
23021,354.2608653091768
23022,375.8733263967935
23023,497.4084879959224
23024,62.88624829414996
23025,449.66466404774224
23026,60.78982905487131
23027,411.41038796272164
23028,391.2176564905227
23029,500.0
23030,128.8276514469206
23031,500.0
23032,299.31622341072557
23033,215.55238003404713
23034,428.8682644590995
23035,254.8372608890886
23036,208.8495838758119
23037,124.6884042446367
23038,72.84162365097826
23039,498.9549066225321
23040,61.36658474206456
23041,306.8710250852459
23042,408.16121433600745
23043,120.3275723247989
23044,80.03707152914163
23045,340.9776240858512
23046,447.9139865289876
23047,216.5986887391493
23048,370.2467568526698
23049,343.52019432840643
23050,353.10098979407326
23051,55.32275658344646
23052,87.76240259096753
23053,336.02524892127155
23054,499.99599194781143
23055,499.22183850023106
23056,500.0
23057,112.69350038454552
23058,499.35554916872877
23059,210.6898431579835
23060,418.8469914212962
23061,500.0
23062,485.3129417074829
23063,489.302583720125
23064,337.9023387620126
23065,446.57268065327366
23066,301.36524606641615
23067,99.28392583620213
23068,54.64706571304977
23069,500.0
23070,63.6079797357729
23071,462.17248814114004
23072,72.0416655134922
23073,124.84762010660333
23074,97.70694441146185
23075,106.23684544395523
23076,273.5639195698686
23077,101.18668816270159
23078,464.0926104167169
23079,61.25694407622673
23080,50.91755691763153
23081,47.58802969930221
23082,188.79309959211977
23083,74.75980080754907
23084,306.5226023611552
23085,499.1212669542988
23086,224.5546788777924
23087,500.0
23088,72.39289336633095
23089,149.06352628894328
23090,449.71130399300057
23091,161.83738140380854
23092,353.7208897472033
23093,490.57094265533135
23094,48.31746669371193
23095,449.56619646317426
23096,265.31044676778595
23097,498.9494619120999
23098,121.92764057903639
23099,487.9355380055654
23100,135.98922596652022
23101,498.3643519887828
23102,169.43649469369223
23103,291.37998684415004
23104,492.14699135456397
23105,497.2741730734175
23106,476.60566797762783
23107,76.19625420448689
23108,203.79374747823
23109,500.0
23110,60.028448531963306
23111,61.763652640402526
23112,467.2462845845253
23113,197.72911017257977
23114,419.58141732422166
23115,74.03511508655953
23116,47.03526234046363
23117,310.8465584205205
23118,53.92951759944232
23119,54.94623370278727
23120,436.79543313838076
23121,166.57430161581829
23122,59.41915062199847
23123,354.0225995736563
23124,457.41152270146654
23125,75.05256121336592
23126,109.71759495381458
23127,101.00680696629291
23128,446.25807073685365
23129,500.0
23130,88.99364155906505
23131,73.28390694831774
23132,225.9986154263766
23133,422.5141257989745
23134,101.83998565320294
23135,437.53436864758476
23136,347.94817283199933
23137,216.22075877826563
23138,104.95709408085742
23139,118.61806240681776
23140,124.6683825092992
23141,52.749597553388114
23142,95.28187690618125
23143,149.86626214092144
23144,474.3329544862945
23145,50.503332760323275
23146,51.046396380761664
23147,74.12376709055329
23148,101.06308223863506
23149,61.954815220793456
23150,499.2996749085477
23151,55.210340700973546
23152,479.96316815539495
23153,49.62050664644517
23154,140.8621733673852
23155,376.70493836142566
23156,375.52110654629604
23157,500.0
23158,494.1675519604478
23159,349.7373394270578
23160,322.85448838220265
23161,103.48337157459272
23162,194.9092939914753
23163,496.98367513423227
23164,491.8253635990967
23165,447.21667243017237
23166,499.8499351756059
23167,447.886362172282
23168,55.57109706233375
23169,498.09305219642215
23170,149.96309855263468
23171,328.78264759759
23172,51.95604249268131
23173,500.0
23174,124.52364938350166
23175,345.5084722826791
23176,500.0
23177,108.36238818059246
23178,69.16907950648084
23179,458.5172820795158
23180,47.73615582384234
23181,50.794576665394125
23182,178.7494115198191
23183,472.2538157295834
23184,72.72088622463592
23185,257.1698822759763
23186,244.65570800283757
23187,301.1565674968076
23188,189.1335100677046
23189,71.03199241625964
23190,58.9874313311239
23191,62.60785968192943
23192,433.8027076171785
23193,191.41607607259792
23194,52.05053925197715
23195,102.79359993819398
23196,424.95371463070813
23197,73.5956220542338
23198,110.50751582136157
23199,102.88764806666032
23200,436.12679030236677
23201,500.0
23202,136.49701707583978
23203,498.9221269529007
23204,52.552353813099835
23205,102.11373984656522
23206,356.28628270523444
23207,466.79368150054944
23208,411.0408409915781
23209,333.40185170688534
23210,274.7587679713037
23211,497.2720611576844
23212,320.52541485540286
23213,63.00905884518777
23214,499.5938649746731
23215,103.0079923527311
23216,69.79041217315923
23217,127.15994713444238
23218,108.34732890057597
23219,111.07232692248138
23220,184.3123088588187
23221,77.32014131756692
23222,108.66557031428017
23223,229.92276176231312
23224,469.6691284624542
23225,104.63277279027352
23226,500.0
23227,497.98906344820534
23228,57.405043355243905
23229,198.72383740878348
23230,153.00918523974357
23231,75.85029112202173
23232,177.01241637268808
23233,492.21984868039283
23234,500.0
23235,497.76574740911246
23236,432.2850534825194
23237,303.3923837862457
23238,471.18692032068225
23239,148.06239614897245
23240,500.0
23241,492.82996546243817
23242,110.86738939480283
23243,500.0
23244,113.71251546989177
23245,489.57873033255464
23246,188.59971816984657
23247,204.24656068748618
23248,55.03579385609315
23249,55.60088579684104
23250,459.2389469086227
23251,117.481175147436
23252,283.75849025113155
23253,440.5321779396088
23254,57.30103767674534
23255,140.52602823438946
23256,99.01958163370654
23257,97.4929783536694
23258,111.36879073381436
23259,45.09332269256302
23260,498.0737102646352
23261,73.25073219381903
23262,293.88514502421697
23263,475.68192998122765
23264,117.23510081789601
23265,53.78930756847443
23266,495.1132120338898
23267,114.82963372283106
23268,185.00551497370338
23269,103.88318768674245
23270,76.49593598976551
23271,195.76226941917162
23272,500.0
23273,107.31664375506891
23274,499.9004617110751
23275,498.2742788436714
23276,243.12404918537692
23277,190.88237601586047
23278,498.6646094814149
23279,141.15256178410095
23280,340.12396464879794
23281,55.613595667095495
23282,497.9346042007157
23283,500.0
23284,159.81185534206276
23285,498.7813814312191
23286,500.0
23287,470.435526433096
23288,428.2775773054126
23289,60.06062195967296
23290,500.0
23291,499.3096771772056
23292,318.3139536330218
23293,438.89299007772433
23294,462.53855518562625
23295,498.82337333217833
23296,465.0798432982042
23297,218.46402255512817
23298,497.5327313393691
23299,402.65932777096697
23300,276.88866173248374
23301,50.88731218742792
23302,224.84251172411405
23303,128.99511164576091
23304,52.06077965961017
23305,51.5404189219491
23306,168.22613660700813
23307,449.51529686860397
23308,136.99296366597468
23309,411.2982711376271
23310,108.73258233334445
23311,56.53644923069421
23312,416.9825307801079
23313,99.71556869413902
23314,498.0235285077501
23315,499.19389124457086
23316,499.210633367062
23317,195.97124252853763
23318,102.65983737550935
23319,162.4549933333162
23320,206.34295591721536
23321,499.26149995056096
23322,195.92125421699555
23323,124.67412323027105
23324,227.7027088063582
23325,271.17293758942213
23326,493.5783592874707
23327,154.3438275493611
23328,500.0
23329,114.98974975617561
23330,67.66838055914164
23331,309.3625062628754
23332,56.12308374039952
23333,183.57571524053512
23334,493.71163089381884
23335,440.50941961679786
23336,107.2573272512602
23337,125.19194855178827
23338,474.8749307403276
23339,498.26623443405
23340,441.37323570670026
23341,482.59577593853714
23342,481.84866132790046
23343,434.61875326470243
23344,268.05090181451743
23345,76.29704704267249
23346,53.630588655753286
23347,451.0673583102482
23348,324.7251774772831
23349,94.84942856109267
23350,165.09342437067852
23351,198.51235033227712
23352,295.1941111449464
23353,276.6342775723827
23354,172.8971469668135
23355,219.16940190657255
23356,77.0021344864149
23357,497.5469984869754
23358,478.5088709421698
23359,56.34646460670959
23360,497.91180726700134
23361,192.76276599842743
23362,51.79595727195242
23363,178.85595155844283
23364,453.0911644833019
23365,124.42034708288044
23366,443.37878634531114
23367,68.78250979109228
23368,80.5198280689251
23369,498.58704060389175
23370,344.60695616740577
23371,131.8587692872626
23372,450.69205228260626
23373,499.7707626267711
23374,499.57098135227903
23375,387.7534041087837
23376,71.22181893003598
23377,127.5249045791632
23378,499.302516797148
23379,272.2852118433666
23380,489.39782217140976
23381,487.40463247623
23382,77.33675877747707
23383,359.5989861337962
23384,240.36268127855107
23385,98.48548429568228
23386,478.9153963116507
23387,59.23601847475159
23388,267.6955142752437
23389,70.6254283788372
23390,435.97634738113095
23391,69.86394442064352
23392,500.0
23393,394.06893453500294
23394,500.0
23395,257.2721324848061
23396,140.77260612066658
23397,225.02111395794995
23398,499.2607978235029
23399,446.4779182245559
23400,158.09970123707004
23401,106.20294724591125
23402,63.9062554833325
23403,498.53914293998196
23404,332.96458295380415
23405,436.9614704332763
23406,243.36304182294754
23407,493.85170679041306
23408,54.34208281983018
23409,129.52068052323867
23410,500.0
23411,478.771692354285
23412,469.6517586214044
23413,406.4634136059966
23414,472.44431004988036
23415,495.56181929836765
23416,75.72883354911734
23417,475.67620841934144
23418,110.26376100105432
23419,456.615531155108
23420,91.30804660427677
23421,75.52360770742241
23422,61.83533575632481
23423,263.5085110513478
23424,343.5122420657462
23425,445.5968404585151
23426,48.68866145113722
23427,480.85026096291915
23428,114.53751095989008
23429,370.5899006494921
23430,68.1559299348933
23431,55.806938025089536
23432,205.50382616040355
23433,396.55076496192453
23434,141.3296512818558
23435,499.1797871040051
23436,300.2764235762393
23437,261.1871136619018
23438,360.94124198717094
23439,500.0
23440,409.6754049302527
23441,483.9235907499226
23442,193.24311128230283
23443,51.13006722446157
23444,441.74370608880656
23445,272.2855003808754
23446,449.55869587068554
23447,98.59743385333827
23448,48.891360178491496
23449,61.27648107159135
23450,118.98628494531107
23451,68.59032908147582
23452,58.495562108298756
23453,71.95520904601837
23454,142.69525526422834
23455,108.51024664080086
23456,443.4874040126782
23457,57.56895210918041
23458,73.27322202875038
23459,132.58608390729177
23460,111.05567093847117
23461,428.7013354008888
23462,497.4583528107839
23463,410.60716633113407
23464,113.645120756318
23465,109.26466354125606
23466,256.9506056415734
23467,464.2345173264995
23468,61.72836757168312
23469,496.7875474462273
23470,499.0066565354283
23471,109.63211646135619
23472,319.980371002086
23473,111.54455835026658
23474,123.77619329048426
23475,396.7283224292969
23476,65.786681413517
23477,391.83088574588766
23478,398.59406688730485
23479,297.45775936295547
23480,200.3534133924697
23481,72.25049205381501
23482,65.09106269253233
23483,88.44104319114786
23484,177.43737038868946
23485,162.95474786617785
23486,466.4651401831684
23487,54.47379453779039
23488,493.03487999896447
23489,110.91736458413415
23490,122.54811068086428
23491,463.5294206969401
23492,180.70701428310593
23493,500.0
23494,499.6579755846951
23495,336.55023497605015
23496,500.0
23497,57.36056846979037
23498,207.0187708942624
23499,133.14838095705994
23500,165.53378902838543
23501,329.9866028566726
23502,183.1359759696087
23503,103.26840792425821
23504,287.34384708286655
23505,143.44445009186333
23506,478.04435896213784
23507,129.2870642879414
23508,499.29790036635166
23509,49.55827370886797
23510,71.13539745181102
23511,392.70114753626126
23512,371.8498963505647
23513,295.8634149042777
23514,496.4307242083943
23515,76.7769045700847
23516,133.5388616495137
23517,157.63418185578033
23518,458.2256633145657
23519,500.0
23520,203.65689279777092
23521,78.68347501433138
23522,480.05334051550415
23523,58.04668167977022
23524,109.90920384972601
23525,161.17123960497014
23526,118.18841467446904
23527,492.3011563436376
23528,63.83288480895503
23529,487.9851416766507
23530,186.7907889789442
23531,500.0
23532,352.08076128393805
23533,278.06223529128795
23534,460.23487639828727
23535,117.44448426985983
23536,57.283069890780254
23537,112.98037028594104
23538,312.1341502222345
23539,58.64519492222468
23540,150.970167703706
23541,500.0
23542,151.3540596266382
23543,455.93987693811596
23544,461.8268985648164
23545,159.61418443740556
23546,102.46908238298705
23547,469.0333049366485
23548,497.8399395672142
23549,112.28385732709906
23550,350.82736261453016
23551,349.1791815491638
23552,498.7726343708787
23553,57.722594157483414
23554,69.84323515925334
23555,500.0
23556,436.584754299317
23557,59.00563157325644
23558,248.4220611181126
23559,426.6031862342701
23560,56.51140307817532
23561,243.50782452808232
23562,56.599297676756905
23563,377.0358619609028
23564,103.66101438910958
23565,336.1828730854238
23566,500.0
23567,113.0731515987282
23568,500.0
23569,472.38404937341227
23570,125.9586467589486
23571,499.06276129201115
23572,340.7032640612168
23573,161.67738831297032
23574,454.37361311435177
23575,142.62469918186346
23576,490.69228703614397
23577,280.0120074751221
23578,458.04167623221025
23579,488.09861486385773
23580,104.01537214678214
23581,184.69388876291038
23582,104.9162805618817
23583,130.02839974303572
23584,499.5741753465088
23585,499.21323769025713
23586,57.61952958490214
23587,302.8036654988447
23588,336.876735883881
23589,73.36854540419739
23590,59.07421837467375
23591,130.71521026971377
23592,49.32589390712266
23593,324.16032853557965
23594,58.42438263178728
23595,270.3010691498602
23596,152.79272306417346
23597,432.2154967924081
23598,136.81578023158937
23599,114.59341900352791
23600,475.03214687795963
23601,125.1553877794133
23602,54.00031282068221
23603,444.32545184131527
23604,268.06051328322246
23605,386.6759911562334
23606,462.50941512047837
23607,334.3829119703422
23608,430.24340683601906
23609,341.54227593224505
23610,135.22928942055015
23611,105.19534319112041
23612,222.1712223734487
23613,57.163223585953865
23614,220.44855595692553
23615,500.0
23616,45.35394173580388
23617,500.0
23618,444.30050626659255
23619,136.4848810299522
23620,498.9749171158697
23621,74.5353370862936
23622,461.88618380617686
23623,71.46626633359853
23624,73.82445962317938
23625,422.0038603824846
23626,125.9849400218043
23627,395.4832693415487
23628,284.14157453666894
23629,500.0
23630,131.50544580586467
23631,52.645555598404734
23632,421.42984602769
23633,110.02747201407666
23634,175.8737065123102
23635,123.5070520604447
23636,50.36687060130653
23637,57.35016071380923
23638,318.5008793921116
23639,347.3915165904473
23640,72.38895638806434
23641,201.2386691847688
23642,97.82631624285129
23643,387.2846332854324
23644,227.62844894025494
23645,488.8510146236205
23646,336.97015348898924
23647,397.6692751194515
23648,500.0
23649,136.68908718695286
23650,57.57376109940587
23651,169.61540153924932
23652,199.54995239759634
23653,463.46495388270364
23654,117.372680712152
23655,96.70488348829228
23656,500.0
23657,493.98940608569194
23658,329.0712456075863
23659,433.2306880751221
23660,108.58412614026186
23661,61.995507792680485
23662,118.38835699660454
23663,105.59956095404615
23664,322.43959044215075
23665,499.42622341604147
23666,96.13881253018798
23667,499.7648960517592
23668,298.45634866597607
23669,63.37964606328325
23670,389.42026000952507
23671,61.9968531339848
23672,373.89692607734673
23673,498.54466988442624
23674,108.93467124664758
23675,61.73395133243833
23676,107.51043067649411
23677,61.81312049782342
23678,178.41309006649692
23679,183.04400419358475
23680,457.64718260074403
23681,64.40963362958618
23682,361.57817370483406
23683,498.7950243289778
23684,448.1551483639232
23685,123.19649210016908
23686,176.67334951596598
23687,91.5280354348694
23688,300.00049333731295
23689,295.1462436521965
23690,74.51925129507724
23691,193.07305012970454
23692,186.72377112424218
23693,47.68399813463333
23694,362.1550342506776
23695,339.50566498610283
23696,500.0
23697,216.88618598786286
23698,100.56981242868459
23699,461.8620103593844
23700,496.60845733948656
23701,344.56135230869785
23702,57.58371346522125
23703,214.13175106179332
23704,337.3679048407321
23705,444.69957114303645
23706,456.91486619866225
23707,428.5605685854672
23708,141.69075221891867
23709,500.0
23710,267.6326663666005
23711,188.83917136479874
23712,58.220421296857594
23713,115.44205732254784
23714,403.8448915490219
23715,115.35105984292197
23716,61.21467336588902
23717,268.5518314468019
23718,330.38636243114394
23719,499.3988107041429
23720,499.863766399787
23721,107.4663493936622
23722,59.493266796820016
23723,326.7580248035385
23724,408.34123452939025
23725,494.0485881383205
23726,500.0
23727,192.51609606600087
23728,464.66934919351354
23729,500.0
23730,141.54687496013506
23731,188.24010292564324
23732,454.16305613474117
23733,57.81878119382748
23734,463.050266268266
23735,500.0
23736,68.64358838345807
23737,494.9855484159608
23738,349.69140574931964
23739,434.6121990722878
23740,46.29972014861297
23741,58.22609956099531
23742,157.39140290532492
23743,123.05949215736416
23744,455.1823089458875
23745,499.72176336778205
23746,186.6092299800983
23747,472.78284042825805
23748,191.7405018015212
23749,77.61098773592492
23750,126.15804927828611
23751,466.17081508493686
23752,328.6749185390564
23753,334.2532743919196
23754,67.57805333903525
23755,148.60494186487244
23756,67.69539651440805
23757,492.329074100717
23758,445.8121086146501
23759,336.9612145051034
23760,492.69391582348703
23761,424.814666882829
23762,455.588366024621
23763,62.604641620501496
23764,257.24418497465774
23765,288.5147875857625
23766,51.54762467524631
23767,57.37348478985818
23768,348.91546323203704
23769,131.66808111095645
23770,333.26930565738684
23771,248.0145927255877
23772,71.80412208270516
23773,73.3200766061579
23774,107.10517860078275
23775,107.28282664457107
23776,464.0816681821709
23777,175.4720696528041
23778,183.64032696676918
23779,122.56310126675656
23780,61.50925418003624
23781,110.85635916658694
23782,159.89528043270053
23783,498.807381597284
23784,73.51427910068941
23785,180.3196954073162
23786,167.2117695189213
23787,112.6489862840977
23788,79.52738927251548
23789,116.54027436840401
23790,97.73960032062288
23791,101.69038934071058
23792,151.3332715444254
23793,50.05276014231407
23794,499.67269126506733
23795,475.7774448538486
23796,69.7996618501939
23797,243.4669591343623
23798,492.0085529381817
23799,53.64002596775167
23800,134.25731885935
23801,108.34788018308541
23802,448.08393678543933
23803,496.8906450240169
23804,500.0
23805,143.08009972137538
23806,302.83362711250174
23807,50.98957133096428
23808,68.24345492485865
23809,76.77960278466588
23810,111.98433640185145
23811,110.11605534763555
23812,497.82440820851934
23813,499.7457320740698
23814,55.870496170693755
23815,454.5766711879188
23816,57.28592250741788
23817,488.8259511366856
23818,132.49162563332828
23819,74.50697522411349
23820,161.656589481698
23821,77.69799517494593
23822,499.6681302310545
23823,455.1926254935524
23824,65.4416131121167
23825,90.6480375494618
23826,447.6392184173475
23827,435.37358351326776
23828,340.4777350914785
23829,361.5465934294963
23830,164.85471873929382
23831,496.6429551544247
23832,499.54921892427876
23833,57.798751636643374
23834,159.2523275353727
23835,58.61070965781352
23836,218.72977673692327
23837,63.19020798446411
23838,129.45337091946843
23839,493.8882253462617
23840,271.50736397840745
23841,208.52701664373592
23842,57.694829775531204
23843,126.46298141682189
23844,500.0
23845,52.83868902758037
23846,106.94894096968625
23847,108.5026146425432
23848,484.10111537321154
23849,69.24433289023031
23850,143.36898477654216
23851,50.77030554519351
23852,70.16117761773526
23853,483.12079883119867
23854,144.3434657053844
23855,58.76422029824613
23856,500.0
23857,193.68649346178776
23858,120.62640744618665
23859,75.55299209388994
23860,109.28190715197681
23861,335.21593172477765
23862,122.5919478841231
23863,499.3044462364793
23864,49.314938752546865
23865,142.75632699861515
23866,410.2854517358021
23867,324.2306296149305
23868,330.4663663689519
23869,63.436003230462056
23870,70.70961391115128
23871,464.47245017477275
23872,206.26786909674914
23873,145.64705956908915
23874,179.48698044712353
23875,499.7927992939589
23876,279.5384386906634
23877,77.09855629561827
23878,204.44037112698604
23879,494.577786566746
23880,213.50765172050987
23881,327.06418464767756
23882,297.6245807334983
23883,103.21700211686456
23884,142.59818883580084
23885,46.37145507342555
23886,299.4609506861041
23887,146.8944922703783
23888,59.32757248036842
23889,57.94684596974019
23890,51.846953791482896
23891,469.23806114376396
23892,68.46908135896612
23893,60.29433338768258
23894,122.93210989854225
23895,449.4256499714399
23896,58.91044962032868
23897,50.19521687444653
23898,499.0810368388324
23899,56.35607048018443
23900,132.64307320189616
23901,210.42830278433956
23902,500.0
23903,326.36323581776725
23904,499.17843454103206
23905,52.03580946538453
23906,94.67413175045415
23907,327.5972493475769
23908,192.33069697918975
23909,181.2677648010992
23910,55.670092560726346
23911,495.5551752950679
23912,127.47976451128712
23913,499.98270765883535
23914,117.85737493847715
23915,497.0631997579666
23916,445.95559736487246
23917,86.52751270773064
23918,484.81568050277383
23919,500.0
23920,57.779256479653334
23921,473.7266301638045
23922,145.09885036966602
23923,498.7171503727119
23924,119.33340726204668
23925,51.34556045200284
23926,423.8678061526957
23927,54.77075860461089
23928,127.56771264688552
23929,325.6703035064652
23930,500.0
23931,443.7905029172726
23932,121.79963359104347
23933,259.487605874493
23934,65.12550640289142
23935,170.82677128955697
23936,497.34975358263546
23937,154.92033544673924
23938,477.39694105584863
23939,133.72409374599147
23940,71.9728408566771
23941,50.39779524066689
23942,500.0
23943,341.07025219013576
23944,467.9673855000963
23945,49.1672702183484
23946,500.0
23947,459.50538851048657
23948,500.0
23949,497.5243939420138
23950,336.7103257624526
23951,260.9291110249675
23952,193.74507909255698
23953,499.7279366860746
23954,336.9541338765122
23955,285.72848323241374
23956,188.03760497269914
23957,499.82675613398413
23958,500.0
23959,66.46352008833128
23960,474.37487154564815
23961,406.4312376823564
23962,344.6974275927429
23963,497.0957932439437
23964,59.307417944723525
23965,114.37666671754263
23966,52.000682862214575
23967,200.547289697383
23968,85.3160623602033
23969,500.0
23970,446.6894764718507
23971,254.65039226139504
23972,69.69526406968797
23973,496.1236530364
23974,499.12940833958953
23975,411.0551655099931
23976,348.3835387487424
23977,97.13812095369681
23978,158.1174001819553
23979,130.01311751494939
23980,50.585478356155846
23981,113.27689781788953
23982,52.732742071735075
23983,206.6596135972934
23984,337.6791601764233
23985,51.194265253054155
23986,443.8271859560872
23987,45.11856687131541
23988,55.35877494848117
23989,500.0
23990,330.99200691303804
23991,458.07665695322896
23992,471.72533923369065
23993,317.70724270242147
23994,497.52703813566575
23995,498.6737481843927
23996,353.2425862288263
23997,85.57305795124208
23998,59.13171611376154
23999,312.703977771821
24000,70.8477578979023
24001,499.32375900093564
24002,97.44756984847996
24003,500.0
24004,197.7033052541397
24005,97.04121755220521
24006,497.3981628927643
24007,209.5595102507844
24008,61.10096001279934
24009,338.335308913426
24010,500.0
24011,127.56168732274173
24012,56.98545041065029
24013,333.48333110574663
24014,154.0619552285811
24015,291.36681447716876
24016,63.84459377498043
24017,500.0
24018,75.09321980283487
24019,499.95495900408054
24020,109.33279359471588
24021,76.43002230375825
24022,66.83028276725736
24023,490.3266850036979
24024,71.33594921449485
24025,63.31570602761273
24026,444.775841049507
24027,500.0
24028,421.69657901340713
24029,54.29995838462255
24030,499.9796118721845
24031,65.29762322846058
24032,499.54411782534294
24033,498.7470482248464
24034,56.03739945478917
24035,500.0
24036,148.09813947286915
24037,58.010903585446506
24038,328.728499652889
24039,407.66277109063947
24040,407.47430587675825
24041,114.55684503988039
24042,66.26327003770096
24043,69.40693648709086
24044,309.1441120116963
24045,98.23359612732787
24046,184.5334862673609
24047,183.6902377682185
24048,500.0
24049,479.79986714418743
24050,52.52623956407848
24051,51.351606899270784
24052,97.69741773127046
24053,55.13753058116707
24054,74.46805376925559
24055,113.37696899014063
24056,204.13807223202411
24057,85.31399965880706
24058,499.5336608701809
24059,182.21934909773256
24060,76.27103969097651
24061,59.3761348661553
24062,49.07160088532597
24063,327.4560589134609
24064,344.52114310636915
24065,134.76156394180026
24066,71.01097896278763
24067,52.10043811975332
24068,490.44769982548326
24069,186.55163208536686
24070,244.84229669654883
24071,60.59636267964781
24072,226.17842210349582
24073,496.9565729959306
24074,59.92048082977712
24075,468.22879106758285
24076,429.2804833246322
24077,67.78762408866154
24078,101.50320994490741
24079,430.9461186712479
24080,159.08516824086638
24081,498.0533333879229
24082,470.25684978498305
24083,57.99971081519047
24084,447.1335645078638
24085,276.517877430101
24086,487.21002403625573
24087,495.95045748737687
24088,487.27821228738674
24089,264.3655592688982
24090,267.89062558917016
24091,146.1615757204305
24092,490.16569661028075
24093,165.32462418470007
24094,82.09447248601525
24095,500.0
24096,500.0
24097,184.65192238702963
24098,71.59457575265
24099,285.88035846120465
24100,217.28723283691005
24101,92.25398901944862
24102,129.39725580079477
24103,321.7023369627615
24104,107.87488611197566
24105,428.3085201437067
24106,119.19598395119468
24107,178.07013663500675
24108,170.57598773746392
24109,220.73883410857366
24110,393.78454698673875
24111,166.42974182275933
24112,61.93763674974069
24113,178.0579463649465
24114,118.88705359644932
24115,78.53873435373455
24116,500.0
24117,145.27749472552028
24118,498.14099446528155
24119,68.21348549446833
24120,188.3109662870392
24121,72.8071720553211
24122,495.99960660735485
24123,498.73189959771696
24124,124.4250287256381
24125,130.78212153087492
24126,500.0
24127,52.600013497555246
24128,470.41121995413596
24129,453.5022860582653
24130,60.30487239711134
24131,277.4696604305888
24132,491.09876528220366
24133,315.17095362828917
24134,115.73401370868149
24135,500.0
24136,48.46744648967531
24137,500.0
24138,52.39395561599889
24139,122.36824169525097
24140,489.8374937104463
24141,450.5525456905656
24142,410.1428473628167
24143,101.83735726152227
24144,210.80734349639857
24145,69.67392805035749
24146,304.21409555977414
24147,161.78524591562137
24148,490.4381047178101
24149,275.74417636383487
24150,72.74684968743757
24151,278.5487764528793
24152,333.1615903475027
24153,111.69357680506477
24154,206.63310708311718
24155,222.5461043438853
24156,177.744964015982
24157,122.65038263239671
24158,103.40687264761132
24159,274.5946425949016
24160,493.5926505283919
24161,297.04079264601506
24162,69.75095131885207
24163,93.70809538958198
24164,151.91255337502298
24165,491.61696436164743
24166,371.6216420276672
24167,285.80865905093344
24168,105.27109375991384
24169,100.79456973976639
24170,165.7264496655215
24171,75.72069916634275
24172,500.0
24173,399.04061159393416
24174,68.74251252153059
24175,495.3410679278061
24176,429.23195822604293
24177,60.427319352799
24178,194.88563776355343
24179,170.20201373405217
24180,475.5951961007098
24181,71.9617814688115
24182,112.4423747812308
24183,67.81997810696674
24184,333.92822749864513
24185,138.1946919056803
24186,58.04597832113229
24187,500.0
24188,499.39295144309426
24189,111.58496349043142
24190,50.51136583507707
24191,254.10527961062803
24192,462.0278262307388
24193,500.0
24194,103.66645419265416
24195,410.48941820382845
24196,460.0900804756985
24197,87.43362869647667
24198,499.94611051733733
24199,371.35325033006774
24200,149.6683959120459
24201,116.53061828803934
24202,214.40902020324876
24203,500.0
24204,437.70593240448954
24205,500.0
24206,498.91250641779754
24207,285.9408007416039
24208,120.9890000836156
24209,498.44242448288946
24210,493.4065049377341
24211,500.0
24212,244.19626524579002
24213,91.89070627902738
24214,433.6843978698737
24215,490.8573662866835
24216,448.7095120093112
24217,78.1145472662917
24218,497.8248636343018
24219,130.5984002628876
24220,168.81368954512763
24221,113.51031604713322
24222,86.24481701734389
24223,416.0437606732436
24224,316.21721673664797
24225,479.0980817176576
24226,499.02112116032714
24227,126.45198749481806
24228,58.085623668670785
24229,64.19383005907359
24230,417.3126726750812
24231,334.58535973128977
24232,352.6538140449463
24233,144.6592796303642
24234,491.88176891748407
24235,500.0
24236,113.09878774523949
24237,402.95891969942613
24238,270.39037912001925
24239,353.27898756670925
24240,133.99195756791823
24241,138.985577642492
24242,54.95577017060118
24243,55.61177032072361
24244,304.3663057812613
24245,500.0
24246,75.20706403251205
24247,171.13586241904667
24248,53.230267425332556
24249,498.5521464461074
24250,61.88641995650886
24251,342.3460227060178
24252,165.0316166613116
24253,65.55115159663036
24254,269.15701192729097
24255,491.1711817071077
24256,83.05306133063633
24257,258.2896885871407
24258,70.79241863893093
24259,429.7872826630746
24260,107.39987113895904
24261,460.06262720761225
24262,345.9431638044037
24263,198.20587051070467
24264,331.01518386783636
24265,206.67732092398643
24266,103.03227458018159
24267,499.93198819091174
24268,183.543810434181
24269,58.306616266086735
24270,146.16816327515087
24271,499.0104196302138
24272,121.4243202678141
24273,296.2933928295381
24274,500.0
24275,155.9621976263349
24276,500.0
24277,381.29499665211665
24278,100.95892378779911
24279,72.99662605285552
24280,72.28651249613598
24281,456.7393874971814
24282,499.41499174745354
24283,108.2994524851546
24284,450.43375500029606
24285,56.28874159097366
24286,72.42864098922402
24287,53.35641766845454
24288,300.5201946777406
24289,344.50393297420146
24290,499.7973231323864
24291,85.27338158826149
24292,322.17402688739196
24293,500.0
24294,96.03804370761753
24295,480.6107238173789
24296,466.28471089355503
24297,495.0694360612175
24298,156.54255430920225
24299,118.68184251188325
24300,497.6215037698977
24301,68.73641967722908
24302,499.5858708454335
24303,478.8180130252001
24304,500.0
24305,410.5553811977582
24306,500.0
24307,73.74908859250841
24308,143.14081971115934
24309,499.7617634615145
24310,382.86255869199545
24311,500.0
24312,338.80290165061103
24313,499.9988950742131
24314,495.2882206268178
24315,210.1572224318326
24316,121.54303470937866
24317,443.81046223232613
24318,191.90339661000024
24319,485.7576553526571
24320,53.359461684528505
24321,144.57502616959246
24322,104.29957969066615
24323,118.54507558660214
24324,469.0279772704888
24325,55.98373063156877
24326,188.5335455857638
24327,348.5207286237712
24328,500.0
24329,444.00591650328533
24330,73.72501039945405
24331,82.66749204106789
24332,412.2621305533744
24333,191.51363010689158
24334,94.69790788522204
24335,498.43761756243356
24336,498.6108797262454
24337,174.80194437304277
24338,71.58104778863344
24339,145.82250217010025
24340,140.76968633710712
24341,195.5937238745825
24342,495.53331683687276
24343,464.3011806117749
24344,500.0
24345,500.0
24346,500.0
24347,499.65367820334893
24348,499.84113146386017
24349,122.68114274267894
24350,210.89161425430933
24351,347.8587127620674
24352,113.4246365357416
24353,125.6351570188755
24354,61.81265694041653
24355,123.06279716085854
24356,500.0
24357,247.26240255872045
24358,69.54190537780762
24359,456.1741306221105
24360,68.31324974458295
24361,494.105387733587
24362,336.0538745349761
24363,250.28447332264386
24364,187.15916072336267
24365,170.99759511841157
24366,399.35253319156686
24367,68.80785502407922
24368,165.12540045740667
24369,343.09792596347995
24370,62.14509953533292
24371,243.42656093934124
24372,246.50468547000878
24373,146.35806718327655
24374,498.55635049680393
24375,473.96924233312564
24376,61.834987171616376
24377,392.0624343943756
24378,53.70488529489053
24379,125.29381371046674
24380,500.0
24381,499.3212561564127
24382,57.44816620907683
24383,166.01346931631306
24384,162.06812675873948
24385,102.9412448100409
24386,68.55336367002977
24387,51.04351193388277
24388,481.7174766311065
24389,197.11175022992168
24390,356.63348787092934
24391,496.14426589151833
24392,480.5284228480177
24393,499.08389303170793
24394,487.36717268609846
24395,124.63422238849455
24396,397.14900777615475
24397,494.53599096473374
24398,435.106278201917
24399,358.88124924001613
24400,127.22290963187068
24401,284.6143434602753
24402,499.0748632861268
24403,137.29427506988495
24404,472.9323661075539
24405,302.4591799798081
24406,72.59177903691192
24407,318.68496202658184
24408,497.62983333968793
24409,57.84054038874031
24410,500.0
24411,496.8648912755001
24412,64.7503694170395
24413,108.97035807484559
24414,61.43293719625974
24415,189.03601536286425
24416,320.4267812225372
24417,224.61510741123328
24418,271.9319974429418
24419,438.8695589261119
24420,275.5063563614683
24421,497.3181935037419
24422,251.2249353155749
24423,468.22598628111086
24424,114.15573590479573
24425,455.7362566204462
24426,478.7324068493511
24427,367.1788086734917
24428,423.2873895172755
24429,52.290031998690395
24430,113.0245968340293
24431,79.38519283699794
24432,328.1960965235987
24433,500.0
24434,100.12981096682844
24435,108.56842683526924
24436,175.88633663019547
24437,494.74571939788893
24438,276.568693882631
24439,474.332078494718
24440,175.8297763382162
24441,142.6141778459995
24442,176.1038432059503
24443,153.65774991857674
24444,359.3589359713158
24445,148.35314054383662
24446,53.49469400687579
24447,55.24120462950348
24448,500.0
24449,109.12814436630266
24450,155.86240362958878
24451,497.46988341703036
24452,451.8781036395304
24453,315.19812290975136
24454,77.59417641981861
24455,410.7087845983791
24456,452.44696307915547
24457,183.00228054811444
24458,277.853106963761
24459,268.6544413752753
24460,297.3334722026734
24461,167.72740091500876
24462,66.72934688148017
24463,308.6182952786876
24464,90.81385809775824
24465,500.0
24466,292.6186425056942
24467,490.3222455273043
24468,94.29308580984616
24469,499.1345632181085
24470,106.08868252810083
24471,75.56805631503136
24472,192.3798176258732
24473,54.977766623303594
24474,500.0
24475,198.1504675723747
24476,154.42099818874993
24477,412.69678376060756
24478,372.7419969665943
24479,491.5612281542674
24480,98.87290963897843
24481,197.08703627679074
24482,115.90640040105629
24483,134.504983307322
24484,373.89983102842683
24485,425.51814821683627
24486,335.5311162688542
24487,51.28896559128661
24488,476.9621230155883
24489,58.76056927735632
24490,98.16118206717714
24491,54.90931624713831
24492,500.0
24493,421.94108787077835
24494,470.0466442196514
24495,122.56404152758924
24496,117.49102416894412
24497,498.63354177474764
24498,57.091995114110304
24499,210.9767388186603
24500,438.0042619104273
24501,75.66665495533175
24502,59.705684415996444
24503,427.9049559398376
24504,60.477454337382525
24505,442.5349391583858
24506,411.5441147668705
24507,455.02494077317124
24508,497.8376178881428
24509,461.7566636253593
24510,277.57606299915983
24511,166.65868480207553
24512,458.8281814333245
24513,172.59098535922334
24514,256.96031851331253
24515,53.66592796906546
24516,466.9257063514164
24517,104.08706191996127
24518,59.333785795666714
24519,500.0
24520,500.0
24521,85.0615663005043
24522,70.38751165170352
24523,361.16300063484414
24524,183.73346466851012
24525,200.38880484342332
24526,186.0838713036571
24527,389.0341199340272
24528,499.79960683370075
24529,472.20642970718734
24530,165.6034242276687
24531,231.46864123027373
24532,392.6295525665771
24533,343.1834170920937
24534,206.96260152676868
24535,248.8677850330181
24536,54.00950806666947
24537,173.84066099685145
24538,493.8061769338295
24539,70.05986385272806
24540,114.56220922201788
24541,75.10347674969924
24542,500.0
24543,216.3270624349292
24544,57.72365280296606
24545,215.148638577398
24546,353.659835473318
24547,110.2841512412978
24548,191.9630382080975
24549,104.07366961268607
24550,346.566353251433
24551,108.87879754947
24552,464.05951433810515
24553,499.35240551279605
24554,108.24168766617905
24555,481.6829390289309
24556,500.0
24557,194.42117470094936
24558,471.19246757425435
24559,253.8546132464137
24560,139.98280255995047
24561,180.67271246365203
24562,422.7531253062223
24563,110.88540642269473
24564,152.31605963750255
24565,198.33271547547827
24566,449.2491227425936
24567,58.26004690532061
24568,118.58428514914752
24569,76.16190610151875
24570,493.3680635841604
24571,107.45841186690443
24572,74.4418531793999
24573,59.391760747461134
24574,79.5935193780288
24575,60.58702016417461
24576,52.79930693293352
24577,457.7688580919845
24578,499.5817055069548
24579,443.0398154790744
24580,59.55739394872063
24581,495.44691431395046
24582,61.35992106266745
24583,74.03548446998886
24584,284.7164588856078
24585,500.0
24586,45.367716629529475
24587,97.69624032097319
24588,500.0
24589,494.9084818910827
24590,200.7205400005472
24591,98.71789650765297
24592,438.43287516011776
24593,62.02084434444532
24594,486.28441400850073
24595,52.490366182792684
24596,123.69711557275099
24597,50.346054216707486
24598,57.36541768623986
24599,112.20169159760087
24600,52.4092869724945
24601,62.02539631852221
24602,125.23341323968344
24603,463.961583167767
24604,162.2293324596991
24605,70.96357624961516
24606,74.63426787076972
24607,499.8916964793966
24608,250.53699982143092
24609,500.0
24610,120.50472988664268
24611,329.4174470797011
24612,388.95884477680465
24613,434.3575180976733
24614,73.77952897454057
24615,112.67040534410532
24616,379.32735997387385
24617,156.9657694501568
24618,500.0
24619,141.74657064550937
24620,211.17366925493405
24621,309.244135019977
24622,432.24437125068516
24623,493.21417641815594
24624,369.56690552623223
24625,499.2197763235108
24626,499.5715579878614
24627,263.39606018247247
24628,227.58505158994467
24629,61.94754309580055
24630,359.8810792081127
24631,385.90446390046446
24632,128.70009723299103
24633,147.91078227859714
24634,500.0
24635,500.0
24636,114.30016293474085
24637,497.4880114394498
24638,331.6500203583041
24639,58.20189603058581
24640,59.54972944983449
24641,53.55533295623542
24642,208.51949183325314
24643,333.61231307717543
24644,399.61960437640954
24645,153.37305458485696
24646,499.8137802117045
24647,53.42862842252144
24648,75.08877392661664
24649,486.3183987478541
24650,439.3775502780067
24651,127.63564530316262
24652,54.98786771693581
24653,498.7423614548344
24654,474.4724521764286
24655,121.69675897740399
24656,48.92156845063799
24657,142.30151636791595
24658,500.0
24659,500.0
24660,53.91415228445986
24661,63.17500177290678
24662,100.22825919692798
24663,59.05565365157804
24664,497.81442308637565
24665,199.05792899970072
24666,102.82342867404472
24667,111.99165934860147
24668,490.3078657272389
24669,146.5999815345818
24670,455.41958725664233
24671,69.3049772209252
24672,177.5260087323991
24673,268.22896208451147
24674,491.1252511526768
24675,155.93117528698758
24676,115.61789051218157
24677,93.28374193592396
24678,500.0
24679,151.27916051191076
24680,500.0
24681,76.34542169290194
24682,60.82207346525563
24683,102.48544430348664
24684,476.284876601717
24685,91.86389599751047
24686,496.1899053345051
24687,247.49803314742036
24688,123.95793773982592
24689,299.89224371713306
24690,348.1763807569331
24691,68.73252933863374
24692,73.19729331765903
24693,152.073839418882
24694,388.29901687442424
24695,68.27198147899918
24696,500.0
24697,59.52183662312778
24698,500.0
24699,112.38876944199595
24700,57.97286108271128
24701,456.29773017121477
24702,102.61215754430125
24703,394.98163782849247
24704,48.99031314449944
24705,402.91845727748955
24706,499.3756542614037
24707,152.75740095156095
24708,50.76457014557721
24709,301.245044249261
24710,93.00185498909354
24711,109.15726892950619
24712,489.4794146384789
24713,56.14513279695146
24714,440.8097173522201
24715,190.29069678304967
24716,500.0
24717,482.83908941229504
24718,497.96897912759226
24719,247.83899743947256
24720,500.0
24721,116.70043296638187
24722,45.85838914633467
24723,118.0850831086095
24724,402.1786219830779
24725,499.5888624643717
24726,104.48040710079684
24727,299.82905521765747
24728,499.73132153937865
24729,61.046034794827904
24730,102.64988144690258
24731,133.64277951901877
24732,395.22643536901387
24733,70.35747530706468
24734,363.0745135266319
24735,54.46367924525953
24736,500.0
24737,265.26760156470567
24738,425.3494014374536
24739,58.67761315644576
24740,144.2948003665419
24741,500.0
24742,139.15150020074094
24743,499.0956624656032
24744,84.53389160752613
24745,260.0141334954085
24746,478.2703767626458
24747,58.492674821893665
24748,342.9707524380051
24749,129.34909796196922
24750,63.597617333699205
24751,160.98823959392092
24752,222.70242728615474
24753,60.14151309804076
24754,500.0
24755,240.19595045925095
24756,103.71412340671759
24757,259.80498552870586
24758,59.03916444336157
24759,484.2081757042514
24760,108.55065110409593
24761,468.6036129969805
24762,200.0309538329447
24763,435.9874997845345
24764,138.97053155807944
24765,340.5531435124216
24766,56.105848044508214
24767,250.9046562133018
24768,497.78754969410267
24769,270.0065540517555
24770,124.72929847650445
24771,70.45522321155683
24772,133.47879131192178
24773,339.15862419819604
24774,435.35439119258814
24775,54.71860727871146
24776,269.86667325913487
24777,72.71803559400155
24778,215.45986578338315
24779,342.01584754706454
24780,498.5374812606584
24781,480.38421602805704
24782,115.01746400686079
24783,500.0
24784,141.1212895530631
24785,73.22857924264716
24786,137.401336372391
24787,165.89104683555746
24788,58.68143984066936
24789,76.24771855067732
24790,500.0
24791,410.5202112990411
24792,247.1549427737101
24793,439.26936273939896
24794,184.36891080697066
24795,185.04570393623194
24796,500.0
24797,47.16411434210901
24798,188.50274076271288
24799,60.0672442292044
24800,172.29389584363253
24801,491.96781062128605
24802,303.0480945187325
24803,162.735422850107
24804,285.70894989352445
24805,441.9720409760203
24806,500.0
24807,343.95569619411077
24808,110.62241550687082
24809,61.725027712584684
24810,496.6594552523285
24811,112.91124553266576
24812,68.84245482195364
24813,499.02746147582684
24814,500.0
24815,498.3466771995295
24816,202.0186896725504
24817,123.6806342424878
24818,61.78617749693759
24819,332.7314179290803
24820,490.4278972988749
24821,72.23536474749844
24822,57.639853630762815
24823,488.5083062799711
24824,121.20498431813239
24825,50.50078359345178
24826,500.0
24827,498.80810376682274
24828,479.2584931808531
24829,106.12135927419101
24830,497.30544537956985
24831,124.80003373938044
24832,93.57978677251778
24833,424.8671553127906
24834,142.60144687580205
24835,411.9895163517291
24836,46.8043813266683
24837,495.1315444964704
24838,64.64766668538053
24839,100.57558067749105
24840,188.02686263298284
24841,178.63844506961107
24842,499.7695992776338
24843,495.7089457411763
24844,388.63263780272007
24845,107.00198486064889
24846,327.09859191705027
24847,122.75174979307236
24848,284.8355795045407
24849,69.01451282790653
24850,289.05587986361627
24851,191.77700386495925
24852,48.94673706054509
24853,116.53707038259112
24854,91.37154380315721
24855,481.08561114920695
24856,179.1568538106548
24857,465.9583670871955
24858,105.68750118167601
24859,175.87783947795538
24860,118.00386102170526
24861,500.0
24862,95.56682515640341
24863,52.97455729495507
24864,201.35635688112342
24865,85.79301593430553
24866,113.88678255282508
24867,131.94873291587604
24868,112.638246260246
24869,448.0164622368615
24870,496.9198229884337
24871,156.4369403087649
24872,149.84839382223467
24873,418.63776302405023
24874,473.59577539841837
24875,54.10719786354696
24876,63.62363038685535
24877,188.10745071200398
24878,499.1175536727642
24879,339.73696523153245
24880,500.0
24881,151.79366483127146
24882,104.39350855738758
24883,258.10760427790103
24884,331.7579996013635
24885,500.0
24886,333.36934777105165
24887,217.854312217643
24888,496.1948041333657
24889,406.16026757293594
24890,500.0
24891,460.00284497564223
24892,306.42531162272655
24893,280.9357947487456
24894,464.8257178302883
24895,58.03855975145786
24896,189.4425522209264
24897,52.241112699593955
24898,396.34718524609946
24899,499.1067055081352
24900,496.0396984371381
24901,105.51328926682366
24902,116.82582980404064
24903,479.9900637511975
24904,459.42577883587796
24905,411.17659716190974
24906,463.5542484380626
24907,57.96693604446482
24908,321.1367379901657
24909,499.0940165200286
24910,227.00023146754395
24911,107.2169252845982
24912,54.06619189683259
24913,419.45104466749956
24914,436.2419435757987
24915,72.6261749046414
24916,174.64594664994456
24917,123.2473024851319
24918,103.52025842976644
24919,448.0108373348342
24920,116.59500406150624
24921,356.46580894409664
24922,197.63522375473846
24923,58.053159140081775
24924,59.1065269492849
24925,500.0
24926,500.0
24927,495.48683609246325
24928,349.28959277279426
24929,495.5585829252953
24930,57.65219781380388
24931,147.90255902617798
24932,403.56941680663095
24933,52.79867324548124
24934,101.45956831124604
24935,256.0014206262717
24936,458.5399816997484
24937,434.6639141692142
24938,500.0
24939,500.0
24940,277.1251344211661
24941,120.29733400387144
24942,293.77563714838186
24943,349.2721292834268
24944,209.29628282152586
24945,500.0
24946,498.6553372741604
24947,490.28325092141296
24948,315.2003884839387
24949,134.6493312607048
24950,457.79648183838344
24951,323.7236913268729
24952,61.848412754074005
24953,58.29793238395884
24954,172.16813344574223
24955,113.53767195675688
24956,489.5587465480547
24957,53.54902107932535
24958,442.1446349808191
24959,349.2901788760452
24960,479.8327422184618
24961,226.74604572644347
24962,201.25794558270297
24963,70.00216634420981
24964,495.1773240111787
24965,468.78340308194254
24966,306.6914666936708
24967,184.90441066916324
24968,75.47241535463795
24969,55.514052666682105
24970,148.04572700207035
24971,80.08909117596974
24972,354.5986824059613
24973,53.29400431280023
24974,53.70106467522452
24975,483.8830588181243
24976,125.7035528227519
24977,117.022043587789
24978,58.80770435416318
24979,472.3239956676888
24980,274.1770478415756
24981,482.3802023747929
24982,78.32247771779761
24983,272.7726381255452
24984,350.87044096026455
24985,47.56054709042263
24986,446.6679824361794
24987,105.69385725326333
24988,69.42053124558257
24989,108.24657983542272
24990,492.9437212955527
24991,337.63481898434185
24992,56.54993670126345
24993,135.69817551135446
24994,246.4229604168081
24995,53.366029826780576
24996,155.74919517878732
24997,124.66976076145386
24998,153.49137025676228
24999,56.914229908936704
25000,104.97843950182074
25001,56.5217185536094
25002,427.4891934697405
25003,162.69459894072224
25004,500.0
25005,270.50010759859094
25006,149.91379612403483
25007,460.68204080431565
25008,170.42701357849853
25009,351.6200429159643
25010,122.47876300798492
25011,56.850052457035986
25012,499.5391332356613
25013,72.0260810817698
25014,357.46676118520566
25015,60.41449151138487
25016,104.4539882882805
25017,190.2680548245509
25018,63.42398474777126
25019,163.70004544667393
25020,498.92934423286295
25021,239.5234421252258
25022,265.1434580923617
25023,496.89399041461013
25024,52.4345810379905
25025,71.39281691348064
25026,419.83906899096496
25027,500.0
25028,56.46896385573298
25029,423.205203080015
25030,112.04255057757672
25031,56.76078751146723
25032,178.7601638902606
25033,96.50063241011821
25034,465.7650217016344
25035,450.8687984812994
25036,499.92302316259895
25037,57.37085490382424
25038,54.30267945655836
25039,474.5676776317571
25040,50.990221374119244
25041,68.55267576977937
25042,105.3527812767772
25043,76.17400675430767
25044,212.3375266647276
25045,499.02873409819915
25046,497.26941144805454
25047,55.8682666326262
25048,158.6214960099088
25049,76.6723110965077
25050,198.12870970106204
25051,49.79756068180641
25052,277.21773825391773
25053,415.64410520750465
25054,180.47433630464587
25055,73.2745826007901
25056,52.83201363266734
25057,311.2407243375725
25058,93.34286631018406
25059,389.36996903205494
25060,130.64066313139082
25061,418.2456321029591
25062,54.45927416482813
25063,90.02154280233961
25064,461.53455388079436
25065,71.58888597422762
25066,487.4321382601747
25067,276.4104217484802
25068,164.337101161583
25069,287.9043574377347
25070,98.63857360486585
25071,405.8744482017878
25072,499.5437819431309
25073,152.76693897372866
25074,79.79394964472128
25075,500.0
25076,498.4827512232866
25077,57.03858121513065
25078,496.9133515446674
25079,245.1420477180553
25080,244.92026344750096
25081,69.22979690156814
25082,497.6506232436926
25083,208.34064452939708
25084,500.0
25085,343.89671262626507
25086,462.1789343454674
25087,495.3669048278921
25088,294.3782037039257
25089,156.1650894466311
25090,89.07293991763677
25091,49.94211528244808
25092,438.82454713650753
25093,61.934170898369175
25094,274.16650211569277
25095,331.57144115571106
25096,63.581334695411286
25097,418.9206638294953
25098,193.85243932832225
25099,143.4086090628331
25100,120.10913263063074
25101,49.06300036217141
25102,53.680913191421865
25103,338.62601308484204
25104,73.23008326975705
25105,71.95872006453237
25106,496.40128896632797
25107,61.2385822553035
25108,194.3957530409249
25109,381.8887315819953
25110,98.34344822145755
25111,127.1582913485334
25112,174.21376732634675
25113,72.0088509330622
25114,437.8778063479055
25115,472.39504082785083
25116,498.76973451947697
25117,79.27974186349454
25118,74.77104689201168
25119,82.89366681665066
25120,500.0
25121,296.5623443525789
25122,72.94121731380852
25123,71.07676393764716
25124,482.89003115503107
25125,58.46921036685548
25126,48.23327984516736
25127,311.875883110609
25128,434.70502842925674
25129,51.739945423378884
25130,120.30166918820535
25131,459.83317121925313
25132,54.293289021618236
25133,53.168386930294375
25134,498.9488167903969
25135,469.0872835597813
25136,56.565085406188764
25137,195.26777775850042
25138,500.0
25139,114.96724075519262
25140,104.75518126450856
25141,92.40970876202321
25142,59.79066107531288
25143,457.4001502480285
25144,500.0
25145,283.4179647912921
25146,104.459179413351
25147,119.83311315633657
25148,278.0934376748909
25149,377.56990711961373
25150,73.88573203227205
25151,110.40190772486362
25152,388.9788511360466
25153,204.01618500288902
25154,500.0
25155,308.6016362940294
25156,158.16087109822593
25157,104.24199730239911
25158,330.835164818639
25159,500.0
25160,456.31675392824354
25161,59.44546736886046
25162,105.87288799638864
25163,71.93184390878369
25164,99.54501304548455
25165,147.01906566646494
25166,413.93569374034837
25167,382.1449060118297
25168,462.2604015956121
25169,55.759485284739725
25170,500.0
25171,334.135047618685
25172,98.79737552184196
25173,77.08237019498516
25174,252.36152175418744
25175,311.24465721326067
25176,324.135570527475
25177,498.7817362034681
25178,73.83355434581652
25179,67.02556118070208
25180,186.28503938601597
25181,79.54422805143003
25182,152.93720286026118
25183,60.346035101880815
25184,413.2914384910073
25185,99.46202884131755
25186,424.5714254864654
25187,500.0
25188,62.6908029469034
25189,498.12272796067407
25190,103.90607341536693
25191,499.73682349408165
25192,330.412311624406
25193,62.936060814769306
25194,350.39221660389745
25195,417.868633452524
25196,274.50139212049595
25197,128.6447497746972
25198,109.93432198464502
25199,202.05232189086166
25200,263.8688086435163
25201,57.4859657240477
25202,197.15567235712524
25203,499.627607438257
25204,116.96068212340845
25205,499.32425723547163
25206,54.169904664779395
25207,353.9521358981249
25208,357.87912420219425
25209,462.8358602155539
25210,140.16707672558164
25211,114.34514278609254
25212,59.45186782297067
25213,327.3787825848541
25214,89.22725849981771
25215,283.409878327815
25216,339.7893746238061
25217,343.0833515059532
25218,358.4370607207137
25219,451.1274914010521
25220,500.0
25221,182.14801282320337
25222,139.96710961296742
25223,81.96407314720605
25224,500.0
25225,77.42696314375081
25226,500.0
25227,54.73454958747658
25228,189.26565425261245
25229,310.1232018343246
25230,146.1396131729598
25231,107.95933599641441
25232,67.60676120656667
25233,500.0
25234,341.5411898110989
25235,332.29265450841194
25236,251.95334308630783
25237,396.65452797234025
25238,53.351421832500066
25239,412.7966138133746
25240,90.74421623770579
25241,497.9422007120166
25242,126.85745210563165
25243,321.3811282327519
25244,118.07468928154759
25245,165.36586168135454
25246,406.8085846832882
25247,56.67289701267432
25248,498.51222415443044
25249,497.8242181901235
25250,472.4324852903069
25251,459.7795408088914
25252,496.47902166675954
25253,143.90521443872356
25254,55.81037427330626
25255,164.5427785270284
25256,82.42131559974742
25257,169.5117894941826
25258,143.3972395688647
25259,82.4322832579064
25260,76.95249008478294
25261,410.81936235210014
25262,499.2251637867958
25263,333.7081067889119
25264,336.38611803338085
25265,106.26444732425725
25266,423.42022580320634
25267,352.35496905500617
25268,499.7404736771272
25269,448.60696978944713
25270,276.47950241284593
25271,71.26863442733845
25272,206.34572461783938
25273,72.18612322813426
25274,178.7555744002537
25275,451.6287172266311
25276,307.8867645199242
25277,53.614670472219984
25278,73.75615072514947
25279,94.09813986925784
25280,126.92940855251254
25281,150.59849587942495
25282,500.0
25283,500.0
25284,220.28482452612388
25285,197.95054772048968
25286,56.92734517045716
25287,208.57915598717318
25288,498.69417025548023
25289,466.10581087657613
25290,481.7047668975511
25291,400.8583068417008
25292,382.7170981683553
25293,466.5835692249375
25294,120.13751144984994
25295,495.27288576799765
25296,116.60095819260818
25297,269.01934430845296
25298,43.93247039191441
25299,57.447386436205115
25300,500.0
25301,131.68689937182307
25302,290.7315473408071
25303,66.90579219105106
25304,319.1196601566451
25305,158.00019918468172
25306,321.81204208452897
25307,109.03429233938455
25308,126.26729999598808
25309,499.8065692596131
25310,416.18291144440707
25311,475.3206122745847
25312,453.33228271897667
25313,500.0
25314,500.0
25315,106.42732729050914
25316,95.64822583515458
25317,438.0331228267764
25318,151.42783568346096
25319,499.89329423684705
25320,92.16032853307004
25321,53.62958015260772
25322,264.4660664473858
25323,134.03617330305144
25324,499.1631030474617
25325,320.0545116094614
25326,61.84159835391901
25327,499.19332714524614
25328,138.47180213298674
25329,129.6750300389656
25330,109.10621970444265
25331,306.19712209550335
25332,499.02560214592194
25333,324.21879640556267
25334,355.82154473164525
25335,176.58138504096337
25336,200.94185183662427
25337,101.69402305055988
25338,198.2434863530082
25339,184.07643544142957
25340,276.91267203159896
25341,55.714605018571035
25342,491.8291798634439
25343,340.5034109157284
25344,111.80847473940622
25345,175.6895710862007
25346,500.0
25347,347.89632050978133
25348,437.4538105267352
25349,348.07596573196133
25350,499.530339579926
25351,500.0
25352,55.54174139959575
25353,492.9373261153213
25354,447.0086729309966
25355,356.0301131627908
25356,154.81506157913535
25357,476.0820720360525
25358,273.47342528062063
25359,477.464818534423
25360,58.31040918939088
25361,102.12893140902581
25362,455.13531560203154
25363,498.9768672329988
25364,477.51752956043794
25365,476.9973656817589
25366,113.63317186940927
25367,130.46367422149086
25368,303.4222671126263
25369,102.92348923707718
25370,240.09394194723166
25371,352.62782476870893
25372,496.4336227286344
25373,60.044490669103496
25374,500.0
25375,104.38122264803246
25376,294.6958655660894
25377,71.14126129104726
25378,74.03847414726172
25379,146.64555567036638
25380,67.91231757980222
25381,124.9097565317422
25382,499.8777677822458
25383,468.37358391798193
25384,440.7019433186415
25385,109.66852170552895
25386,500.0
25387,75.95550454095061
25388,216.23157640686114
25389,495.0221375380743
25390,452.7134328396526
25391,499.33851332037466
25392,470.0281877422317
25393,122.77090386914618
25394,192.55975163382783
25395,460.25360275429523
25396,253.7561368390106
25397,144.71881566377408
25398,500.0
25399,111.89137105105988
25400,58.623204442571755
25401,67.18792747729012
25402,442.69331020667755
25403,500.0
25404,498.56443585082707
25405,338.1026397301007
25406,113.99133433487154
25407,500.0
25408,312.48158163724304
25409,70.48591512710685
25410,174.10386376311976
25411,159.12518956390153
25412,493.780768073164
25413,51.020948289747125
25414,149.71892719181648
25415,397.99811437229346
25416,500.0
25417,500.0
25418,200.0336565182709
25419,54.129696424666164
25420,52.90429274054309
25421,500.0
25422,213.89953469536124
25423,500.0
25424,500.0
25425,392.46988022096434
25426,112.92811786746579
25427,454.3937299402444
25428,47.0013237509294
25429,176.1425768763948
25430,500.0
25431,209.6351150308736
25432,349.89254962468726
25433,500.0
25434,189.662402983059
25435,448.69764497493463
25436,245.91193941759678
25437,498.22743161263816
25438,135.35853476541246
25439,401.75349300513335
25440,109.43717250932798
25441,449.1503490938005
25442,492.19137853538496
25443,49.84149079772136
25444,493.80240930026594
25445,52.180836463114645
25446,63.81125302593883
25447,141.31459539943862
25448,332.9172249350761
25449,59.218037479263
25450,494.7717037188529
25451,73.24458451454649
25452,499.88994004176584
25453,51.56055589127961
25454,279.84582721633353
25455,76.12020540326826
25456,123.61151903870007
25457,305.09971655023696
25458,486.4832695862883
25459,142.35866455587038
25460,348.8543005892105
25461,500.0
25462,180.62937320857876
25463,336.62480897974353
25464,301.63476552590186
25465,429.774840150228
25466,294.82558027542143
25467,412.4635424467057
25468,459.6214539625413
25469,59.37266824525729
25470,164.21026787227538
25471,360.88472745402686
25472,497.7893412034145
25473,423.9720506716669
25474,73.64948764701006
25475,500.0
25476,495.0612182838927
25477,495.332454483736
25478,140.3891877506667
25479,500.0
25480,499.57156746189776
25481,68.58718336661988
25482,499.7256411489441
25483,59.69338751722455
25484,499.5830095634413
25485,120.76395487156648
25486,143.3725256519782
25487,58.18821156980064
25488,191.456735310508
25489,50.69105789260284
25490,87.99386711079481
25491,113.96652555243418
25492,471.1133299059539
25493,61.276902426281694
25494,167.71053307434426
25495,457.2985224306393
25496,426.5455401397383
25497,496.76982182510363
25498,48.8693379429766
25499,340.64631650884763
25500,499.7597698990089
25501,500.0
25502,498.857207641737
25503,363.29787990592473
25504,46.219308848583296
25505,500.0
25506,319.0865753470296
25507,348.5068810906823
25508,261.8785973779501
25509,76.56592850891506
25510,500.0
25511,206.75109403212122
25512,147.68881374771092
25513,197.57730455800646
25514,128.08092322407845
25515,500.0
25516,133.03104369147647
25517,478.2954440482051
25518,119.61007925622538
25519,500.0
25520,268.06813341669925
25521,62.67100979104253
25522,200.51160456443216
25523,161.8183401595774
25524,500.0
25525,500.0
25526,500.0
25527,425.2155829644844
25528,495.20845766806
25529,500.0
25530,466.8525314012642
25531,60.4526199025988
25532,499.6051410734564
25533,164.81111411064586
25534,500.0
25535,497.80716419465614
25536,95.37613197035499
25537,498.29954190065513
25538,146.5017449283826
25539,109.86179235324202
25540,71.49206740636205
25541,52.77138736974459
25542,60.23210709147165
25543,405.0273907319643
25544,492.76223826059874
25545,82.20585476224309
25546,500.0
25547,467.63432177015477
25548,104.59043853492031
25549,109.42450527049826
25550,64.25379663341877
25551,117.49571489058076
25552,500.0
25553,197.2819460507896
25554,500.0
25555,91.04788081731965
25556,499.05285492719497
25557,168.36352012964437
25558,127.42595327336608
25559,113.38110434648539
25560,361.8667230762674
25561,66.73677109137107
25562,52.11516044700826
25563,458.77328843689213
25564,178.93084525770166
25565,71.59356783547001
25566,499.3959112036764
25567,500.0
25568,72.51249165421258
25569,100.21749330485133
25570,438.54677782274354
25571,335.4888741026634
25572,403.51789473016504
25573,498.169744292319
25574,187.5192391747402
25575,194.8283743647428
25576,486.0271358444578
25577,110.68118746431725
25578,109.14433935389629
25579,481.6360642290154
25580,158.79708183405356
25581,500.0
25582,307.8025928587759
25583,121.4754339319021
25584,56.8422212331566
25585,60.82967611635242
25586,126.00554219655832
25587,133.7105422729324
25588,500.0
25589,107.26168900817517
25590,151.8874545311628
25591,500.0
25592,356.3624268623353
25593,88.50547393604023
25594,168.04165798684033
25595,72.57178914024152
25596,431.9923290339042
25597,58.59019253478727
25598,489.60855072561304
25599,62.08203442397364
25600,497.8481264104606
25601,439.0332818120396
25602,56.24026028568256
25603,59.09643033870861
25604,70.45782139774819
25605,499.6606517310357
25606,240.46758036575767
25607,330.4359699188149
25608,461.67073863708913
25609,125.41834430398556
25610,76.85887884678627
25611,207.69491096161494
25612,71.3612246170247
25613,147.36290577944874
25614,147.95344772447754
25615,196.22737225757675
25616,474.1859359380182
25617,500.0
25618,182.41657846705337
25619,160.12091947353156
25620,188.38499326555717
25621,118.60311989654305
25622,158.5056082970151
25623,150.69284292204384
25624,496.5676687356854
25625,328.47079496404274
25626,498.69153228458873
25627,500.0
25628,265.01743570488367
25629,329.53876203493013
25630,480.9596057591225
25631,399.5531975095775
25632,144.24783077976983
25633,497.35457900140585
25634,212.9562447863101
25635,79.25937420790557
25636,497.5722295620411
25637,348.29064694047895
25638,55.26149308842427
25639,495.8880809350144
25640,55.90936394607321
25641,498.47556596484804
25642,465.09568665538194
25643,211.58835855645026
25644,119.6880007393087
25645,445.401148201399
25646,400.5311178567871
25647,76.4013505545461
25648,499.77089010763484
25649,162.2658280466203
25650,115.87814639734097
25651,124.04319239670619
25652,499.40624650342085
25653,500.0
25654,302.1981138520727
25655,500.0
25656,210.82541947824825
25657,68.30972718530654
25658,61.146114427465776
25659,447.60907184435996
25660,500.0
25661,500.0
25662,59.07170545169528
25663,434.23932674294133
25664,103.27616041586728
25665,52.96246960958706
25666,201.86325177113258
25667,59.585654032785044
25668,499.2587413324617
25669,49.729846176796144
25670,57.742205329956846
25671,54.99141485416918
25672,73.10711574760148
25673,500.0
25674,493.7286224568936
25675,500.0
25676,49.132889936766425
25677,385.03141211012905
25678,498.31787142594084
25679,138.29342671843727
25680,139.4762612927463
25681,174.76215924443906
25682,97.55613852159902
25683,89.12840486892105
25684,134.81167868573124
25685,497.5174743055096
25686,252.5168265435654
25687,123.11231439362278
25688,51.36096842179785
25689,51.24082188595939
25690,499.85164557480783
25691,443.34350118334135
25692,427.58961439758974
25693,499.67054070706365
25694,473.01181740167124
25695,84.71297535578623
25696,280.45781897105553
25697,231.25483804372817
25698,97.91165414708308
25699,114.20418007850847
25700,99.86759588769263
25701,53.2231936895561
25702,241.3102522410466
25703,93.67320692837936
25704,495.4207513388885
25705,500.0
25706,397.3522528754385
25707,58.99070020973055
25708,125.92635385298445
25709,487.26515412081994
25710,91.75064015764832
25711,126.54702651161789
25712,72.51422527822838
25713,308.529631874731
25714,53.21681926774464
25715,273.7543000935634
25716,169.44903470005784
25717,265.3212896277805
25718,71.597428374949
25719,500.0
25720,107.831339765095
25721,500.0
25722,432.94219117655973
25723,469.33205061137346
25724,97.30852806605532
25725,112.05589490600285
25726,343.2493561351299
25727,63.12413919008525
25728,184.39458878844962
25729,491.4345810832484
25730,499.35197616725566
25731,296.82964589815356
25732,445.45644119170356
25733,386.13943410313084
25734,431.56478253325974
25735,467.93357747810035
25736,72.13227169079029
25737,109.70106790048054
25738,66.185389493012
25739,494.99020324937385
25740,125.22220511317022
25741,472.9666288536149
25742,499.831234019366
25743,126.68299826849375
25744,497.7680968007085
25745,199.9296349296303
25746,167.4207085851328
25747,63.62721716505655
25748,134.74397609130415
25749,473.86772550622806
25750,57.208400419143196
25751,254.80694962883723
25752,75.06592305674283
25753,55.10909594432008
25754,177.99021796091796
25755,59.522033552931745
25756,57.578997464038494
25757,104.63230224251093
25758,76.16634909410782
25759,210.35731385580607
25760,465.04726984556123
25761,165.57749330028173
25762,48.77721749646956
25763,118.02510637635447
25764,350.82068515019046
25765,197.87060709850536
25766,498.5792477329901
25767,422.9711162711261
25768,473.07731987926655
25769,182.39389177352825
25770,71.0212987578606
25771,118.17207784439066
25772,499.99005804966936
25773,454.61249770203
25774,488.95341987019776
25775,498.6607487926814
25776,63.18865325058988
25777,133.67480379522766
25778,55.925380687681105
25779,75.64372299078417
25780,360.1946320333581
25781,109.29099779328978
25782,263.6309445894186
25783,481.2111609626278
25784,105.63842418552039
25785,74.5838017963589
25786,312.409408057441
25787,491.57728065473935
25788,406.7513011040365
25789,423.8972276644886
25790,87.47714227795065
25791,156.16590066557566
25792,99.94873722525838
25793,142.98540424469616
25794,500.0
25795,146.34647372314163
25796,496.020341002264
25797,323.3554012383656
25798,45.77978233635324
25799,74.81493356515332
25800,236.15895546154962
25801,53.48728628904611
25802,63.036869748574446
25803,253.99211427458704
25804,495.0316505582574
25805,208.54107211231332
25806,357.16415674971637
25807,208.52457201562657
25808,147.67872502091453
25809,182.7876534170797
25810,212.41926510758572
25811,327.837065073845
25812,74.76704570270873
25813,327.10984476357646
25814,143.82113500994956
25815,339.36931676507464
25816,105.28675475000799
25817,280.6260563076458
25818,62.632598575880365
25819,76.97773625727093
25820,100.49548314247104
25821,99.60543062474045
25822,71.68873614015615
25823,490.90934951095846
25824,62.59566862523015
25825,269.80031717338824
25826,182.79970636669836
25827,336.3327101983531
25828,452.8562622309347
25829,91.86831925306615
25830,219.3464276684777
25831,129.7139576194504
25832,316.2178731259827
25833,124.4095663607614
25834,111.51125900891878
25835,319.7452943891757
25836,143.23943293948417
25837,218.5218312523969
25838,500.0
25839,125.16052203181599
25840,68.30337705092069
25841,63.25815629009617
25842,74.25702466754265
25843,209.26539814828257
25844,323.1917558907378
25845,76.9978232804971
25846,498.2440737087919
25847,498.07432994304895
25848,277.07180312925703
25849,496.2862928667584
25850,187.5480107858947
25851,178.85025181799222
25852,500.0
25853,108.93289651994581
25854,490.58023557818433
25855,63.68159165729921
25856,472.67107185453193
25857,70.43466775109292
25858,179.18504801839467
25859,479.3986653514138
25860,254.76118890069267
25861,70.17492213887938
25862,500.0
25863,372.9803825728691
25864,424.0971763471953
25865,499.75810981650454
25866,493.5896685635393
25867,61.36915937776161
25868,500.0
25869,493.6109272138169
25870,109.3372025284979
25871,151.10227326027746
25872,72.17112048844274
25873,62.903980850813674
25874,496.74186423962067
25875,64.06395028187342
25876,59.03193136722059
25877,497.7286152099971
25878,495.13997034914587
25879,359.5406978859066
25880,192.81701833288335
25881,105.62431390086574
25882,500.0
25883,339.1870204200101
25884,64.50645254435088
25885,64.27094951872931
25886,499.94974303923607
25887,72.21258243843403
25888,499.22594595785085
25889,56.27941341165253
25890,179.33838611998914
25891,55.19700534180798
25892,183.92140320299998
25893,449.7216313678005
25894,60.21921961318752
25895,500.0
25896,287.8893230192198
25897,481.116327221397
25898,57.81234951666487
25899,495.3840738569529
25900,444.0668318884933
25901,72.9186739152411
25902,177.159900511167
25903,279.5187130336225
25904,471.2409910958595
25905,128.73818677683485
25906,492.38606967261876
25907,124.09758795737287
25908,62.98384991128127
25909,435.9784491977757
25910,472.75374674672173
25911,122.82443318845802
25912,499.91551538512954
25913,58.95571606833228
25914,443.27971785563795
25915,500.0
25916,67.7079698495922
25917,115.79919659749025
25918,59.1013098732531
25919,430.0613985707861
25920,167.67937874372282
25921,455.6949029803986
25922,480.64030345014896
25923,449.0321709808347
25924,500.0
25925,214.41124975755412
25926,67.96860812971507
25927,307.82501780733685
25928,190.3899658742505
25929,68.20568842025058
25930,474.10412179593396
25931,247.82927750747402
25932,167.2610450283999
25933,115.11213586801696
25934,70.41694281788489
25935,141.09200234158334
25936,182.91484143999034
25937,336.0941306977633
25938,164.09419590376777
25939,71.04736571146985
25940,269.94792056532805
25941,500.0
25942,69.92427597302031
25943,123.54927940506762
25944,56.11532385485597
25945,471.28419052874335
25946,434.1147568532877
25947,51.506286143299526
25948,187.62701766800467
25949,492.46073940765643
25950,119.13196693719593
25951,199.28094491109675
25952,100.66626117305657
25953,388.5333163490217
25954,60.051571839692876
25955,59.81680853117285
25956,49.33526816399136
25957,126.77639273485659
25958,466.8349605290245
25959,497.4289039072064
25960,499.8397441197926
25961,457.36188854337263
25962,275.50061651451375
25963,71.94146912851173
25964,188.75559576302607
25965,500.0
25966,194.39689910258278
25967,499.85431703640444
25968,494.46842680661484
25969,125.86114243114804
25970,431.4252269609989
25971,500.0
25972,499.0931922441908
25973,403.23829994665346
25974,130.41126838781227
25975,130.24308306774125
25976,75.60865610217039
25977,500.0
25978,320.22213790017804
25979,143.3051946040667
25980,57.40173707366469
25981,253.87153904614047
25982,488.5436943248602
25983,47.36099955306334
25984,229.01722711519156
25985,66.69004917194007
25986,396.32707737986095
25987,206.69615911419004
25988,313.2031308400518
25989,133.87554964415054
25990,201.86461694623708
25991,452.36280592236284
25992,192.83375906654152
25993,454.55177378753683
25994,226.11083669651174
25995,499.76502428669414
25996,60.390828632767864
25997,137.76196607684076
25998,107.17418148232288
25999,195.91249406526507
26000,348.7390457917196
26001,371.7360883535607
26002,426.98399324186863
26003,70.78001346433736
26004,499.2113526975985
26005,185.76119279774468
26006,480.87242668009424
26007,70.5266615183462
26008,73.49343146421008
26009,495.89994467902727
26010,465.990925389626
26011,419.06519672379824
26012,73.27777727123801
26013,188.9317874698043
26014,73.13266809350843
26015,148.04660323027827
26016,487.0883825085492
26017,122.54146837236141
26018,68.47126601620971
26019,277.348383402017
26020,57.85412045744367
26021,294.18228388147685
26022,54.98351101561627
26023,119.3342421830477
26024,499.3354341299705
26025,500.0
26026,466.8423771767534
26027,500.0
26028,242.15947466447432
26029,64.25903255325646
26030,146.53454642674114
26031,162.4358586512098
26032,228.1709393070539
26033,143.0624968226907
26034,142.78952930860203
26035,196.95201208815192
26036,119.67262423495275
26037,133.59375972163863
26038,46.9855357032811
26039,467.0528288979077
26040,56.14743667695639
26041,442.31132000987463
26042,113.94136228169208
26043,181.0171965048834
26044,68.97532650451308
26045,55.998302387296334
26046,124.02414611248867
26047,164.15268472764154
26048,500.0
26049,60.60492051057896
26050,302.83547595936994
26051,93.67246183290966
26052,288.61470113298674
26053,176.82066495748816
26054,343.1549741289948
26055,455.8744799919514
26056,269.7636797818608
26057,103.8968679377221
26058,499.5127775613413
26059,154.61389618604176
26060,53.095829645752026
26061,387.4379021350949
26062,500.0
26063,500.0
26064,491.1129180475345
26065,67.18659856746989
26066,71.86165096968145
26067,89.6529429280832
26068,123.57243278818729
26069,46.20903075413864
26070,56.554285630375944
26071,441.2625502175232
26072,306.83140504079756
26073,64.70916564762388
26074,71.07653656424682
26075,490.2281448324934
26076,496.4862838327783
26077,500.0
26078,147.27037899444844
26079,499.24943717290193
26080,103.68766796371496
26081,318.2383016924823
26082,498.8702984560965
26083,364.3205514719286
26084,168.80753792471484
26085,73.27869601695672
26086,140.5104141870088
26087,363.1813429678541
26088,169.09960424351755
26089,499.5338186685674
26090,498.0604315190128
26091,433.6195180846496
26092,498.2219251926798
26093,84.17400800420566
26094,426.3971412979803
26095,403.71863601025245
26096,495.2370359684094
26097,119.21330439695791
26098,498.28929490557084
26099,457.88413329997434
26100,125.88140536341318
26101,216.15093006921265
26102,98.37805652413402
26103,353.25386580612263
26104,182.6361595774777
26105,146.4339674333176
26106,361.6244331594089
26107,139.1663419900068
26108,268.0825624301359
26109,73.03494578365265
26110,500.0
26111,326.06877117085384
26112,497.69361054061994
26113,500.0
26114,334.28971475974873
26115,59.76814486408573
26116,84.61567592197294
26117,129.80689338342566
26118,49.467331605119966
26119,498.79236802343144
26120,72.0933649253657
26121,74.60344654643507
26122,194.38303425739673
26123,54.54391398673452
26124,192.7014306392847
26125,500.0
26126,68.10904889285779
26127,50.7927453296321
26128,49.54600778437235
26129,141.252820158184
26130,452.71150787724747
26131,58.2402152772768
26132,117.28108674924326
26133,459.74500414632047
26134,75.65440942297916
26135,282.1030340962834
26136,296.5514210600973
26137,290.177418281052
26138,463.05237424695724
26139,74.9916964375718
26140,402.56871981964275
26141,194.26287274497213
26142,499.6785787067673
26143,412.0769798826405
26144,173.92087013696317
26145,460.0102991211305
26146,328.9721938015996
26147,493.74799635987335
26148,60.156057781440204
26149,55.788105442774885
26150,110.19806650159909
26151,117.81455547727604
26152,497.8033008379051
26153,500.0
26154,146.66229934742543
26155,426.13206146113566
26156,459.57816108933406
26157,494.55327335210575
26158,500.0
26159,499.88163030377973
26160,459.5619842441589
26161,199.36011071639706
26162,500.0
26163,359.6446618763017
26164,451.94441579931254
26165,431.8546993097539
26166,446.28691981324573
26167,406.07625663184854
26168,455.7719996313526
26169,493.18949067976916
26170,430.88297475846036
26171,431.50857290995646
26172,268.8617986333877
26173,424.8378355917346
26174,140.75261151163633
26175,329.39435711375637
26176,54.717198675852885
26177,110.65307155626306
26178,460.81173811630595
26179,390.9269929607044
26180,59.01681737986167
26181,278.97573587609446
26182,179.60699004608892
26183,182.5403412031088
26184,499.54890042205034
26185,341.01139244247275
26186,498.77295669887815
26187,498.91700869313775
26188,59.37334325117426
26189,110.42136321953048
26190,47.09973993648107
26191,329.1222801627115
26192,51.59240458088934
26193,500.0
26194,352.9224770951167
26195,497.9015387620616
26196,69.06746889804275
26197,78.17669486960088
26198,345.6150833633543
26199,496.61119896369837
26200,313.83670646432904
26201,357.3578681440488
26202,500.0
26203,266.26115009469993
26204,453.2451464143386
26205,260.8617673931264
26206,140.12670860296095
26207,407.88863554791095
26208,284.61173210211683
26209,343.82281008700716
26210,179.60514905896443
26211,442.0420521550261
26212,115.87438575281715
26213,183.56128478798067
26214,500.0
26215,142.97199183402367
26216,133.43183766664416
26217,492.5485699808657
26218,59.75687272349035
26219,62.620613592182636
26220,110.704503584312
26221,139.46130067384024
26222,323.9965271421021
26223,163.17385570264526
26224,183.50922593058047
26225,497.46185318849655
26226,187.47829740897416
26227,500.0
26228,500.0
26229,500.0
26230,164.73017875779402
26231,245.77616116429124
26232,56.490506372906154
26233,138.50679979115336
26234,450.8222969224697
26235,354.82943143699504
26236,315.13555232689043
26237,441.49715139308734
26238,206.87433508284352
26239,132.30307324520703
26240,193.1513808155903
26241,338.3112028324719
26242,72.51249386676767
26243,61.88572745592337
26244,112.89835504735427
26245,242.20499515627245
26246,350.89812722565136
26247,56.55410219627191
26248,166.86226941561094
26249,478.0400288722935
26250,107.98869261168305
26251,140.20498501127383
26252,72.23342807668082
26253,337.33367662968544
26254,499.5421149760135
26255,340.4406184004099
26256,458.91139692320144
26257,328.60772648496294
26258,100.66070866773151
26259,69.7669890037433
26260,201.56443258496324
26261,56.81310589618672
26262,445.08518480877296
26263,403.73830922250835
26264,70.92762163514963
26265,488.5723418938223
26266,500.0
26267,499.34260203821333
26268,296.24384117629046
26269,499.59302325705903
26270,491.1334886975883
26271,432.12240877990644
26272,58.698484955809
26273,58.591080479664456
26274,451.14032986770655
26275,407.8657819855914
26276,68.56652732503692
26277,72.1518634426322
26278,59.963547063216616
26279,437.25600786916914
26280,61.62291547982697
26281,122.03409688550053
26282,134.3645468732734
26283,264.9915803064796
26284,471.88008536684777
26285,500.0
26286,94.74946224666085
26287,500.0
26288,57.10582612512304
26289,499.76024869517437
26290,189.1827941890212
26291,499.58025539019525
26292,60.18018386921294
26293,82.20082707152599
26294,499.98038924619874
26295,463.3802741261955
26296,112.82954864531125
26297,500.0
26298,47.27460684199099
26299,70.46898686363105
26300,138.41961018769877
26301,350.1294933938552
26302,74.7869001804462
26303,57.4655762119243
26304,463.1506766587428
26305,70.68812725948618
26306,174.93397266510405
26307,438.68843213276057
26308,122.12608880788261
26309,334.3579954922179
26310,500.0
26311,348.03360606491884
26312,68.22242735320637
26313,123.98542571174768
26314,126.61287489105504
26315,50.580956324848195
26316,69.72065332163915
26317,115.20257899893573
26318,61.399342916599096
26319,336.98785096702784
26320,494.7095869316319
26321,58.69470714463597
26322,129.98210942152284
26323,485.043325964056
26324,75.34845197198311
26325,500.0
26326,117.23824013334267
26327,49.992992469628106
26328,47.83221577857546
26329,97.72147569436055
26330,50.09395520757095
26331,53.70979071776458
26332,52.80546013908693
26333,46.956527888737696
26334,128.8775873683715
26335,193.31423708019378
26336,439.05667834596113
26337,74.35919872736667
26338,500.0
26339,325.81856727604156
26340,119.04296542790343
26341,187.97729190441527
26342,57.21045835537393
26343,49.16887650845665
26344,500.0
26345,500.0
26346,115.51771908098172
26347,66.79899014697284
26348,148.6660588931984
26349,52.58063479004487
26350,440.2790951717452
26351,451.8975062360016
26352,128.32085049363423
26353,55.31688864039979
26354,239.93544300780826
26355,128.99459742669623
26356,448.0451723988653
26357,77.1100046063959
26358,121.21658811249499
26359,489.3808725648935
26360,500.0
26361,59.999467961761695
26362,103.41374792622003
26363,498.8571686674285
26364,499.88196033361226
26365,70.81785969475514
26366,481.304868707046
26367,126.46525479541911
26368,454.8149608945434
26369,498.3952590958159
26370,489.32490330458074
26371,462.7746199792016
26372,465.1764103895465
26373,309.48490305767814
26374,116.37164894168808
26375,499.19747912439925
26376,208.12786388541446
26377,144.91911439859103
26378,132.74209236870578
26379,293.072766615659
26380,99.9090772285831
26381,50.67901791334254
26382,474.93572044269513
26383,401.1760635030084
26384,132.5646624585651
26385,500.0
26386,60.30822655405451
26387,58.781148829460584
26388,238.99430127017717
26389,70.75592588036483
26390,329.6451873461508
26391,101.35418322657178
26392,108.82119831070935
26393,500.0
26394,497.4479537775952
26395,293.8292350292048
26396,100.17096546117986
26397,285.0880331070446
26398,317.0978843795531
26399,99.11445724610965
26400,500.0
26401,500.0
26402,500.0
26403,194.75224100388894
26404,81.59366729603306
26405,391.07514142552543
26406,198.7862733946822
26407,497.91012515695866
26408,439.32176771302204
26409,94.00015732939968
26410,177.95508640006688
26411,70.77040247977064
26412,500.0
26413,115.70953418602753
26414,490.0610173148839
26415,481.4127975623786
26416,419.17379007202396
26417,74.71321736479727
26418,344.9120809024429
26419,500.0
26420,50.8021529767203
26421,447.0123763670234
26422,194.43960589069326
26423,122.40467695001938
26424,500.0
26425,234.60412256387008
26426,446.32837678840394
26427,477.5386209718764
26428,496.1467523730653
26429,404.2127714178756
26430,496.7290607930406
26431,479.1156109025526
26432,194.45366683911325
26433,128.2276247619615
26434,351.8322044145497
26435,57.28896328724282
26436,59.18181024802257
26437,459.05155881234947
26438,428.45706622421966
26439,269.56920942238264
26440,195.9498214975086
26441,76.03960731361627
26442,112.67040376915719
26443,421.7430560260889
26444,438.6285661463344
26445,146.50484399594123
26446,68.86704873209696
26447,452.9662704778437
26448,145.8732227026872
26449,277.5155465942574
26450,499.14606834550443
26451,315.39034994483995
26452,57.46347873239749
26453,103.06093147242433
26454,498.86615743826314
26455,110.80355134397738
26456,421.7893875430574
26457,175.34588818860576
26458,332.24090738761544
26459,477.7571165705072
26460,398.69305246162673
26461,96.75187747139886
26462,306.51330092991003
26463,156.15711351897585
26464,419.8285209733678
26465,378.2835953848632
26466,107.69153730426027
26467,499.45072266372176
26468,58.36429631091923
26469,55.28858570469374
26470,357.5375032633999
26471,500.0
26472,430.3838581063126
26473,500.0
26474,377.7646536593705
26475,69.49406848965442
26476,495.6606104993191
26477,114.05622061404927
26478,53.23590492678318
26479,500.0
26480,298.4230264977879
26481,96.38504551262983
26482,61.06845632184012
26483,493.03971755930263
26484,257.6790319115626
26485,110.56157363145002
26486,70.61977652185462
26487,500.0
26488,260.38273523424004
26489,221.00326230519406
26490,327.95872016937017
26491,474.9103971904261
26492,335.71392021491965
26493,106.3071579683479
26494,45.40006870857947
26495,154.74951622657258
26496,467.457681529698
26497,461.63959013986266
26498,244.06916055421127
26499,137.80300178305066
26500,336.2907343709363
26501,59.00599730932477
26502,150.59122401524135
26503,458.3016462630542
26504,99.5079761359705
26505,323.8110662882117
26506,104.30537747031833
26507,56.40627844765616
26508,195.82013551513268
26509,270.51264470713176
26510,56.96477943806071
26511,252.9669593525423
26512,180.4708184405623
26513,155.2423788280682
26514,311.43834559910744
26515,378.46622591602545
26516,500.0
26517,409.87027226602845
26518,190.09965708915362
26519,117.95512699692732
26520,497.20629336870866
26521,298.04579344102126
26522,463.06539338273467
26523,78.29016051913945
26524,136.36364077898762
26525,500.0
26526,58.205600995198715
26527,74.4651097578955
26528,51.28284586757812
26529,488.36138988807625
26530,500.0
26531,468.2795998767915
26532,99.81219540500044
26533,127.21998533161455
26534,172.89544880768972
26535,63.2134423965529
26536,116.92709357848722
26537,474.2167967471787
26538,55.942494649995844
26539,215.52878544935547
26540,455.44390976777277
26541,72.91854809369408
26542,472.23731099082704
26543,110.02608089822192
26544,429.8873352629663
26545,60.975421692150505
26546,145.44597957313061
26547,143.66010583857184
26548,500.0
26549,453.2213974827216
26550,339.92879664389494
26551,247.04933447192028
26552,499.550155143942
26553,331.72875762866715
26554,105.20404089420921
26555,488.4636615130254
26556,44.23856369557804
26557,84.69289716021571
26558,78.7417235689361
26559,58.0601736839684
26560,60.60802716164039
26561,481.015621711849
26562,138.0433472370978
26563,148.90360315960066
26564,59.916125131851025
26565,494.7424638374806
26566,341.3120079411535
26567,213.08135142149615
26568,452.6591575323993
26569,498.7338809075869
26570,61.73025824314967
26571,130.5570887153858
26572,119.23600778479317
26573,482.09655921420716
26574,488.1060978694683
26575,78.66139917559343
26576,98.56500135337515
26577,498.87652571775897
26578,117.50468707278833
26579,421.57135988170415
26580,73.99343462516438
26581,433.35932715050785
26582,500.0
26583,62.7873017193702
26584,471.1974693894619
26585,86.43376542386315
26586,69.85723391975262
26587,498.2276738988835
26588,79.64280763068336
26589,478.7059161941862
26590,135.323378280288
26591,495.9164332350334
26592,342.3319013899962
26593,382.14056319830877
26594,499.2894282184151
26595,326.4926883591237
26596,181.6384600503771
26597,211.35357033465317
26598,499.2664336123939
26599,300.4223545258536
26600,184.85146059555026
26601,68.09018435787654
26602,204.23837767859305
26603,500.0
26604,345.3618766277769
26605,94.60344213974463
26606,151.91576879362523
26607,494.93836245419226
26608,370.54103467171007
26609,357.55949589788173
26610,321.3819426810171
26611,493.481494946278
26612,72.25401697103905
26613,96.27651121988973
26614,172.4457002142946
26615,348.25747333329434
26616,92.30131183806826
26617,161.0463964475673
26618,169.69825110135986
26619,116.06650487073448
26620,54.83968163966246
26621,73.84015621246171
26622,124.90944718944712
26623,63.299576701454086
26624,457.2391456156447
26625,498.16090409125206
26626,331.2013136800927
26627,45.08653277005139
26628,333.14674340163145
26629,346.3263638421069
26630,384.71168993918525
26631,500.0
26632,344.1497945276181
26633,446.24800334193617
26634,171.62186141893716
26635,51.36213078862616
26636,485.84193441823743
26637,500.0
26638,499.45509372949186
26639,58.887355043887794
26640,106.66847200884865
26641,223.7966866366324
26642,100.79178046227554
26643,458.0818143280008
26644,105.04434331766834
26645,465.013507873628
26646,343.26311331893277
26647,498.9426963966709
26648,426.0963573672929
26649,114.02000307752851
26650,137.15305686826585
26651,75.59382488015643
26652,499.22088122516936
26653,59.2830181856564
26654,107.48372824916152
26655,56.996507384774674
26656,101.56255059672408
26657,237.54544856101046
26658,59.728469385662066
26659,276.46594524923086
26660,451.2257041529938
26661,51.8225864687456
26662,338.93013718863136
26663,468.69624840720337
26664,167.18405503923302
26665,100.2419797310541
26666,137.4832561704382
26667,181.40254162852273
26668,108.68443993555331
26669,125.55859276281562
26670,122.61419346829646
26671,113.46821026411732
26672,348.98135363548374
26673,290.99010565136786
26674,429.79795873373723
26675,119.02064457740394
26676,62.76338411378607
26677,121.14351922212214
26678,202.65583633565927
26679,177.41325550644586
26680,149.13687236601749
26681,493.29144097320136
26682,467.77256549545785
26683,118.58201754652251
26684,422.55077189746396
26685,251.00007005132835
26686,104.58409933907333
26687,137.69324368787673
26688,489.612234106505
26689,432.675043722189
26690,490.55959083080825
26691,433.1893236948413
26692,460.0289548167566
26693,298.0768571422738
26694,204.22056961423044
26695,121.04048780075735
26696,481.3853988236126
26697,102.49690344174587
26698,184.0864750138997
26699,395.49614191321973
26700,450.4173189083242
26701,192.6875665870472
26702,355.6131563374781
26703,214.99004554635948
26704,62.9228360641335
26705,274.0426212141783
26706,53.06845133754555
26707,184.0949416581745
26708,152.06721525150294
26709,499.35179317530077
26710,325.4509403270538
26711,476.5902262784675
26712,321.65733531762794
26713,285.88198262032995
26714,409.25392237087465
26715,447.958660217119
26716,404.24595986466284
26717,65.05601769096269
26718,499.5437808817539
26719,395.0691403133033
26720,41.72894402367198
26721,354.7820016089977
26722,70.35112727866728
26723,500.0
26724,481.0843027893971
26725,492.342276672774
26726,469.3655364942448
26727,125.04092668450009
26728,500.0
26729,270.3875767379129
26730,56.12623951475375
26731,500.0
26732,60.357015637326946
26733,114.47119293815675
26734,244.5552194261163
26735,448.82897321894734
26736,57.39040276344766
26737,141.82187467431874
26738,119.12379389998601
26739,499.34294153951544
26740,166.79741997000087
26741,70.4113720785291
26742,54.750248746617444
26743,101.04374115185604
26744,500.0
26745,198.71571032755867
26746,293.9503524532738
26747,494.3430631042546
26748,125.43930120404349
26749,482.1419932028629
26750,123.67729916313797
26751,499.3343245352986
26752,133.60929565410635
26753,278.98448959073926
26754,494.26695457343214
26755,123.30336126643883
26756,260.8546914410637
26757,268.7725149207744
26758,382.5118808209971
26759,427.6639161859441
26760,201.0445741626139
26761,279.4457623167532
26762,410.34264311106864
26763,113.78297618404824
26764,127.09008730434093
26765,64.63915745742707
26766,172.12628016106441
26767,71.03565599347074
26768,164.42117296350216
26769,499.6174315266828
26770,448.76857345679946
26771,500.0
26772,55.1805509270943
26773,113.05589620342741
26774,190.90320752944902
26775,307.30282203946433
26776,196.51411148784763
26777,108.28992783393821
26778,439.90302915595174
26779,255.2482255121048
26780,498.4079611070554
26781,459.9918495944082
26782,453.1366091755733
26783,172.4667102895379
26784,118.8079709820033
26785,161.3898939381097
26786,424.7860927057978
26787,500.0
26788,70.24097252987636
26789,263.6339925515544
26790,171.93310944731616
26791,70.49592103162817
26792,116.43315177611578
26793,328.4692262530618
26794,263.61736882415846
26795,429.51241874505286
26796,127.65691218048646
26797,421.7129772848102
26798,423.4138164199973
26799,58.70058834162464
26800,136.1210489829163
26801,191.9574327790403
26802,493.5836862655866
26803,193.54179214623034
26804,45.50850445646844
26805,100.68664173150663
26806,100.27895765096176
26807,498.35262591535206
26808,302.4216265381899
26809,496.80875307108
26810,120.00956970153118
26811,61.15976701925136
26812,51.30099115845901
26813,60.232028631292295
26814,54.19885951818092
26815,79.23495078281674
26816,500.0
26817,218.90032424320972
26818,347.7286801059587
26819,468.7354855913402
26820,306.91996484072314
26821,68.04398242134656
26822,137.66716184608157
26823,174.4273478020151
26824,109.03736137377372
26825,91.36180842722295
26826,196.8927285857739
26827,69.0618624139375
26828,77.5141425556273
26829,460.2637687565359
26830,191.5575096968619
26831,204.78783392927312
26832,342.40758813510206
26833,345.33219520559277
26834,61.34106551712544
26835,167.42272824300198
26836,299.19159033981975
26837,60.92391627935618
26838,149.97865239606807
26839,328.01928133128246
26840,405.6770518560764
26841,115.35832184896422
26842,142.57468782713744
26843,211.29906367337014
26844,105.70640442071718
26845,183.40613434375777
26846,82.60352219975691
26847,385.11647724259905
26848,463.57394383734083
26849,354.60520103395265
26850,57.94444943970064
26851,500.0
26852,500.0
26853,452.0070597102249
26854,283.37716437918186
26855,54.700399487007466
26856,500.0
26857,469.7971801607015
26858,416.7001727697865
26859,72.34652352033774
26860,197.97966508457273
26861,401.2209634852238
26862,114.07937183418383
26863,275.42209990858066
26864,454.7203533914701
26865,62.05328971224854
26866,165.5267292368129
26867,65.80045461604121
26868,296.6868183752229
26869,352.01802754179755
26870,500.0
26871,72.98137216355245
26872,71.54872400544545
26873,204.79689470850428
26874,110.39051387121452
26875,84.94354470940898
26876,190.3257361595843
26877,500.0
26878,455.5868501665976
26879,102.33732413973439
26880,60.37655363115486
26881,182.99436576715712
26882,277.58232525001193
26883,358.7263398625046
26884,497.77846749837363
26885,496.5677854300978
26886,197.5995883589831
26887,190.36232203452585
26888,245.01690405094382
26889,114.2919685224916
26890,250.80151704892276
26891,480.2898384378756
26892,168.32620865249928
26893,118.53844186699635
26894,52.76375742411726
26895,202.2357904944975
26896,477.04433691584774
26897,281.92669207040376
26898,97.74579424340776
26899,448.5697994472821
26900,72.8729286432849
26901,181.57128793733443
26902,498.5301791379337
26903,500.0
26904,500.0
26905,70.1451295252377
26906,102.4380093555971
26907,59.76019406937849
26908,112.53877183941282
26909,500.0
26910,124.45405768328622
26911,73.02141687657895
26912,468.6902776013372
26913,433.1043751916312
26914,288.3132431073139
26915,500.0
26916,158.7190823944623
26917,100.2390112787805
26918,409.4956117681702
26919,48.77431086730684
26920,422.9557538229508
26921,499.6405752340247
26922,479.05634491853544
26923,156.08750596563783
26924,124.41835587292378
26925,277.30222399059414
26926,301.6050474273372
26927,293.3085312782489
26928,451.24657568149854
26929,71.13259807476548
26930,418.16768283312865
26931,500.0
26932,284.4075618424299
26933,91.14522193533469
26934,474.16716931935
26935,303.3144467287156
26936,500.0
26937,197.89599100513135
26938,106.51181858093058
26939,111.3196079171841
26940,58.54214275351036
26941,192.1557270643172
26942,418.2815161689184
26943,206.54230472203528
26944,115.05579792197187
26945,484.3753291506865
26946,493.5018931444397
26947,201.17208787758014
26948,56.40553529516343
26949,64.72532956280537
26950,111.81699572737304
26951,337.4281475974505
26952,69.03393847672454
26953,148.40220102750712
26954,171.69341910065512
26955,50.96276911488316
26956,331.1162849697346
26957,384.08745439285065
26958,104.76916962877645
26959,68.18444545236424
26960,343.3239025910565
26961,52.02516807350107
26962,500.0
26963,398.45928590574727
26964,260.5827795689566
26965,176.70442924271038
26966,50.021832170150276
26967,384.5035593990541
26968,55.50164008358381
26969,53.60056854175342
26970,116.80303971837657
26971,122.52520700613705
26972,440.9254047789012
26973,55.2435527623866
26974,203.41601071454403
26975,103.09657436972759
26976,195.78598719771225
26977,87.20629266329118
26978,468.3334569739045
26979,150.3914203078963
26980,431.07688770592176
26981,98.94329928972445
26982,136.2180978189675
26983,150.12820448941602
26984,61.31505252057613
26985,108.81963730160294
26986,56.02943841264157
26987,130.35863428405295
26988,121.2106290207629
26989,54.14077261651258
26990,418.5405369412798
26991,54.18708745307137
26992,147.04284961208015
26993,371.4981634666742
26994,107.4839817622464
26995,500.0
26996,408.65140404929343
26997,61.49697420958263
26998,498.7936963526883
26999,258.1815568210708
27000,443.3702912855458
27001,127.77834668634159
27002,279.7964185444491
27003,51.30908604201295
27004,328.63652810239324
27005,451.9066230882254
27006,106.53522904310114
27007,147.59765125725994
27008,339.80886175614023
27009,73.31948207134042
27010,422.969107113601
27011,496.2870216821849
27012,157.6940724575492
27013,271.10439491693705
27014,47.14107586701681
27015,500.0
27016,195.36766354974478
27017,200.21083077459522
27018,448.2862431532318
27019,267.6586507070887
27020,469.97022041371144
27021,483.4790193860497
27022,436.44565266725715
27023,500.0
27024,193.11870414189667
27025,420.34099813316584
27026,54.25213004944981
27027,500.0
27028,271.42671449022816
27029,98.21677262400634
27030,88.32789403995744
27031,407.3113146282221
27032,102.82428359137822
27033,411.9729319820903
27034,57.89809132017005
27035,58.768311249700574
27036,500.0
27037,283.37131830145836
27038,468.98168047699403
27039,58.631843533850954
27040,487.97912883645824
27041,494.0132853524892
27042,63.969104371036835
27043,500.0
27044,500.0
27045,98.31806951977785
27046,500.0
27047,142.44421748074234
27048,40.535060915804706
27049,77.45436567458748
27050,57.137821709984124
27051,498.9269200568348
27052,74.92525453103266
27053,497.4635467484036
27054,379.4194812533782
27055,111.04321955440719
27056,500.0
27057,498.8294626169132
27058,289.7709499947145
27059,59.73913041429792
27060,500.0
27061,331.9369799376024
27062,56.443604387155375
27063,422.82221803818186
27064,499.4210996436337
27065,71.83572798313344
27066,125.29701716957302
27067,77.97369948494827
27068,500.0
27069,204.96741905982336
27070,145.44113603837994
27071,376.5143383301442
27072,97.9444287835972
27073,498.9508665850552
27074,173.8965098416786
27075,112.13490675121639
27076,177.2107140882518
27077,332.7647806197803
27078,500.0
27079,497.6402472602131
27080,476.912144761949
27081,498.5676033846524
27082,110.0394753575273
27083,328.6268420480939
27084,115.26973814560549
27085,275.9345219120551
27086,439.79973742430207
27087,160.57317755489876
27088,158.54051754550846
27089,42.45810466022847
27090,443.0371001159872
27091,318.1711779334875
27092,216.69463538595522
27093,462.1973775188567
27094,163.63411645934622
27095,114.70563409253322
27096,159.20574605484563
27097,51.78324537312311
27098,70.13177049204823
27099,499.5026783804569
27100,180.10201747950646
27101,55.99172043311374
27102,131.2139008413748
27103,187.96780398455275
27104,500.0
27105,334.49212976844626
27106,191.7098261164452
27107,377.3396255022459
27108,467.74628415927305
27109,191.44262930715843
27110,105.585113718189
27111,171.75261856159094
27112,135.96002812521868
27113,262.3456619911084
27114,107.50549631120381
27115,209.91928213686555
27116,177.6601207082938
27117,400.99867823247894
27118,462.91027076788487
27119,154.9400657227352
27120,497.7008777474904
27121,72.04280396704479
27122,497.993082729407
27123,104.58210911874568
27124,166.06792518501592
27125,160.23604561141917
27126,500.0
27127,499.87475956240195
27128,192.73928185221737
27129,498.15993640783495
27130,477.9266990111512
27131,102.08997126338132
27132,488.54126121108595
27133,500.0
27134,351.4533680150194
27135,104.71488612864484
27136,374.07101005457446
27137,494.4742951621817
27138,270.1978565886359
27139,496.6823360499185
27140,57.16981537943553
27141,335.65791528896085
27142,487.0683329059349
27143,348.2224678202517
27144,198.14645119025232
27145,461.19170262960984
27146,198.52791616097417
27147,44.26129689252729
27148,72.15382570541271
27149,152.00766016882625
27150,244.02867472382212
27151,392.46004011357024
27152,499.7286264347247
27153,180.04224085497466
27154,48.834710742813634
27155,72.4541373964271
27156,98.63549785726627
27157,460.4531165872695
27158,115.67669791635295
27159,399.21001962634756
27160,353.1108262263525
27161,137.12606350971745
27162,103.6986132952232
27163,205.33860568884288
27164,499.7734398076959
27165,258.98147660874923
27166,500.0
27167,182.22408108881743
27168,498.897538079425
27169,499.5470723180872
27170,275.2021396044654
27171,425.66578560859017
27172,210.3815116997059
27173,464.15323515601017
27174,471.1559816844777
27175,500.0
27176,66.11498204712896
27177,499.8446611673385
27178,97.75850376438979
27179,185.63630129518776
27180,500.0
27181,176.88276436353647
27182,105.80804892623195
27183,80.79279410138209
27184,460.3784362177702
27185,442.7615672915871
27186,257.3205068914866
27187,420.3590877632119
27188,443.255917950488
27189,71.60239674021753
27190,82.78705478223718
27191,433.5333676523095
27192,449.7764975103282
27193,203.28932729384223
27194,247.5641376486838
27195,418.5514454798114
27196,92.266602290306
27197,500.0
27198,347.9651870851327
27199,489.0411889908519
27200,110.45901564762336
27201,249.1685327714508
27202,488.0922152982223
27203,462.47753077983236
27204,208.35342369289776
27205,499.53905499757775
27206,498.43046403163885
27207,178.60461097278133
27208,54.648861314289974
27209,500.0
27210,491.56124488142774
27211,241.10975122826954
27212,450.5415491851526
27213,65.05301807335206
27214,71.97978257409383
27215,493.1107839369563
27216,171.55047080113104
27217,50.83726244457175
27218,500.0
27219,461.57814722154586
27220,193.9120494150408
27221,280.99117679525267
27222,186.030555350508
27223,500.0
27224,123.1347420365871
27225,493.7163037094403
27226,500.0
27227,60.52681464269314
27228,355.31135452047477
27229,212.07919692101473
27230,103.76780936410776
27231,176.78041901297837
27232,161.78837177562414
27233,296.0917490741243
27234,389.4637692378577
27235,74.91913745823267
27236,61.52650967566392
27237,480.40444484591194
27238,163.38445010340547
27239,146.94357285396563
27240,399.43591718418736
27241,344.10340060652237
27242,447.72002897043825
27243,458.5428809659111
27244,488.7799766518272
27245,153.77241190366306
27246,121.05362550895863
27247,454.22611444696315
27248,78.70175704778397
27249,317.76770532340447
27250,196.17124972979124
27251,152.28364511771582
27252,197.83914670804091
27253,72.22448382238602
27254,413.3911515597425
27255,84.34111066178676
27256,197.91350785200683
27257,500.0
27258,318.7246415246793
27259,71.59382485141813
27260,497.73512383578895
27261,418.1447476128453
27262,99.00361843172044
27263,438.52634779374466
27264,63.7968397361508
27265,234.956718233448
27266,498.25080784137504
27267,295.7666001349979
27268,476.0175079444833
27269,61.33742283992837
27270,115.6207825784102
27271,251.301356725609
27272,64.66698162705933
27273,68.7344151103835
27274,231.43103880561438
27275,500.0
27276,495.16209047888685
27277,169.8815186627163
27278,103.73636433677224
27279,116.75519498723602
27280,103.60142283233056
27281,470.911524783682
27282,440.2959149906743
27283,103.474846074746
27284,70.84436189411613
27285,61.050339570375975
27286,465.76734565149087
27287,55.90685176064849
27288,289.55262592623916
27289,110.56922965566434
27290,500.0
27291,413.4972200860467
27292,107.34037682879418
27293,50.10519862151742
27294,342.66090718180953
27295,72.04637457945353
27296,363.4664418453804
27297,71.85617113538025
27298,474.0567503675468
27299,500.0
27300,173.09690794321847
27301,261.6001694766009
27302,500.0
27303,385.8622047477537
27304,67.6586961782237
27305,72.68794645436371
27306,500.0
27307,143.78790474277582
27308,340.72474383741223
27309,471.93226390536984
27310,391.03688468940385
27311,300.281580974845
27312,454.6023682472508
27313,75.58664674108633
27314,102.73507052823884
27315,341.2296526473738
27316,338.37152217424057
27317,183.6633287538237
27318,500.0
27319,499.28111501201124
27320,477.6223925309194
27321,72.93061578978416
27322,188.43883135249885
27323,474.5039749932729
27324,427.7114812551812
27325,483.2558043079946
27326,499.4098885220953
27327,428.5913799589666
27328,499.627511880288
27329,401.47733578407497
27330,431.5786163474369
27331,48.18953701668457
27332,284.26412498484547
27333,98.72509660427295
27334,462.7325078785779
27335,488.61438366349796
27336,500.0
27337,496.2042153953396
27338,67.99645076935444
27339,142.12674145277964
27340,77.99414943715698
27341,177.2904595720859
27342,496.2426266883182
27343,88.39975425044011
27344,57.068165783390974
27345,100.9106054176516
27346,121.72057809867192
27347,236.53140699909693
27348,337.02353153871127
27349,128.99938680589457
27350,495.34891393625264
27351,269.5985136699029
27352,58.05074623389496
27353,191.8217991927687
27354,141.56017608325942
27355,50.70624659326074
27356,117.92455193986079
27357,497.7576495907575
27358,59.27894354439709
27359,128.01441474426164
27360,53.462609836743624
27361,422.6762453942448
27362,118.0037756348932
27363,500.0
27364,269.9731531417999
27365,53.188551970405314
27366,496.78190111582455
27367,110.85501106481388
27368,498.9037607249204
27369,147.92539651642204
27370,105.96678583559247
27371,353.5968387142931
27372,71.2765472119649
27373,88.77952045084439
27374,61.14183997721979
27375,93.6462418397292
27376,494.8614813500403
27377,475.9078487217163
27378,111.94404624616016
27379,205.51437220569773
27380,469.2472005820042
27381,56.38067233760708
27382,489.08323886295443
27383,76.94262455063097
27384,341.10148200166685
27385,422.3395082481615
27386,483.682044386716
27387,57.96379672490335
27388,500.0
27389,472.0684882358348
27390,343.2371145833438
27391,58.98214087031076
27392,316.3218540988537
27393,109.68601940272117
27394,402.2063461790794
27395,500.0
27396,398.43502877290246
27397,499.1091035382636
27398,100.41810674699656
27399,429.2627241131221
27400,330.7782020267072
27401,60.29218382808215
27402,441.56983223554164
27403,395.2338797717581
27404,124.34734084239169
27405,100.71584028317031
27406,308.06816405522403
27407,291.1451621091669
27408,113.17342561267712
27409,499.72132329005217
27410,110.15684915664025
27411,55.447115019727036
27412,58.16724338767395
27413,500.0
27414,500.0
27415,467.79891037190015
27416,60.29333431351384
27417,460.0620069180907
27418,276.8104854025172
27419,103.47695024822116
27420,483.69993608951484
27421,241.73638032535223
27422,445.1942368985176
27423,91.5320190384394
27424,204.4094826648947
27425,498.8578285288926
27426,50.05985526588303
27427,500.0
27428,499.5195536345127
27429,340.9253166249548
27430,49.226714087231585
27431,298.80719429982
27432,122.51995477996786
27433,134.15924812255878
27434,178.59164910659672
27435,107.52537177411773
27436,103.34738694517947
27437,88.04568905140871
27438,431.51640648208934
27439,165.86755258416048
27440,329.6974516721399
27441,487.18821413811787
27442,70.75448888894984
27443,73.08366937532637
27444,120.12812676941225
27445,55.17246163939683
27446,430.8785773929553
27447,353.2273825517085
27448,57.64655955515209
27449,122.44295648203378
27450,48.883149991463256
27451,113.12855071403145
27452,443.7777836335349
27453,178.2158307493563
27454,346.98687717091207
27455,96.95253931231656
27456,57.097901349983225
27457,348.5158425117941
27458,340.4110158380972
27459,472.6421797757863
27460,301.20088549489753
27461,356.8970258907827
27462,108.1088502304539
27463,147.57265234915116
27464,267.28420466845466
27465,500.0
27466,462.64831062992266
27467,173.3958446474669
27468,191.9330195200909
27469,270.27689040058016
27470,488.83191913840113
27471,500.0
27472,59.34293959883357
27473,105.32578742780444
27474,62.80515305281386
27475,448.4306253471666
27476,284.16771277304116
27477,120.4494862522056
27478,126.14333789373973
27479,52.87862228032946
27480,481.92321267553683
27481,193.6993999295605
27482,492.32786470808946
27483,50.22062508991712
27484,273.7779012412708
27485,75.72754240495124
27486,109.54989463593441
27487,119.08875109009732
27488,193.77994150496053
27489,86.75282182334306
27490,183.73202091824368
27491,423.9657827663127
27492,44.83551256702213
27493,494.2326627284682
27494,73.22522156611005
27495,392.8091619557884
27496,152.6677993542062
27497,422.55495643280983
27498,500.0
27499,60.47340814773355
27500,495.589711741387
27501,84.94791391212232
27502,149.23208435102214
27503,56.40017781929093
27504,60.3218029658389
27505,499.4983307585903
27506,499.16317665021097
27507,212.9387988503606
27508,107.99507991472532
27509,61.51315378530672
27510,461.62434183165044
27511,330.99559478911743
27512,55.97527914606457
27513,499.83511066932795
27514,499.9120052299371
27515,61.4490937740175
27516,404.2672422280534
27517,490.9136640683265
27518,116.82772292907472
27519,153.10438814425643
27520,95.60362170505638
27521,178.97188913136821
27522,155.85682052352826
27523,104.30814464326107
27524,70.81412672335952
27525,334.0205518160427
27526,88.08428134220762
27527,418.30057700363704
27528,458.19003309634127
27529,49.44917603172689
27530,499.5500363770748
27531,70.99365360607496
27532,417.49657927966194
27533,113.89304987243185
27534,353.4660976572774
27535,162.0633987416567
27536,500.0
27537,430.51307153037726
27538,492.2042982126046
27539,100.17006077136067
27540,53.1047613328049
27541,494.0862413917105
27542,143.2604942531878
27543,500.0
27544,60.0647596789663
27545,415.73915767362985
27546,115.58238281404533
27547,500.0
27548,278.44847450858043
27549,103.6332950329447
27550,255.41534486811366
27551,500.0
27552,429.4036674464825
27553,64.14301053428234
27554,481.1117821973581
27555,423.7857057565262
27556,267.4210922303948
27557,500.0
27558,314.3319492613099
27559,490.97940355307475
27560,499.13761916787996
27561,52.55178651490025
27562,73.51827783665499
27563,221.05733166091235
27564,472.35395926154706
27565,498.75955076896525
27566,111.71580358589738
27567,477.9163676406583
27568,386.0541398004392
27569,84.99266935194194
27570,201.95490222512893
27571,58.058622184072746
27572,310.72771780177516
27573,423.0568633499039
27574,334.08776532046267
27575,450.7236814283345
27576,187.2560357861555
27577,499.78296929696285
27578,462.87358731802607
27579,494.41034482398265
27580,423.7428879812352
27581,411.2052330155519
27582,78.66147915240475
27583,491.5146502821905
27584,200.09624616172636
27585,188.16136910325898
27586,499.53241737098637
27587,186.58941098653156
27588,143.7731197533278
27589,108.45927979520323
27590,48.504692594278865
27591,498.8402797679138
27592,138.8014405824815
27593,404.0431890458142
27594,56.09124136121241
27595,123.01749245292575
27596,498.5527475207127
27597,244.27745320005727
27598,57.13714223069098
27599,122.44195360356764
27600,475.2997141238935
27601,74.08528948451007
27602,294.4629496374357
27603,494.9088676516581
27604,441.8482894114414
27605,58.989276120025494
27606,126.60657400064008
27607,54.58383579068223
27608,89.6032198261938
27609,181.06801239717353
27610,69.14057324335512
27611,366.68297678343936
27612,75.1813333657783
27613,143.40392392322946
27614,61.933132790715746
27615,251.2430807522141
27616,440.52456598475544
27617,46.15250411887193
27618,111.84043616231138
27619,294.2647498045931
27620,131.69534554760926
27621,182.87028847034122
27622,52.448070952958815
27623,481.19643878417446
27624,55.2871442476264
27625,114.32485017085845
27626,455.59704251154193
27627,161.17014081421644
27628,108.23663177450048
27629,102.73233875623728
27630,345.2605533605772
27631,97.88214565666557
27632,185.98078660201458
27633,372.2340281022018
27634,364.5332460124737
27635,76.04447168231076
27636,499.3381883147559
27637,61.18054939901218
27638,441.66681915971895
27639,345.4229847905056
27640,59.707633770179655
27641,249.76225685684884
27642,496.9512857200182
27643,54.62018151857751
27644,198.2284337997408
27645,142.97897002743142
27646,114.30765601132038
27647,59.83178975493668
27648,134.44890868291506
27649,122.61558571885857
27650,500.0
27651,57.280292232604936
27652,193.48361912378326
27653,169.2935145666
27654,493.99762124920284
27655,72.48787779794011
27656,188.67732646400054
27657,500.0
27658,498.8290247290161
27659,184.5236424030175
27660,284.0671541418772
27661,459.1544438275225
27662,347.24117697108727
27663,52.28615473505201
27664,497.01028036648023
27665,265.82930375206746
27666,196.45534797349862
27667,499.1211957694761
27668,488.8792782731713
27669,334.33693435331884
27670,500.0
27671,59.687913597713454
27672,124.12585680011563
27673,499.8365212493919
27674,427.37245124915904
27675,197.91710084136142
27676,42.89602724877517
27677,45.239590261452896
27678,71.43579818002594
27679,112.0248402671828
27680,92.60272409332887
27681,500.0
27682,499.3989042959789
27683,347.75244787695243
27684,355.1856203363641
27685,57.61876171360622
27686,108.13939808119137
27687,65.4834468700088
27688,500.0
27689,137.73098971820696
27690,299.0870404379264
27691,500.0
27692,251.91898347684668
27693,122.95625644511492
27694,104.82633135778738
27695,295.2813371835059
27696,77.82786778034495
27697,474.6116198439475
27698,57.48653929227618
27699,500.0
27700,333.30906119388436
27701,316.4690173349025
27702,500.0
27703,464.33245476284003
27704,65.67764585314174
27705,407.3039001981597
27706,156.2053037468856
27707,483.05889567259874
27708,500.0
27709,59.59412987907332
27710,496.9405853463853
27711,377.668242392823
27712,342.45144972577896
27713,497.1463983974178
27714,435.59923384854085
27715,205.02529910809886
27716,484.7699957429982
27717,117.67141447201222
27718,137.5335149424333
27719,72.52359580569988
27720,443.30248079133423
27721,370.9611842308114
27722,476.04865755870316
27723,128.32738930133712
27724,500.0
27725,500.0
27726,71.52107994347936
27727,296.6242844599318
27728,130.29422240841967
27729,195.1369201109752
27730,60.36348191576975
27731,500.0
27732,128.69207977908093
27733,379.60773826869394
27734,168.71746059893263
27735,498.9795501261609
27736,213.4588703459413
27737,249.78376663654018
27738,472.3456262257576
27739,125.34475143806048
27740,106.66790185774943
27741,72.96121485727781
27742,498.1534411086751
27743,396.47215259541565
27744,491.8726565976217
27745,443.92359637390473
27746,70.64302624274447
27747,393.1986784867063
27748,91.14770075041467
27749,314.57939402409994
27750,67.57403515491119
27751,463.1884994795894
27752,500.0
27753,471.9298618871536
27754,394.42845453890396
27755,438.35110346695546
27756,402.70753437493454
27757,162.17514325322088
27758,62.228316727725286
27759,499.1051038287252
27760,336.0120235227559
27761,500.0
27762,106.55815018427515
27763,498.81491112271306
27764,453.5434670270979
27765,448.6346594442632
27766,387.7193652854637
27767,494.36507676191417
27768,110.66111769452637
27769,151.52933925594164
27770,456.76886235069026
27771,469.8308680296959
27772,74.77799667906012
27773,183.8089534678764
27774,51.63058589049716
27775,198.88823149902362
27776,439.75295692449504
27777,63.89893816380379
27778,490.9170291414797
27779,248.86763990569528
27780,128.84931955500852
27781,277.76106857800767
27782,498.8861980134074
27783,462.6349566421379
27784,500.0
27785,166.6365157171997
27786,499.3591355494921
27787,440.64260206947904
27788,52.35304946841954
27789,61.96005200643495
27790,171.6520929951463
27791,500.0
27792,62.012539986897124
27793,498.9411162720901
27794,458.97780087010153
27795,376.48075451244466
27796,162.2604000288898
27797,499.16034979792346
27798,500.0
27799,329.18498366768245
27800,113.26567632901089
27801,102.76539138293762
27802,167.44847513506585
27803,499.435141482248
27804,76.99712110572054
27805,69.40084892067216
27806,422.1868812885744
27807,48.10162347528641
27808,152.6182158023721
27809,493.9118119013185
27810,168.6195416090299
27811,57.32017363851717
27812,497.37276983768595
27813,180.51261355519657
27814,75.63199286932785
27815,168.10974646126965
27816,72.79315670681298
27817,420.90600944754203
27818,183.0590807820977
27819,344.24003037346233
27820,497.542651128335
27821,72.53432324089862
27822,426.1206744556014
27823,452.1162276996008
27824,151.22548417772333
27825,95.35710326070455
27826,74.10009992892344
27827,441.92165290130856
27828,111.36935744061554
27829,456.68675013799776
27830,334.45361455153915
27831,500.0
27832,196.69007937068528
27833,96.88345965090998
27834,411.7800736949413
27835,500.0
27836,62.281311053201776
27837,500.0
27838,233.1676613234781
27839,60.67066455685166
27840,62.541842169176846
27841,122.44629537114267
27842,500.0
27843,189.00475068799886
27844,268.8531072704951
27845,499.4854234866458
27846,70.40953024169859
27847,50.92491842121858
27848,73.457957770263
27849,376.70618821703783
27850,488.1269493789136
27851,115.09692872877892
27852,68.9374403589184
27853,212.90196759015748
27854,117.82339546192827
27855,58.374838513116316
27856,205.50991662949355
27857,98.57580543741511
27858,57.34492130663648
27859,122.10948729085385
27860,183.81334820849835
27861,215.1168689018808
27862,57.891361654169195
27863,135.49996075159248
27864,499.7779064935852
27865,53.927747901498364
27866,131.82884320994637
27867,56.73410406107807
27868,192.75525956770508
27869,467.57823560999384
27870,49.611614609800306
27871,500.0
27872,499.14546790587576
27873,126.75656007667587
27874,113.0571208843509
27875,61.13958456915975
27876,493.34364888819596
27877,52.58433524541947
27878,130.47669803370363
27879,146.88742772826657
27880,61.431211291478576
27881,150.98886479542722
27882,122.09892206447913
27883,286.0120656212313
27884,107.41754190788122
27885,102.97387359698155
27886,60.66383043534317
27887,71.1060363962892
27888,130.99162668454397
27889,168.55450187879876
27890,500.0
27891,459.6441011821786
27892,188.75798000141208
27893,73.94072451146104
27894,461.7865047004214
27895,500.0
27896,188.2060347565148
27897,44.05902335238506
27898,449.2292238322735
27899,274.4075946161615
27900,183.34601230498492
27901,186.2075360078597
27902,423.42389150208936
27903,141.39460810759758
27904,412.809732666503
27905,60.96241101193941
27906,448.41982328045833
27907,254.29143171143195
27908,500.0
27909,98.36040581601493
27910,54.53750398909034
27911,106.46820679618725
27912,168.60650418323684
27913,61.26777407315252
27914,54.3394886081537
27915,230.65514846550442
27916,75.9353700295434
27917,73.06235989986116
27918,428.3081340443745
27919,500.0
27920,500.0
27921,53.50290071440872
27922,498.57294663579376
27923,63.10091968783581
27924,498.4831270793276
27925,67.66482086278408
27926,145.02290262959542
27927,100.69886462640798
27928,291.2318150898556
27929,482.7068983371176
27930,304.41871635015985
27931,49.881594657350114
27932,217.5517776754322
27933,122.13034277456728
27934,152.06200792348272
27935,124.88503949173763
27936,146.9642721787048
27937,266.72400995731476
27938,364.1084507402756
27939,91.98324442161157
27940,499.53918996637196
27941,347.3977517599854
27942,500.0
27943,437.60755805373765
27944,139.19044461393605
27945,135.79043748112315
27946,67.23359003255493
27947,482.9347891118849
27948,500.0
27949,50.702326812155206
27950,70.86330131971332
27951,500.0
27952,493.4572991407766
27953,500.0
27954,497.9092460349768
27955,118.05473526218745
27956,84.32035228841855
27957,317.5988174394748
27958,146.4019163792363
27959,110.78976348450077
27960,497.61752199480077
27961,103.37992061141574
27962,181.28661358062502
27963,500.0
27964,149.77713943257515
27965,452.53934844358
27966,102.94386098737218
27967,418.1500860244917
27968,199.01650811747336
27969,183.03032341139073
27970,339.0207593850795
27971,58.727305900945424
27972,129.7318500006962
27973,104.2654325813223
27974,67.35718107492825
27975,252.18325168740472
27976,270.1202564531902
27977,109.7451502797185
27978,498.20468793675343
27979,196.17715019634431
27980,98.33757317226596
27981,131.99993049907326
27982,433.03865451757554
27983,445.18173132653897
27984,415.27258636619126
27985,350.48193748979327
27986,151.93944589731097
27987,342.38809463061654
27988,441.0468754668895
27989,471.77061524987676
27990,53.97817444454209
27991,60.333355510102564
27992,166.60576355695235
27993,500.0
27994,500.0
27995,50.588191040637525
27996,161.12508617446014
27997,400.0587614418779
27998,48.20503934192433
27999,162.2563199047498
28000,351.91938093047986
28001,116.8055309746128
28002,62.499567402306326
28003,500.0
28004,498.72428563289554
28005,286.3839886316864
28006,495.6989153395282
28007,209.71406210822374
28008,207.07298948954167
28009,48.636920341736044
28010,348.6206032044747
28011,480.7613660427986
28012,138.9460819546657
28013,48.87046569111614
28014,498.70439981638054
28015,348.03386611187375
28016,500.0
28017,173.1215385044446
28018,443.0347340171535
28019,499.4612455475411
28020,500.0
28021,343.2956525836282
28022,431.6325746796749
28023,168.6184249336655
28024,50.37525232746346
28025,62.752174429258005
28026,75.47344917806292
28027,110.42424382865558
28028,111.5625981047845
28029,281.8085763118201
28030,485.8271209178713
28031,142.98103992475728
28032,257.46232959004874
28033,70.51207916501474
28034,159.8335007587874
28035,492.117038296738
28036,233.40537750066568
28037,67.76071269984536
28038,171.6601211424001
28039,138.5448199291375
28040,134.5002392975551
28041,45.16058845151943
28042,410.665544198039
28043,149.36305609608354
28044,190.69415663813902
28045,499.61897868023914
28046,270.2039345520209
28047,109.05274127617074
28048,187.34991542524574
28049,431.8368144194234
28050,435.82350634291504
28051,255.87815027579845
28052,128.9869114807184
28053,500.0
28054,500.0
28055,293.8566579614688
28056,480.692377967211
28057,92.43165474900326
28058,75.884070863984
28059,498.85638746241256
28060,60.89136309760086
28061,321.6536712761966
28062,266.93993494163766
28063,497.6645264928467
28064,169.72468367647855
28065,103.6592612367848
28066,73.62991418072318
28067,103.88225449342798
28068,64.87395540318799
28069,60.54296103267472
28070,488.8183746376166
28071,311.5669516160591
28072,256.68775545902224
28073,76.86855970780078
28074,499.5727873096513
28075,498.67788126940013
28076,194.028058922874
28077,500.0
28078,351.03811219859983
28079,335.06538087688295
28080,470.49735767885227
28081,496.0985431889711
28082,48.92702827275657
28083,114.61654303781705
28084,358.43245418814297
28085,79.95294405866058
28086,424.97648668921533
28087,53.041743737781346
28088,499.22770390240686
28089,125.67684635562473
28090,276.9472634057571
28091,329.57493365747393
28092,477.1176112814328
28093,50.68786376032381
28094,298.4596172168831
28095,174.96086592791468
28096,499.37230151289725
28097,69.31352797307999
28098,355.5222849666257
28099,500.0
28100,500.0
28101,147.2149448462995
28102,55.10393537554436
28103,176.85540410449084
28104,463.9597444768642
28105,63.61178884683089
28106,106.72157288370326
28107,129.12462746433073
28108,73.94611594658164
28109,104.40022751235479
28110,287.1825723631834
28111,131.25216502641982
28112,215.5475646461441
28113,416.5602985283809
28114,355.8022042284447
28115,55.62589461632338
28116,166.7736058691599
28117,430.5162123422629
28118,168.01381302153237
28119,326.5599526247405
28120,424.97527324720056
28121,110.46512264054431
28122,434.11476839979764
28123,500.0
28124,53.00168614492524
28125,498.32233615145674
28126,152.17979865773341
28127,257.9086428239167
28128,89.38184632009862
28129,460.99012799910804
28130,423.04920703156745
28131,358.94065738279824
28132,147.33860020420937
28133,188.95742744694934
28134,357.62387935632273
28135,57.372316976677894
28136,180.68658866286765
28137,57.81284440083808
28138,500.0
28139,344.78973419040767
28140,325.5875962740728
28141,127.92151386000928
28142,499.3268098126109
28143,500.0
28144,288.50852220726426
28145,499.6747121495656
28146,133.8535720935804
28147,499.9567868900948
28148,500.0
28149,72.35396726870981
28150,331.80182447650225
28151,60.81261415745605
28152,499.3806932846129
28153,162.78397840882553
28154,500.0
28155,353.26419491337947
28156,435.89774226984844
28157,500.0
28158,120.7119475944057
28159,445.3210974674423
28160,357.906336430241
28161,500.0
28162,93.96391932652595
28163,128.15717183346484
28164,500.0
28165,111.70581009023093
28166,499.28317743704406
28167,348.56967680998645
28168,457.02682012649274
28169,75.59593976664968
28170,99.2587038692725
28171,333.40888772223894
28172,494.28754397737515
28173,197.74088041347048
28174,309.8245918345048
28175,216.58224407978423
28176,436.55015315178855
28177,201.5256348841602
28178,121.57849609467432
28179,471.78500236771276
28180,165.73485869760367
28181,51.689554161819245
28182,498.87952874034374
28183,157.64342774182063
28184,55.26269269555978
28185,63.055644350205995
28186,159.90860540748707
28187,500.0
28188,500.0
28189,333.35815889531557
28190,53.86982098464932
28191,122.12262853779617
28192,116.27253594976688
28193,339.0052326118522
28194,431.52705071420837
28195,437.87250003569557
28196,276.313588074103
28197,483.74436818717015
28198,281.3511655451437
28199,103.46333304833924
28200,500.0
28201,50.158179456367634
28202,491.39191344549005
28203,251.61425092778052
28204,463.4483808315224
28205,174.32857476312932
28206,314.1782873363457
28207,409.80786755900056
28208,386.3421235105318
28209,469.04422251662504
28210,66.9286417417016
28211,137.95092055388383
28212,176.3531842180221
28213,295.2169649085988
28214,91.83166658849663
28215,96.67453691705549
28216,488.3107539045569
28217,109.81391267073437
28218,144.65429978670625
28219,493.5069231569052
28220,268.41406185029507
28221,106.69787902330549
28222,448.38587996754444
28223,156.93117263568965
28224,143.40260528322753
28225,121.61925249414077
28226,500.0
28227,83.84867852660952
28228,382.63943246096983
28229,439.25350113361185
28230,463.6906199691649
28231,177.1151932737153
28232,180.44657097286392
28233,121.73830834010857
28234,213.9249567631415
28235,428.97718293314585
28236,468.28428248622043
28237,335.6123133930739
28238,275.3948652387497
28239,291.6935039445691
28240,61.4672841482381
28241,73.4325320058324
28242,110.62400146367838
28243,54.32676359070702
28244,343.1089079465045
28245,157.0694714088487
28246,68.54938476058481
28247,480.6864217242047
28248,151.63540995419126
28249,371.8040666504255
28250,498.93035866567607
28251,436.8077718900462
28252,109.27638802654941
28253,144.72897478455354
28254,289.577717562831
28255,160.82920782086535
28256,317.70496513745013
28257,72.69981800412526
28258,150.7868733270381
28259,500.0
28260,496.64606459204776
28261,57.280336054414605
28262,421.0025547937672
28263,330.78782595807814
28264,105.8717703923834
28265,464.93662655023127
28266,129.30429529361953
28267,343.80001914918137
28268,47.326745561880195
28269,364.0600228616481
28270,196.49637083499235
28271,104.91096604080207
28272,444.97103478205656
28273,113.22990377366791
28274,102.99742946368636
28275,192.52270952415188
28276,479.66539042804465
28277,218.75476556039217
28278,277.6678542804391
28279,399.5280826666428
28280,105.80314000713861
28281,112.74867102536044
28282,437.05116905495163
28283,153.40540755403987
28284,116.5050315992626
28285,403.09798571265674
28286,64.54566368503407
28287,455.07297573249735
28288,327.5849346136823
28289,499.69760207651825
28290,138.3371408035489
28291,118.56696029349712
28292,265.7699465793814
28293,103.91651511790249
28294,183.0524182618688
28295,476.52544918004173
28296,72.6037164788418
28297,152.19861551737384
28298,260.0987522117928
28299,92.26817464558351
28300,183.2074356324806
28301,141.04789771735693
28302,500.0
28303,185.28991972783274
28304,429.53168978855757
28305,300.08940608741705
28306,104.31863174253739
28307,61.396108529619106
28308,497.2056705897136
28309,403.48527711760505
28310,120.16915728356324
28311,54.53891047704368
28312,439.79519906863493
28313,139.36100471311255
28314,312.33410937679275
28315,159.80997762040244
28316,84.48882670588151
28317,68.66318250713708
28318,499.0093301775528
28319,98.51792908626902
28320,470.04309324181384
28321,492.89607783249585
28322,347.94522169474294
28323,207.25145555425652
28324,392.94010152594706
28325,486.9356036014207
28326,214.26042973266755
28327,442.13843240529167
28328,500.0
28329,500.0
28330,486.988901405176
28331,56.89956775368382
28332,57.63527899371225
28333,183.54581289794362
28334,127.48992598868713
28335,422.166237671614
28336,497.51064844852965
28337,142.72046049490046
28338,70.99669136158387
28339,423.78791992533695
28340,391.6060323822668
28341,458.34021752580173
28342,287.84869498357483
28343,114.1327220064592
28344,193.0530580103373
28345,251.30615611112202
28346,404.25229632456177
28347,498.3759835218526
28348,497.4076499001959
28349,103.28260598079314
28350,119.11381555565254
28351,466.5259511520253
28352,168.52087434932577
28353,415.7113833576738
28354,500.0
28355,498.46743956594145
28356,270.3108358507332
28357,137.2474303021574
28358,56.269945865236394
28359,350.9390816189796
28360,58.03126033673189
28361,469.8860971072787
28362,85.65753611372263
28363,116.99601557495654
28364,104.63981647272118
28365,135.23124588401785
28366,48.09029437659396
28367,499.91914077805006
28368,55.499514777925185
28369,50.31449713219641
28370,500.0
28371,497.7514439967897
28372,73.52685846488814
28373,73.22168061432053
28374,500.0
28375,120.68091299293624
28376,252.72705292407517
28377,60.500124193722044
28378,53.93510966011177
28379,208.71039413954293
28380,142.16183629320045
28381,496.9573204329509
28382,169.75946490920285
28383,433.15480720743426
28384,446.34694326943406
28385,428.84560777273896
28386,137.13511708419176
28387,146.67548366073098
28388,58.6617317275221
28389,335.0915793302039
28390,436.84296038202035
28391,68.58377470855443
28392,202.7155100986576
28393,327.338837039964
28394,57.37987567860204
28395,137.20609254247117
28396,98.74620886500475
28397,153.38129131297097
28398,500.0
28399,67.0857081993886
28400,256.50046250625405
28401,384.51580675178127
28402,141.7697908223934
28403,61.32875846976189
28404,72.73433859541493
28405,271.274473290224
28406,479.85219303807304
28407,357.0351744748797
28408,349.24865592102805
28409,278.31536113032297
28410,154.72782876605044
28411,500.0
28412,101.74887620826175
28413,52.51497824123652
28414,66.14019864068814
28415,100.46451920055237
28416,60.0773065108351
28417,324.85169422347536
28418,165.91775695215017
28419,74.98922485173482
28420,400.1757100845791
28421,500.0
28422,248.0466089776694
28423,59.72199734015301
28424,453.0710411482409
28425,488.6910582269845
28426,184.0819582918273
28427,61.0942180205645
28428,183.49098347376676
28429,309.27624265063525
28430,456.6525835745652
28431,132.22042365989176
28432,326.16215102827243
28433,246.725708860907
28434,62.64391311421198
28435,434.7559857895907
28436,60.02669119385952
28437,154.92897132471322
28438,52.33959221892843
28439,498.77563148136744
28440,120.2183627351584
28441,64.77744248622466
28442,81.37327410791544
28443,190.32742382803403
28444,136.37072441122734
28445,335.16710168383065
28446,460.42759789548586
28447,500.0
28448,422.8502425333711
28449,499.29336844915997
28450,52.41482194469378
28451,54.574613951799364
28452,207.49766375548
28453,473.5036742545182
28454,56.21559812027914
28455,469.44518755467755
28456,500.0
28457,66.90551258886816
28458,304.6765114290908
28459,257.2032809015972
28460,355.66248196715486
28461,58.201847867098635
28462,234.85858723876993
28463,275.3349432295995
28464,500.0
28465,498.2043039663389
28466,181.97877276329123
28467,177.5557911708413
28468,72.41929490399593
28469,462.2881342188389
28470,500.0
28471,78.01680444642197
28472,453.0161824169656
28473,251.36153189764974
28474,402.56472662539505
28475,483.4207537490464
28476,500.0
28477,498.0337092213829
28478,337.85055027306925
28479,50.0318336026844
28480,112.9227224820404
28481,160.98802048330077
28482,463.7106189119193
28483,495.2097791109772
28484,459.2316300657377
28485,209.8103365503333
28486,391.45421000121934
28487,490.67404199287915
28488,498.6443041508077
28489,115.05440258895186
28490,188.64053288173116
28491,74.83977269005456
28492,457.4549215610492
28493,59.451507895306875
28494,456.757382533852
28495,63.14601839316823
28496,159.85921795615292
28497,161.00151341267917
28498,97.51030427277854
28499,432.6818571868764
28500,109.86229367787016
28501,50.48928875373492
28502,153.77121398539947
28503,55.753016089679335
28504,69.22953335468333
28505,486.75348678785076
28506,259.9079663878431
28507,312.46003277478184
28508,190.9388492751513
28509,55.47838856034677
28510,53.70148552046565
28511,331.69652588015515
28512,500.0
28513,59.23171555883329
28514,352.6673827457014
28515,319.62385406507303
28516,139.69960163464754
28517,55.90217950651585
28518,500.0
28519,140.932030397212
28520,446.49336710015245
28521,500.0
28522,324.45240974541565
28523,447.15329854616255
28524,72.45469077753651
28525,463.96182855134526
28526,406.55922615177553
28527,102.0085703932262
28528,48.31573626378753
28529,57.77722104431139
28530,277.47083762840333
28531,72.46828774209173
28532,109.11841682574685
28533,430.89890675462493
28534,60.57683873239823
28535,113.6157770534519
28536,500.0
28537,45.21078941777877
28538,254.75646991198244
28539,499.83186477883
28540,208.57269659849769
28541,290.27885864972563
28542,497.9639660637439
28543,108.63296998578778
28544,113.96203026978533
28545,116.51255080526778
28546,55.45857993909637
28547,61.96316447965343
28548,148.75654486223755
28549,483.3144564920441
28550,106.61662637148447
28551,498.8842977761334
28552,61.081350301421224
28553,68.04199158611007
28554,434.00839522063234
28555,494.3980681362116
28556,499.9619097954112
28557,500.0
28558,54.11827807283149
28559,331.38949730971126
28560,427.5701162238994
28561,495.75445144065804
28562,149.90533615372644
28563,143.4555617696285
28564,499.8837550782381
28565,61.24741294873939
28566,125.81926789183659
28567,363.02139539708725
28568,121.9229969429978
28569,381.64700925861086
28570,441.05432864972335
28571,146.6884806391989
28572,102.9924637782106
28573,500.0
28574,322.09928442975905
28575,315.60247552307504
28576,500.0
28577,115.13045287842294
28578,344.1372705201773
28579,482.33466584169355
28580,500.0
28581,131.89219131797518
28582,499.7607753170124
28583,97.35637655572776
28584,309.1175031067344
28585,131.68547581841946
28586,349.7525136522961
28587,300.2908270636344
28588,146.36314427272953
28589,498.945128620726
28590,424.08097182637783
28591,105.93085660644473
28592,351.4815211851479
28593,499.89141260960645
28594,58.211217961227575
28595,136.16132890067533
28596,113.51935941499194
28597,500.0
28598,494.7671135761896
28599,363.37377171188064
28600,81.7148395748825
28601,147.40536348324258
28602,120.2039242005603
28603,58.64665747074206
28604,500.0
28605,68.76087467422357
28606,339.77434677484575
28607,494.99539275645475
28608,500.0
28609,153.68859280206553
28610,349.00295612984155
28611,343.4176981017677
28612,154.22493687303208
28613,123.24492451632456
28614,44.52925608107506
28615,110.35787923429417
28616,500.0
28617,105.53879544694209
28618,500.0
28619,48.90808152949335
28620,500.0
28621,184.01967864925066
28622,310.1099580338957
28623,70.26266958157896
28624,65.22677516158255
28625,109.37058382619708
28626,50.17786642903075
28627,265.1607165218119
28628,258.8502125293759
28629,69.92559156735618
28630,313.5725823359957
28631,342.0491808884302
28632,154.08260250910106
28633,221.17661011910985
28634,442.71542452959557
28635,95.51512850309255
28636,54.605834125622266
28637,439.5109843672817
28638,175.06701619589214
28639,103.37906838876069
28640,360.0765935656329
28641,227.7599072817422
28642,48.801919984286556
28643,112.83830059573796
28644,298.42856179917953
28645,330.09945819274026
28646,66.97643058639056
28647,64.98319517451512
28648,466.6761667021095
28649,344.9358211230251
28650,308.89069241838195
28651,197.36794742353953
28652,498.7982330984755
28653,60.34403246851953
28654,176.6438305962303
28655,58.72081406743058
28656,174.07671097605868
28657,110.85105815267818
28658,500.0
28659,496.4512205675128
28660,154.92651412256438
28661,149.601359963954
28662,413.3434724636669
28663,148.3537632477977
28664,500.0
28665,149.3592196299175
28666,500.0
28667,489.0233170754751
28668,333.964162288057
28669,500.0
28670,411.11807771330325
28671,431.6118628121487
28672,149.8844352971776
28673,189.556451746044
28674,500.0
28675,61.26056482296393
28676,73.58642994173843
28677,118.20585355406206
28678,489.61888511778227
28679,493.1869015820623
28680,283.72875762577274
28681,416.19061467306955
28682,70.75046159342972
28683,499.8295386578824
28684,146.54497832843677
28685,109.04441686252522
28686,115.6723614562673
28687,101.82540029206478
28688,177.18371320428795
28689,326.3492674928003
28690,61.893599544267104
28691,57.35320311087921
28692,118.23195799044828
28693,497.323400030371
28694,499.87214301510505
28695,194.54075704476952
28696,429.94847792945734
28697,113.99801329119666
28698,170.83048627479695
28699,96.62478233831747
28700,477.41659408723126
28701,188.11022837012783
28702,57.50390613446485
28703,500.0
28704,51.440793419848404
28705,254.60290502815747
28706,48.78765487624782
28707,429.9095515208679
28708,130.6036603005802
28709,110.07849780483988
28710,262.40014939475907
28711,115.32055320385848
28712,92.9670664964201
28713,155.96175286661924
28714,133.65171982280543
28715,488.3728885176231
28716,499.2635024487589
28717,68.24997563311213
28718,72.94545544362954
28719,500.0
28720,131.1965468661816
28721,467.506068578667
28722,67.25168745811567
28723,394.2349459989031
28724,101.26402294447533
28725,189.10803478930683
28726,286.82734956246287
28727,132.88266707529945
28728,58.19336714772227
28729,449.86484406941963
28730,449.31891002853865
28731,72.32044523590022
28732,163.0350815317709
28733,498.97293156330875
28734,403.3110593289706
28735,298.17937938974507
28736,167.7471842353411
28737,126.53402790151159
28738,338.3674692939689
28739,478.95596669907013
28740,116.73653271507183
28741,375.4738124993996
28742,296.20615730386567
28743,497.993181291128
28744,54.19794685046203
28745,492.7902871279506
28746,326.2780380701063
28747,72.99361946574045
28748,125.28832038771985
28749,70.72762023671727
28750,332.99662175173137
28751,149.76609335167666
28752,495.17522050774915
28753,484.8138700447936
28754,495.5475746455686
28755,353.50065660967726
28756,486.3436367873021
28757,195.59707235934235
28758,271.46708543438194
28759,56.731828393479184
28760,499.89203002901417
28761,136.32950482711095
28762,54.311811344092504
28763,225.85283976993315
28764,373.58273027935104
28765,500.0
28766,108.01003876153251
28767,136.7646042753375
28768,185.6918863207272
28769,323.2962355140693
28770,313.46693913690495
28771,460.3566296953315
28772,499.6069999704436
28773,61.647076739791075
28774,314.94694543971104
28775,499.29962079619196
28776,105.09648929985502
28777,344.84088240129256
28778,61.77134115339012
28779,191.63532660572758
28780,113.5000349126122
28781,279.206990571333
28782,405.6002930810483
28783,98.58301810936436
28784,142.05845534473042
28785,64.6696282658244
28786,498.62966170024566
28787,175.09770109811848
28788,336.22568368920236
28789,494.44380704386333
28790,120.75987702350778
28791,178.89889949993912
28792,136.90299143901493
28793,51.519870336162036
28794,70.47326990180991
28795,59.11187572519165
28796,108.55019242885422
28797,271.24117656357265
28798,500.0
28799,50.12514175809328
28800,55.721875063609886
28801,164.5570142403733
28802,211.33859202791677
28803,58.00214896716436
28804,477.2921444147605
28805,473.26149523417496
28806,141.18130581383923
28807,499.5698366862491
28808,474.85480443156655
28809,71.51793890680254
28810,90.0690279814983
28811,48.270245660070955
28812,499.2456110737469
28813,58.64194740539253
28814,99.82405425021345
28815,284.5214903852116
28816,86.88574223938797
28817,413.39471642291926
28818,317.12921566292164
28819,215.82210186761688
28820,290.1580828268724
28821,77.83761627326999
28822,454.0202039175607
28823,348.63275668711844
28824,260.3726253489697
28825,444.40678004600085
28826,498.17241530409245
28827,149.95050897578028
28828,401.78894464802863
28829,122.42704834923794
28830,451.7922843420612
28831,393.820537001277
28832,497.50160840207064
28833,48.12673005287914
28834,148.76155968934393
28835,498.30596206784924
28836,284.2750008442208
28837,304.47537160622727
28838,143.27924813087378
28839,53.25691925658934
28840,452.76710123401426
28841,123.78222658933282
28842,497.61650414799084
28843,80.70990845555235
28844,315.8233602802252
28845,59.22641717547735
28846,151.17215885366207
28847,332.33770532781085
28848,489.4145437616342
28849,495.81871197118573
28850,173.3422111077653
28851,74.11169338472284
28852,499.9505337478541
28853,395.3950574013758
28854,347.99217723652527
28855,500.0
28856,130.85382664374234
28857,499.11893166683114
28858,65.09158179062649
28859,112.77694223694107
28860,439.5505530509132
28861,115.81220683852484
28862,60.26437947691279
28863,261.0072878249402
28864,332.45629709201336
28865,359.4377978880861
28866,71.12560406415565
28867,54.016147404344316
28868,149.32579338728186
28869,197.0898749370363
28870,144.3885992779601
28871,444.57088291368893
28872,499.4604993129868
28873,413.59523700080655
28874,161.7414819343731
28875,474.1331324999006
28876,62.57840425628412
28877,349.3885109028125
28878,455.6636392895809
28879,128.81057597380715
28880,474.89420944542553
28881,86.01427756750124
28882,471.5470518830003
28883,51.466475218676976
28884,498.3540305591614
28885,70.01092857537044
28886,214.11257458628324
28887,92.12594856026547
28888,99.96601333749962
28889,465.43260159572617
28890,51.42943942249435
28891,394.4506057442387
28892,356.97467434156795
28893,498.403297890024
28894,47.97479347266573
28895,71.52998878654091
28896,500.0
28897,50.48133323833587
28898,100.13765888268767
28899,442.94144575721657
28900,340.84673736386094
28901,52.61355724036808
28902,402.4618711782224
28903,70.9626935908698
28904,71.26863039381601
28905,107.79537451347082
28906,500.0
28907,48.555487770121104
28908,435.71549312877744
28909,114.23074612319805
28910,218.8587017624623
28911,409.90787014079706
28912,285.33445750806175
28913,218.37223300640184
28914,336.17025033350006
28915,178.89501699060406
28916,337.8644558869869
28917,442.7154912249414
28918,106.60158027832641
28919,155.72029225712834
28920,183.53582624202033
28921,54.191717181287764
28922,204.32744885260527
28923,499.992879361001
28924,44.22809737360212
28925,500.0
28926,67.10161777002392
28927,500.0
28928,398.78987285693347
28929,439.6000166740025
28930,58.084968007834306
28931,481.57240985090675
28932,500.0
28933,116.51546255130538
28934,74.72574508202642
28935,236.76451031637987
28936,499.72566178379407
28937,356.6088886466018
28938,363.8966164898759
28939,102.28597396945749
28940,447.77740774818824
28941,201.9504716634802
28942,496.4125239810968
28943,195.16159392840294
28944,499.13249429198663
28945,71.08033400297532
28946,259.1964763050555
28947,48.637945106047695
28948,481.66959687621465
28949,498.5961551094129
28950,109.1636404617424
28951,276.09635492469374
28952,148.145387523205
28953,54.00742727522596
28954,185.09858745973054
28955,286.80612912543995
28956,417.2710682438649
28957,338.7571761258899
28958,133.1456989501488
28959,488.9439029222823
28960,498.5454914884216
28961,73.33428739633136
28962,344.05866618372875
28963,340.02167992558435
28964,355.5667233405665
28965,99.91584786807499
28966,469.910888985292
28967,207.53518308377483
28968,168.10508619979782
28969,102.64308164799634
28970,197.9502238907062
28971,467.1426660852656
28972,355.35801068222867
28973,68.32618972008268
28974,390.09143982159344
28975,437.090396067372
28976,326.43879941698344
28977,54.727218609426544
28978,149.74242484998962
28979,499.8493713119448
28980,49.185026737078275
28981,350.0973086926344
28982,54.967211829537604
28983,469.42048154326153
28984,253.22171022542327
28985,56.08865213480276
28986,499.23295583932264
28987,265.71452227739917
28988,176.47059155553083
28989,88.80849541824824
28990,342.52746174059354
28991,198.26598203172784
28992,103.13065988882431
28993,497.5942731874733
28994,483.096414653877
28995,500.0
28996,92.06865960541374
28997,499.1376583573007
28998,500.0
28999,59.30672014007137
29000,58.05914892548358
29001,58.1434129362361
29002,170.04625682440232
29003,71.86590645246297
29004,499.37023598716655
29005,334.74818704729717
29006,322.27724255432724
29007,139.03965187421554
29008,345.4613149749081
29009,53.134640645146746
29010,498.43824892624593
29011,456.80355106856143
29012,500.0
29013,75.7242230839804
29014,208.91835551247965
29015,47.62420025408317
29016,498.3598207442278
29017,63.251143763654795
29018,72.91975146748163
29019,47.79306676888632
29020,69.67398245451471
29021,452.2186105534489
29022,60.01929352723114
29023,54.258972977756116
29024,73.9072033422215
29025,64.42546436602436
29026,53.11476745332799
29027,282.75529721133796
29028,167.27029827381136
29029,105.85254680788822
29030,335.7699395847004
29031,45.5303331796445
29032,109.05064997332002
29033,57.8321390400382
29034,126.98994253311523
29035,101.75961097001205
29036,144.5281656539629
29037,104.0476843801256
29038,47.63760274911687
29039,189.9936944078272
29040,96.08031799523839
29041,56.04539024197159
29042,60.672488297432366
29043,483.5048043719021
29044,475.10329215843603
29045,500.0
29046,357.6735512270083
29047,56.95401420229031
29048,104.91125736513325
29049,49.9677100295528
29050,310.5735126203746
29051,188.9596879744823
29052,52.93358820124125
29053,140.96320739905258
29054,293.0870075941686
29055,312.1066497701814
29056,68.07136170544271
29057,205.6999172251696
29058,105.00354586817627
29059,295.91442352746753
29060,53.82795480298698
29061,104.62005732761317
29062,128.82482896566853
29063,196.79866837892996
29064,128.22593970741408
29065,56.52348217077296
29066,280.62267723768224
29067,499.2640226825987
29068,49.416068106235045
29069,72.11199765037084
29070,58.234159122896116
29071,308.4128758869403
29072,500.0
29073,57.80575138191904
29074,341.77231810035676
29075,158.35586664462772
29076,186.1031232519434
29077,59.461406286164504
29078,498.43850398754273
29079,498.385647986721
29080,500.0
29081,282.00026431653146
29082,132.9927274985991
29083,72.7118645465067
29084,210.3272362926542
29085,144.52770166935088
29086,472.775666504637
29087,249.1000991606428
29088,60.231197852152754
29089,110.27400373171268
29090,86.2665031112566
29091,331.8418978325494
29092,75.28954769928549
29093,429.44622109519264
29094,111.23473778731343
29095,451.2787810811835
29096,450.91853518878133
29097,71.03046796716491
29098,116.3822689127822
29099,115.25000531943755
29100,71.70765151881622
29101,125.73755361872513
29102,57.755157247459444
29103,334.29807068644925
29104,105.74676900227327
29105,342.3349275042534
29106,116.4579127868439
29107,204.86747987347482
29108,142.34305295506095
29109,56.0351355283308
29110,147.21989196891843
29111,145.14030474223927
29112,394.0297221987537
29113,440.34251648855616
29114,452.51547603885064
29115,59.61863117789113
29116,206.72615129080705
29117,499.2737740765282
29118,206.6728385856314
29119,110.5922063056151
29120,396.4939154790385
29121,188.0192110704178
29122,383.6677792353491
29123,52.99248290887812
29124,264.5934718812589
29125,130.62150152329562
29126,114.41602705496318
29127,256.1529395533664
29128,149.48147206198357
29129,441.42110265390284
29130,136.49679706143215
29131,270.0468044314203
29132,449.249276080198
29133,278.9303780269181
29134,129.21398344073216
29135,343.5848010429282
29136,124.54155729206502
29137,190.3415363908469
29138,128.9552134088465
29139,205.2596679113762
29140,432.9894792284614
29141,61.86512152080118
29142,194.25054829658606
29143,256.56431141866176
29144,354.11656486221153
29145,498.2859920236543
29146,182.3326445633129
29147,426.583416306078
29148,213.05763579947023
29149,146.7627693856336
29150,350.73523631696565
29151,500.0
29152,467.2358965300674
29153,438.4547980017789
29154,193.83022494869897
29155,499.568818139022
29156,135.13539988348975
29157,463.9019343395264
29158,63.600889617634095
29159,54.52586370308806
29160,466.809976251783
29161,498.0841816543332
29162,496.41196297704266
29163,207.28057332759607
29164,307.9337822996438
29165,196.0510790606586
29166,124.90690829095078
29167,153.15975753260147
29168,62.26389402849932
29169,500.0
29170,130.84468215501093
29171,48.16090199545353
29172,170.17887354790284
29173,330.4058921489628
29174,58.55181556832697
29175,469.6228141641817
29176,496.73076802404256
29177,464.1796348038332
29178,500.0
29179,112.04760483202361
29180,335.55376069188253
29181,105.21914715745282
29182,166.0857031147408
29183,286.24157815640893
29184,92.78320035725484
29185,499.32607219126055
29186,499.5046831319975
29187,489.2405422374661
29188,73.641738296945
29189,499.04058228950737
29190,500.0
29191,276.37542878259114
29192,499.3877942168126
29193,70.00250414004599
29194,293.5579890959798
29195,383.7604705157816
29196,183.61459731600016
29197,499.68150186055504
29198,206.66782570674297
29199,50.9639403325552
29200,337.00466193934665
29201,108.92346872620018
29202,75.81796508348465
29203,492.8333780444307
29204,97.78174873779372
29205,56.19596485113897
29206,498.97373355956825
29207,349.4402285031048
29208,58.44942813547035
29209,198.09245422940012
29210,178.1512079264842
29211,192.9358011134421
29212,66.03330054192253
29213,51.70806902619704
29214,214.02740633526233
29215,452.56868135007574
29216,60.39472935040338
29217,60.416400401203326
29218,51.67063389422384
29219,500.0
29220,500.0
29221,103.52127374543687
29222,63.40358253321011
29223,500.0
29224,470.6810809709348
29225,123.15848890079226
29226,127.685797670602
29227,462.86307104786334
29228,354.0712082088725
29229,72.65694391517302
29230,500.0
29231,114.14276646691545
29232,450.53705562878406
29233,139.42747951475712
29234,488.49054262088794
29235,171.31908552342898
29236,496.16650346360825
29237,118.93012209315737
29238,354.4265299173753
29239,345.2833376262811
29240,60.19409796629917
29241,460.9970419994721
29242,265.20222517467096
29243,199.94582279184996
29244,194.64682415228606
29245,106.66957365016
29246,184.50681608224363
29247,500.0
29248,268.85902828199505
29249,491.68638497164636
29250,116.66545161089272
29251,318.6207823105049
29252,105.17784794859695
29253,328.92175550364743
29254,468.6206423727752
29255,499.1031192352364
29256,204.99502220629677
29257,331.42428783304683
29258,119.15535694820176
29259,99.9394066960667
29260,500.0
29261,402.55708484415084
29262,71.30689993712019
29263,477.2607565046955
29264,109.09415349017914
29265,58.82935102513764
29266,43.40396509861294
29267,438.29304291397534
29268,59.97663119562364
29269,482.7508639401326
29270,108.73210182661632
29271,500.0
29272,498.79238429484036
29273,184.0232156486602
29274,68.81190294356624
29275,114.69731779997315
29276,498.7624808781509
29277,246.4573302710411
29278,491.1848700418461
29279,61.834149811527844
29280,213.74292015119858
29281,74.98542645916666
29282,424.7680951367872
29283,199.3184745441588
29284,240.42786789143824
29285,172.76390031546032
29286,464.9034207047024
29287,96.91228392879864
29288,500.0
29289,58.86821469205678
29290,436.3185257026714
29291,500.0
29292,302.1026179373473
29293,496.82027711274543
29294,55.8075715157391
29295,466.0644823964036
29296,445.2439975247205
29297,333.73578967653447
29298,194.71381907920951
29299,420.1085075368145
29300,496.629016835996
29301,444.4178281351789
29302,337.7918851078471
29303,60.84804637361041
29304,73.86241355160492
29305,200.4672782196297
29306,343.85635925364573
29307,426.31332952497473
29308,472.3535242855388
29309,68.42768766493214
29310,133.34183897687353
29311,500.0
29312,413.6553153136574
29313,331.55248933744133
29314,461.2324518182679
29315,414.19520311723466
29316,246.1509137709149
29317,341.68115989928174
29318,500.0
29319,100.33657787488119
29320,336.47204561775914
29321,113.55123208486859
29322,105.42209215320582
29323,462.40984026512217
29324,421.79769584789904
29325,463.285676296465
29326,118.60495374843592
29327,62.8015958882614
29328,448.8680781654122
29329,284.352877576359
29330,379.28801815206475
29331,351.05837606907585
29332,455.86806979823666
29333,447.41206740234344
29334,243.8542141210789
29335,108.53446829605889
29336,150.12575767295283
29337,189.03852605471963
29338,482.4529445711612
29339,131.45217042789554
29340,337.06629941404293
29341,56.61315523707049
29342,440.133014697081
29343,142.27977379313242
29344,499.2164558138486
29345,76.38828721483831
29346,229.17153380608028
29347,84.97180663334892
29348,497.070043205581
29349,340.75931777352696
29350,266.8702289673924
29351,256.9789207922719
29352,455.6934773053247
29353,306.7382516230144
29354,492.75989445975745
29355,116.9091685988146
29356,58.064146544573546
29357,463.3778034319747
29358,439.35118004695664
29359,410.43463449196804
29360,329.8715950298186
29361,496.2114908564711
29362,103.60596437309599
29363,500.0
29364,196.89294181710272
29365,293.0971577399175
29366,497.7799013737779
29367,432.9447194003918
29368,500.0
29369,395.97380184877613
29370,500.0
29371,71.8807191643946
29372,117.19171244118125
29373,496.63324513388375
29374,480.94471965809294
29375,461.91531252022185
29376,95.0338504945344
29377,466.58579707764056
29378,300.47733670584677
29379,155.07404883215028
29380,195.81704809115425
29381,411.12901922996883
29382,113.8107697621707
29383,149.83546451360345
29384,52.68392148712869
29385,50.12364454935441
29386,182.40519580935378
29387,185.5917520563725
29388,160.28972273104785
29389,69.25197959570312
29390,461.588522000823
29391,162.0061140937007
29392,473.2478836513639
29393,481.1944521279215
29394,493.3666197863102
29395,204.55817344330012
29396,500.0
29397,180.68376631704726
29398,57.31922539824998
29399,93.64762491995045
29400,56.90761817856104
29401,371.9930002610819
29402,452.7130446931851
29403,334.37083963275984
29404,300.84273274077134
29405,395.05005682023386
29406,281.68687044368676
29407,322.9997217802778
29408,342.4958313136003
29409,77.86336026997816
29410,471.89906971812536
29411,225.6972084215077
29412,499.1564970975574
29413,50.68489398145315
29414,107.7725015732685
29415,498.61520324338795
29416,458.1827962777974
29417,56.546016790806924
29418,444.6680412479651
29419,331.63538595875326
29420,385.6039989441301
29421,348.0450320443592
29422,162.5310754794748
29423,57.39325486543713
29424,120.84318382274135
29425,181.29364311000177
29426,463.98976412934553
29427,59.50677309426975
29428,120.70560306049263
29429,107.73146039645667
29430,500.0
29431,161.42437542853665
29432,344.48543135859563
29433,465.322097720246
29434,78.36145872246995
29435,350.9000230854564
29436,75.43890725147736
29437,57.512616745164884
29438,142.77665324948728
29439,58.31547331499466
29440,492.9216679164457
29441,279.9037765134926
29442,206.751529128141
29443,472.7751076120412
29444,58.270926746907264
29445,48.16544495053698
29446,58.125103772180964
29447,441.8645412700499
29448,94.85741916719206
29449,284.65148634801136
29450,73.70880589244094
29451,43.13606386301182
29452,204.97988934654052
29453,95.90060293826572
29454,186.44971189322663
29455,128.842737930414
29456,177.05442365357726
29457,500.0
29458,124.52161259862109
29459,482.09013447752886
29460,500.0
29461,278.8735908319034
29462,150.86290267766236
29463,494.46200531451103
29464,56.26039934377202
29465,341.4877113957682
29466,499.58267272861985
29467,436.19177294106714
29468,496.70811644492437
29469,500.0
29470,496.4260154527625
29471,328.70999574514843
29472,182.13254966307818
29473,96.39888153309126
29474,126.55383936849532
29475,416.54463544008183
29476,51.258526418521754
29477,56.23261793538494
29478,489.43007757727446
29479,451.6112268441305
29480,481.62491174711715
29481,263.2439839346109
29482,267.4020903146273
29483,47.01612443578953
29484,56.78298397096336
29485,478.5781033862909
29486,500.0
29487,262.120434801041
29488,75.98081489198415
29489,376.9413042999455
29490,59.9212255062761
29491,495.64878880295
29492,196.92626728225056
29493,59.300996463156665
29494,123.72682745675732
29495,292.10558487332946
29496,81.54996530467835
29497,268.83983065318955
29498,302.43650887692485
29499,297.683503015463
29500,500.0
29501,287.66282728250576
29502,145.84052872756797
29503,500.0
29504,500.0
29505,164.2535409833435
29506,108.160023331422
29507,259.315380738832
29508,60.72203571788809
29509,51.81811769745754
29510,106.0444742613232
29511,53.28310997499765
29512,355.90436366458175
29513,199.63215985260464
29514,49.15266349944504
29515,500.0
29516,218.91494234765796
29517,105.42073588384997
29518,272.6087161908111
29519,183.33244596552944
29520,168.71206414010305
29521,375.2139883187558
29522,57.31547536159596
29523,303.27977260510625
29524,102.16318872256906
29525,52.326989610891594
29526,57.259375619298694
29527,401.4894883630628
29528,103.63097931697831
29529,497.75382094469666
29530,411.2696398438501
29531,500.0
29532,441.12644922309755
29533,111.10902739746562
29534,54.91231937504851
29535,473.73356216357206
29536,500.0
29537,128.58943723132336
29538,496.04112610040715
29539,304.8434511089638
29540,69.78269269020214
29541,198.21110708475422
29542,499.3954370485605
29543,73.11113513805498
29544,464.48596508789905
29545,252.73244255878922
29546,53.483939701262656
29547,500.0
29548,500.0
29549,349.86650673445195
29550,500.0
29551,497.6277473586397
29552,65.10185608316337
29553,412.24339938494916
29554,170.15120578510408
29555,51.30973029209676
29556,500.0
29557,54.85129231779475
29558,88.27854036055281
29559,155.13656449378493
29560,499.90689335233833
29561,399.68367398641504
29562,183.27585759213937
29563,500.0
29564,60.73701234526584
29565,199.62093158360221
29566,500.0
29567,182.32845990602925
29568,395.17535499826306
29569,497.9316994447235
29570,499.7270518648396
29571,108.33734759792844
29572,164.63323242602382
29573,184.13400869636288
29574,150.39145821704957
29575,498.17692620445735
29576,97.02195214503746
29577,128.59517044209866
29578,57.26295485220699
29579,499.6366795845221
29580,168.39703097495112
29581,63.14816961679878
29582,449.62057307720136
29583,491.5319828809652
29584,193.64624850673943
29585,500.0
29586,137.71270654637183
29587,71.09669867442214
29588,477.2551454376391
29589,169.82176967804543
29590,103.97147288371693
29591,499.8341464205213
29592,500.0
29593,56.238601896294625
29594,71.93089194225391
29595,336.779970771211
29596,196.86653208366823
29597,450.9323676334666
29598,188.8554923341032
29599,495.1494206135677
29600,494.4245661263187
29601,113.18274425442317
29602,101.49359117419537
29603,184.908079185117
29604,324.04500569855605
29605,74.92543296249289
29606,457.4963848757867
29607,221.21172775805894
29608,474.85199662788904
29609,371.3321058734138
29610,44.29246951721712
29611,73.96406375692561
29612,327.3468370067428
29613,130.7510257598556
29614,473.92606514380356
29615,197.84456392602442
29616,70.99586504109101
29617,500.0
29618,159.10692053041416
29619,148.92171486352697
29620,325.4724462223406
29621,444.66249408253714
29622,54.906588026742845
29623,319.064302819794
29624,213.5483988024305
29625,60.06700934592698
29626,323.41765602736166
29627,89.48191008181306
29628,292.29087321560587
29629,103.05760726715658
29630,147.95661614328355
29631,152.68437795143996
29632,499.8585722871968
29633,323.4304742040021
29634,334.7397014946211
29635,498.88709682814266
29636,155.9788661438646
29637,499.24493714516336
29638,48.31318077875504
29639,178.71859947669282
29640,500.0
29641,107.37743907354755
29642,94.13920958100748
29643,70.3233273753296
29644,457.0715132936591
29645,210.55661404296342
29646,126.22766215028102
29647,497.9813062425732
29648,146.25324263464984
29649,107.85474783388887
29650,147.8896341480331
29651,189.77069564583772
29652,128.12461115023802
29653,491.4142169485693
29654,65.72169636303823
29655,328.26327848326866
29656,56.1643711015439
29657,499.0694883305557
29658,52.0105179986026
29659,118.52925657672228
29660,98.6609900572053
29661,433.5309296270108
29662,62.308031084029054
29663,487.3254033622477
29664,368.8403192219235
29665,48.046550712580796
29666,73.50695260762797
29667,212.5558446206045
29668,385.48669313991604
29669,112.98679006226115
29670,500.0
29671,468.65959770327447
29672,495.1887513503868
29673,459.13351706629726
29674,431.3590582392427
29675,395.51167749554037
29676,497.8384282547957
29677,111.12849724116745
29678,193.1154060109918
29679,489.7571727762388
29680,359.6285374249217
29681,493.4972677188846
29682,53.29755501776657
29683,48.67228415413954
29684,60.2711833085425
29685,122.01478463160251
29686,492.8254448878013
29687,298.9195609923466
29688,475.03211610028166
29689,404.9043340706652
29690,474.649358688259
29691,171.8952048046265
29692,476.7363307613664
29693,500.0
29694,123.09067408491316
29695,43.33089828433505
29696,76.80122812865841
29697,437.63429129804535
29698,87.38487100384408
29699,500.0
29700,146.60331197679105
29701,320.9722522783982
29702,500.0
29703,257.7682766274787
29704,469.5970966491328
29705,257.9573547895117
29706,145.2979151322404
29707,500.0
29708,105.89618185609793
29709,117.04764625836542
29710,494.944274770636
29711,55.83968461560101
29712,49.065335172128314
29713,330.6245087958962
29714,453.39532843985364
29715,442.96745816331804
29716,164.33814788501985
29717,317.51343398821456
29718,53.32052150636571
29719,440.9251462907232
29720,500.0
29721,60.06938692394889
29722,334.133169740985
29723,499.923316950519
29724,107.47013653980838
29725,476.31817831872286
29726,499.30370671565447
29727,65.7578492013819
29728,122.63571926768395
29729,500.0
29730,496.23280849633704
29731,74.45388557766661
29732,489.8103001840639
29733,106.69360631590277
29734,497.2790065059985
29735,72.3433997449568
29736,500.0
29737,55.483745095545245
29738,344.0766025986745
29739,62.87246120149659
29740,192.37132557102115
29741,188.9981167006561
29742,500.0
29743,495.8526633074547
29744,480.60850007856817
29745,128.26756352816324
29746,80.21000816372212
29747,126.45624632684417
29748,212.34682896648832
29749,500.0
29750,500.0
29751,97.75220969259075
29752,292.5391405503608
29753,273.2557342473924
29754,469.3600713149111
29755,496.4364991631721
29756,416.69494610584127
29757,127.24431372405144
29758,261.5863208749548
29759,476.47582449767685
29760,500.0
29761,175.474263062944
29762,422.736733154602
29763,51.54236439650328
29764,422.3053629052286
29765,499.37785304022833
29766,104.78584902594758
29767,104.35235264804692
29768,60.672799103508716
29769,339.1723680611126
29770,448.31269072789075
29771,57.166079886118595
29772,499.1203924128138
29773,60.74112672092959
29774,175.03633927683913
29775,394.1332485268142
29776,500.0
29777,109.91156986665602
29778,56.930411213298036
29779,90.93568147922213
29780,350.8692038001752
29781,107.92339480856728
29782,76.07494689228929
29783,68.09864619972808
29784,156.80707689117986
29785,498.52837554721737
29786,80.23381793005495
29787,73.98683642856818
29788,57.75925441128001
29789,106.8486108242093
29790,430.8171063857916
29791,126.66151393031467
29792,406.88013893774007
29793,70.96259122308086
29794,57.49620002262986
29795,173.28978325209164
29796,444.53154713693516
29797,327.41871387720283
29798,499.2678031447265
29799,476.5849330949487
29800,72.18297981823756
29801,349.042606595387
29802,500.0
29803,495.8580641087616
29804,151.07627702990763
29805,135.4761338150904
29806,217.85831527956856
29807,52.7039863562948
29808,350.7464235572754
29809,121.30474566419737
29810,500.0
29811,61.81623130525661
29812,91.06865487246674
29813,342.182189968646
29814,393.52827857306056
29815,68.39569319316723
29816,126.87884438707609
29817,55.94869839104679
29818,474.16101350608903
29819,48.52610864140571
29820,272.8844770199489
29821,95.59167449297952
29822,412.3826193167297
29823,462.0557856231677
29824,500.0
29825,54.09560932243238
29826,157.27639102803352
29827,191.9097835682701
29828,482.47603672244304
29829,384.7164204233816
29830,500.0
29831,166.921262280534
29832,133.3897670077195
29833,174.19551523202975
29834,100.79804378868211
29835,62.67856017428522
29836,170.81569790148
29837,104.52291782650522
29838,180.62985042680856
29839,451.6106479073376
29840,485.31984011351824
29841,499.49151689191706
29842,498.9946014129773
29843,422.02415851473415
29844,93.67753703524902
29845,492.2232860547367
29846,58.56270781615568
29847,73.89444515657088
29848,291.24908631490007
29849,295.9739114433117
29850,94.35128584303094
29851,106.06080955903175
29852,499.6210004573655
29853,179.3280497622339
29854,274.5285362537092
29855,66.84781360009337
29856,307.00523231233547
29857,103.19913719237627
29858,493.8209278512178
29859,46.34376746539316
29860,170.8749477088713
29861,497.57880157066666
29862,54.42935280813964
29863,196.3202315183322
29864,123.50959964280668
29865,497.88247583630255
29866,416.6659445034831
29867,453.1781009070261
29868,177.22545395132943
29869,500.0
29870,54.58075272362272
29871,58.59279088286549
29872,460.80608295385184
29873,53.02159694654752
29874,500.0
29875,128.32806659907823
29876,64.00762774436669
29877,478.5279735767165
29878,293.41861482229245
29879,417.66150762001644
29880,172.59848098403572
29881,280.4817192528801
29882,346.2420234191234
29883,454.8898551731395
29884,49.20747370683149
29885,424.9873574710041
29886,217.98168829594204
29887,61.33114225708235
29888,278.95447453542016
29889,413.3215254671972
29890,105.15680874704745
29891,69.92099632601843
29892,492.3194436704788
29893,218.14384686304464
29894,434.9570296689522
29895,160.17113764590724
29896,450.6434002581277
29897,500.0
29898,57.91194848664264
29899,500.0
29900,71.11796682220955
29901,105.66606980776854
29902,500.0
29903,496.7536773006077
29904,126.43968009932969
29905,92.7259821222176
29906,498.69234086262645
29907,134.90621165449562
29908,449.9254671918658
29909,141.5507488539542
29910,63.033641775961485
29911,326.3911376278138
29912,53.517955782103904
29913,66.31431219428566
29914,388.6758286908196
29915,111.83381935134588
29916,168.97814779893315
29917,87.78417198759746
29918,355.58580360272356
29919,138.51178564210338
29920,126.56006593050739
29921,255.5181471709252
29922,128.12206886986388
29923,500.0
29924,56.720942204978435
29925,73.91043427703698
29926,50.817087500685965
29927,138.07890319937331
29928,60.50543743967776
29929,480.44818719191187
29930,500.0
29931,424.5656330697632
29932,183.77745979099774
29933,414.2695516468207
29934,457.1458859260092
29935,62.66570566358426
29936,460.84792943356604
29937,138.8055354456548
29938,79.38529995949696
29939,74.65001638032552
29940,434.8373411545838
29941,500.0
29942,486.97402190203024
29943,186.7751274545692
29944,464.4359584478667
29945,458.7701734187882
29946,66.7423818198248
29947,456.17976771218105
29948,55.80762685655604
29949,500.0
29950,113.71077726689542
29951,497.519089782979
29952,71.85359543123482
29953,410.95066387185994
29954,139.94022197426312
29955,357.17027631264887
29956,116.40349019782023
29957,56.28152720782817
29958,404.35705692466115
29959,499.7541181157833
29960,453.2546995617271
29961,324.03776162029476
29962,248.30939755537213
29963,215.89990895383744
29964,336.9513212141463
29965,426.4645072932396
29966,341.74254580594385
29967,180.26402343001985
29968,56.65278293336962
29969,165.88060575738706
29970,262.2294695433009
29971,478.54375524828356
29972,56.42532573996155
29973,499.46507138262257
29974,131.46602715809232
29975,153.53333222193976
29976,438.04300543661293
29977,56.99009019608167
29978,461.7589528686158
29979,168.23626333620763
29980,339.27048328322456
29981,140.09262788645148
29982,496.70474312697917
29983,127.48469015984828
29984,350.6583765228295
29985,285.5993278982552
29986,120.89126692702817
29987,486.3326649755387
29988,481.57004376840223
29989,139.82890939010662
29990,255.69853447716355
29991,311.26400597420695
29992,272.23215932249025
29993,101.64626756452165
29994,498.02153232815317
29995,125.12268114626254
29996,73.72741037658533
29997,183.63643982510152
29998,99.11822827736214
29999,71.84131155830023
30000,76.49159396275942
30001,131.80151156729465
30002,63.84867997037395
30003,496.5270524337956
30004,470.32321652463224
30005,468.60637102982867
30006,499.588969605693
30007,78.9939760812751
30008,53.36873042632937
30009,72.29449499591453
30010,500.0
30011,459.14957843141127
30012,88.17312927295552
30013,219.00727281209157
30014,204.15748344447468
30015,95.66405313677993
30016,427.6331300492151
30017,181.78045973178598
30018,70.56138067596271
30019,500.0
30020,59.15720924673029
30021,59.73198803423893
30022,118.97031064127465
30023,495.6612266637936
30024,305.9327780574505
30025,489.9421001989258
30026,321.1480598666533
30027,146.48786805549292
30028,355.0995924384809
30029,104.7222753115934
30030,204.95748196035848
30031,444.1868075611834
30032,500.0
30033,49.60811460760297
30034,321.5235250015689
30035,321.07104542535455
30036,71.93785653142514
30037,453.5003927470116
30038,51.73519442551852
30039,254.6057068148317
30040,106.98297455968886
30041,500.0
30042,106.76205229484634
30043,92.84600722856331
30044,89.10589912540537
30045,153.50056813200408
30046,478.24033474377745
30047,124.49934065809
30048,71.59707827162376
30049,281.2078930746244
30050,347.33805341709746
30051,343.00600083394806
30052,149.47721806701423
30053,223.67695036957542
30054,57.62597845852925
30055,93.35799505366639
30056,495.52332398639356
30057,230.381046284768
30058,103.15679295220293
30059,500.0
30060,420.08875572585464
30061,309.73643328498974
30062,181.40308694603507
30063,500.0
30064,55.85089754168733
30065,499.79559257267283
30066,445.9721459020665
30067,499.30731573208806
30068,47.45505571341568
30069,500.0
30070,498.99215702203594
30071,115.70504278022679
30072,487.10980835803576
30073,110.33637112307193
30074,500.0
30075,87.17350048184898
30076,450.77478697405485
30077,186.39240783338656
30078,200.77577174162053
30079,500.0
30080,117.21291426270304
30081,499.7143761899921
30082,289.04070001410787
30083,458.41071947724197
30084,394.45492802349065
30085,120.39567849359605
30086,495.3260918972461
30087,79.5755111168187
30088,102.60919219534597
30089,75.33538399073231
30090,243.8041877496967
30091,58.4044858062897
30092,56.06756385411738
30093,123.18500353423062
30094,453.91040900080566
30095,111.19380511575181
30096,60.11222603823693
30097,177.72596404520692
30098,55.71256949048734
30099,454.92546735836004
30100,112.2631785253521
30101,359.51469560752696
30102,145.3871048020845
30103,61.04128102497303
30104,436.01018463873663
30105,280.3833940952143
30106,350.8311257053979
30107,500.0
30108,440.06620105634806
30109,260.30188775067853
30110,51.525411016592834
30111,63.32297430521433
30112,500.0
30113,500.0
30114,145.99656906607464
30115,500.0
30116,461.2779497434037
30117,461.98508623046075
30118,115.83811366255682
30119,111.14746277698896
30120,499.6935563567379
30121,122.75296985443507
30122,268.0150454186295
30123,500.0
30124,216.69229030086612
30125,188.58394801903032
30126,347.39993888596496
30127,217.8246251966279
30128,451.16737377222887
30129,177.95512659634375
30130,495.88531939398797
30131,83.64130427014376
30132,137.93259092844795
30133,497.12990064192525
30134,497.509176574678
30135,147.35561325411467
30136,103.97721108148495
30137,63.80043280665242
30138,500.0
30139,63.01754464821322
30140,292.6652478133844
30141,499.05678526293616
30142,66.78364274042737
30143,78.78347655036063
30144,59.17397120953315
30145,435.4377856648224
30146,48.57563612906917
30147,134.32420362828583
30148,71.76868019600661
30149,197.58823472078166
30150,500.0
30151,499.10304671735605
30152,208.97120206135335
30153,263.86475827125423
30154,198.77352451173903
30155,109.76999713336971
30156,499.31650231935663
30157,60.248917946225404
30158,205.3998285385661
30159,496.6817515436421
30160,153.07532396419185
30161,471.5539238407096
30162,335.00665837431706
30163,107.7430069514028
30164,198.27479272651843
30165,327.3890762418882
30166,147.50802679125422
30167,117.68339358944414
30168,499.47407404791556
30169,129.19337991378745
30170,52.12247401419267
30171,168.08394730853544
30172,446.26910690077773
30173,54.90597177935523
30174,500.0
30175,119.11785572876488
30176,188.66170498570054
30177,471.99485978631674
30178,58.7978162723606
30179,474.49676881643666
30180,298.87966134024555
30181,500.0
30182,498.8689357546457
30183,129.98023250572703
30184,86.10479220274144
30185,335.84917528718904
30186,499.381392452084
30187,131.24010131580212
30188,114.77676939218263
30189,52.25676123572066
30190,291.20982915747214
30191,386.99967700789284
30192,408.8918015909408
30193,499.31869114170905
30194,223.14525568696067
30195,296.5634420721459
30196,499.9078679478645
30197,490.4740804959505
30198,106.03016293163202
30199,184.14916170919804
30200,46.53755565173929
30201,493.2003379875577
30202,478.3890906129327
30203,191.92627741701034
30204,115.61577833601288
30205,260.08946086403455
30206,116.7289073656579
30207,246.0215096733657
30208,49.93531645143857
30209,329.48793271325246
30210,59.084945106012526
30211,53.932054489480066
30212,94.36234705521258
30213,190.35678645462127
30214,444.03023362359914
30215,70.81234382173272
30216,240.46359473699192
30217,381.86936083700397
30218,71.36210985047984
30219,465.5369471213797
30220,486.22060612466487
30221,264.04272496802196
30222,339.80699533346746
30223,109.68921892786736
30224,462.889076002759
30225,275.5993386367202
30226,51.70721443842861
30227,266.50514186084126
30228,386.02459432255995
30229,500.0
30230,265.3022441265342
30231,59.54529087215041
30232,500.0
30233,56.612270111196445
30234,500.0
30235,56.77693433414295
30236,500.0
30237,497.7777919690766
30238,70.68495271632938
30239,133.7426457216727
30240,443.09692406578955
30241,73.9968971826024
30242,154.8166746581438
30243,364.028850228735
30244,74.05182669211447
30245,278.93352532708406
30246,500.0
30247,433.19258365555316
30248,269.7299867041246
30249,108.12507747213999
30250,178.30103756831747
30251,60.305826579500305
30252,461.5140200795198
30253,75.4926356442753
30254,63.24913034206253
30255,191.75598498545946
30256,188.67405524132892
30257,74.59208184606557
30258,76.35886027269524
30259,500.0
30260,129.7825725475455
30261,61.22667278235177
30262,409.93429466502585
30263,144.67430083981802
30264,212.31733619552847
30265,467.4327311829136
30266,370.57844930344436
30267,73.21937661991878
30268,207.24548996232335
30269,417.4443576746404
30270,124.23824091286704
30271,179.4694789817576
30272,117.89071537275727
30273,51.58165376947708
30274,119.69761072698418
30275,249.79561818576664
30276,499.70211588688915
30277,114.10858563181591
30278,52.87193395961735
30279,105.62648269545537
30280,201.75441405917644
30281,426.45987510744015
30282,185.55078436647727
30283,237.02779977253363
30284,123.40496482826431
30285,54.108683951311704
30286,500.0
30287,58.75274270040724
30288,191.1237151695433
30289,58.48355596005389
30290,435.38042199083543
30291,108.50589929611832
30292,123.39006085364491
30293,500.0
30294,147.8634608574128
30295,473.1540900986341
30296,118.8575174285837
30297,110.77929023355848
30298,499.68221310350543
30299,83.86779409689855
30300,400.7422212158141
30301,120.71577100051496
30302,195.85851089058565
30303,61.6002662411904
30304,450.0262554937189
30305,319.13096246890683
30306,310.5211245494356
30307,61.46155258322611
30308,70.83788100312928
30309,404.85704840840685
30310,66.74921704611634
30311,500.0
30312,223.24143933841128
30313,422.5573291548094
30314,416.36422900689024
30315,411.92885189292895
30316,94.78002122640684
30317,252.39767634537947
30318,155.76162392449714
30319,188.96940174109926
30320,403.3691657994368
30321,56.4387470175449
30322,100.60938605161692
30323,193.78557099396016
30324,482.58689443446644
30325,94.34362875783323
30326,186.71190735258807
30327,128.89774896966148
30328,151.59173718452246
30329,108.77237316664122
30330,97.43346283722417
30331,500.0
30332,255.5624237290296
30333,105.42356136787666
30334,500.0
30335,69.11700926374019
30336,163.15483735418928
30337,119.79844589808437
30338,288.4435446434715
30339,129.7785212482068
30340,423.2990861508878
30341,466.845439427427
30342,499.48120789459017
30343,389.1687429077706
30344,64.74173054109482
30345,115.62327272754412
30346,192.35578196742702
30347,470.8671781061884
30348,500.0
30349,58.77998030284674
30350,57.789898948935445
30351,233.8036863821069
30352,112.63933359990239
30353,145.58355588981374
30354,483.75924433495084
30355,175.68168033300208
30356,284.9282269610929
30357,63.00393779709761
30358,282.09385237352194
30359,433.0778907724332
30360,497.5804096313748
30361,500.0
30362,443.9304710455346
30363,143.5076190818425
30364,449.39237543150307
30365,474.7418141936665
30366,54.44388952356007
30367,497.6888349078672
30368,500.0
30369,68.32822790726556
30370,180.69155720079578
30371,500.0
30372,500.0
30373,464.1629299294807
30374,268.9358707585235
30375,208.990869264913
30376,403.2641389748337
30377,105.70453548156988
30378,494.94033827606813
30379,101.33486039076595
30380,59.410266147842904
30381,418.30281300021306
30382,482.39731727735324
30383,196.78931423956476
30384,136.98700045328192
30385,138.4391913777693
30386,194.18743560514736
30387,465.0088669935283
30388,500.0
30389,114.06984906602358
30390,201.23290966286248
30391,316.52561031389996
30392,196.05639211673247
30393,492.70541753492626
30394,128.13229696537144
30395,389.44693848249597
30396,182.48488108142521
30397,398.6932842766922
30398,69.52068035602217
30399,284.26448067921405
30400,107.32919483534909
30401,291.4689087595905
30402,488.50284219408127
30403,51.273166023226665
30404,54.26345433266172
30405,476.94200398654027
30406,492.6631477128067
30407,500.0
30408,96.10180397846801
30409,144.74332162807931
30410,500.0
30411,497.6902233744868
30412,500.0
30413,70.4370019965479
30414,160.10440004914204
30415,432.41694821742385
30416,421.7888553591053
30417,275.2952502019707
30418,99.70171344856422
30419,415.05957110031517
30420,498.6865881447947
30421,427.73014302331
30422,382.2156118505451
30423,340.52907723478586
30424,58.344709041150765
30425,411.061536380814
30426,355.16053283597773
30427,467.92499971866596
30428,194.2472070179731
30429,73.26128896250111
30430,372.25301055151175
30431,474.43174963285765
30432,141.798537642061
30433,500.0
30434,466.206782778577
30435,165.56398517750964
30436,59.480625292602426
30437,500.0
30438,420.461883276436
30439,500.0
30440,465.07633098925805
30441,499.8542898703563
30442,497.8877369840979
30443,108.88530120625568
30444,52.66893322570286
30445,104.86636645007813
30446,76.98154129313976
30447,500.0
30448,500.0
30449,109.29923516669864
30450,58.137841234394685
30451,459.6357900370628
30452,500.0
30453,175.33376277084898
30454,500.0
30455,61.81766406874438
30456,134.84601365542795
30457,472.7552999435166
30458,300.3408012914598
30459,127.37339302525237
30460,493.73633714753356
30461,52.194621932491614
30462,491.66420792317797
30463,482.13787584357806
30464,489.07683142337385
30465,132.46272460892652
30466,151.52036916963215
30467,453.56695049359143
30468,358.0304925725767
30469,253.783412917838
30470,58.60988235131083
30471,61.20587291470159
30472,196.68710812706132
30473,261.136980086432
30474,133.9191325616886
30475,354.8096082771315
30476,188.5524665880138
30477,102.5605906427846
30478,500.0
30479,420.96070443057687
30480,109.53419514455003
30481,59.86340400378478
30482,100.69336964721893
30483,395.83791906085634
30484,500.0
30485,145.368876931721
30486,320.86703536121826
30487,186.79706042764013
30488,104.99995476665694
30489,122.35114373508354
30490,428.206751148479
30491,109.1644075203187
30492,283.9466068920697
30493,278.98135925745123
30494,174.35248943708953
30495,182.32013669658357
30496,325.4917499955674
30497,351.217304517274
30498,215.96363986262833
30499,340.53989594510335
30500,438.37388938712115
30501,110.9241314548866
30502,248.5728008436913
30503,268.9411452547755
30504,500.0
30505,358.5361016831436
30506,118.08950847778229
30507,500.0
30508,485.3140014178034
30509,500.0
30510,270.9281126335968
30511,396.6266556019307
30512,282.2756920232471
30513,338.0686863598696
30514,472.5899247523028
30515,58.893672900703706
30516,113.92897137853811
30517,168.35289501401436
30518,498.06497529385484
30519,499.3324906505836
30520,125.58664941648189
30521,117.69075262219408
30522,274.8937334827083
30523,398.73746813055857
30524,307.1794555025391
30525,496.91719551147435
30526,179.40778848703607
30527,72.78988477545812
30528,92.38450517020122
30529,318.73818176086496
30530,465.7786396200526
30531,239.43604136584077
30532,337.1018109398016
30533,499.1036683950201
30534,155.2240766483132
30535,500.0
30536,245.55447844452763
30537,189.92076111770638
30538,268.8403428023122
30539,54.12054291724668
30540,500.0
30541,72.68441787165033
30542,350.23213320942784
30543,93.13229304713505
30544,219.57222420525525
30545,90.36551293769084
30546,500.0
30547,179.1729992886468
30548,500.0
30549,143.43152195552034
30550,94.60619529044233
30551,101.04252555480114
30552,499.82431251824755
30553,60.21907385517919
30554,499.8687254843453
30555,424.61270013407784
30556,59.78519797199846
30557,139.49662278947636
30558,499.2127954771581
30559,173.45284757378482
30560,97.72349544238222
30561,441.23206340859235
30562,92.7973206857471
30563,66.97570764451397
30564,500.0
30565,121.17227164399608
30566,126.30286982729189
30567,166.58948448193493
30568,124.76161886211972
30569,204.4483550190169
30570,58.43977813550261
30571,90.52642905728091
30572,106.99475662421388
30573,74.39564516277937
30574,444.64920777556495
30575,335.02662525049845
30576,428.07111192183345
30577,498.4539199556476
30578,103.98721742882152
30579,57.851032062085764
30580,314.9549898168036
30581,455.5979381663159
30582,488.7159856812065
30583,151.90062546788818
30584,52.85061548205479
30585,166.69876840140896
30586,52.6390493993094
30587,63.851372324030606
30588,452.4469382351863
30589,60.19332737922154
30590,70.46996374608382
30591,492.6365752971352
30592,49.673971324669466
30593,61.002085132776386
30594,436.8872285803484
30595,212.79935343930134
30596,62.65168069587704
30597,489.47456677384235
30598,465.8273574282407
30599,179.69909489907354
30600,263.4714113189285
30601,445.7053439620108
30602,57.20006516244486
30603,189.04036699303816
30604,500.0
30605,278.38266608845043
30606,59.811719378296615
30607,348.77808227799716
30608,76.6229319836635
30609,58.98003787680483
30610,129.61826505919635
30611,60.56994678492989
30612,499.9642947505722
30613,404.4637771052843
30614,113.99392968982043
30615,383.3892425789011
30616,338.4755351506835
30617,422.19449880016
30618,450.99984041028665
30619,499.9946502119842
30620,344.83695758243266
30621,353.41801460800235
30622,474.3869319005391
30623,99.2745647505219
30624,372.12236541718744
30625,453.2474628119141
30626,411.37247165045636
30627,281.0362425308479
30628,261.52993061336156
30629,345.0629199286574
30630,56.562252161887244
30631,92.66216438395978
30632,350.230241643391
30633,60.59246173040612
30634,147.98601229956626
30635,178.84411834418444
30636,352.60029149862703
30637,405.2334714857627
30638,95.59539011027964
30639,183.2852996131376
30640,500.0
30641,127.43975580108167
30642,88.11287137631513
30643,153.10549021710654
30644,273.7802884265577
30645,59.49740002301233
30646,64.61837760345972
30647,371.49424458666533
30648,457.531656616253
30649,313.7775729108551
30650,188.28871744889605
30651,123.32826231620837
30652,150.9804359485254
30653,264.3113916002183
30654,410.16239258301977
30655,341.88557423791485
30656,411.37491878007995
30657,76.01628582808695
30658,500.0
30659,495.5724484122591
30660,491.6336168613018
30661,118.40089221396406
30662,323.3840162937189
30663,54.16146524168023
30664,299.0553223599661
30665,300.35814193147064
30666,409.6069818156622
30667,129.4322213907427
30668,72.33216408057218
30669,61.579684109414366
30670,125.43370467030138
30671,65.55469289584529
30672,487.96072460494406
30673,375.50530401223494
30674,229.6224475254562
30675,110.09939778352933
30676,66.14895988054096
30677,161.86898489782232
30678,96.1912029674204
30679,87.29772237889607
30680,103.797986168899
30681,115.53416140847628
30682,58.800397045120604
30683,411.5023707043066
30684,49.61965831273186
30685,321.3550897887369
30686,103.46598518667238
30687,144.55344755560384
30688,326.11088283718544
30689,53.61788817621522
30690,464.60280197059353
30691,56.18703540804009
30692,58.04489610136012
30693,106.4877180394566
30694,214.98438494887375
30695,107.32676640962197
30696,500.0
30697,58.18001848786618
30698,107.40372005597138
30699,496.4950126689847
30700,63.98445720210113
30701,88.66378430777786
30702,86.49290682384293
30703,402.8643615948839
30704,176.13835955349754
30705,308.2963752628744
30706,216.05164679886968
30707,41.73459509014624
30708,79.17226539761118
30709,172.50267332583516
30710,489.3518432807876
30711,105.87521939086544
30712,169.12079704477227
30713,279.55383131982137
30714,345.9753054991829
30715,339.98969686645694
30716,58.65461858210335
30717,165.03316668320014
30718,429.96312258069486
30719,89.97825098669301
30720,113.91266084759785
30721,63.3328441018989
30722,109.62161182110538
30723,443.97112883518923
30724,110.13082761942402
30725,141.42340972690675
30726,481.2628994492329
30727,447.1907867900979
30728,123.43806558654376
30729,499.7428076882051
30730,73.18084762097465
30731,180.31230978950572
30732,482.70770367536863
30733,109.29380555437773
30734,145.9688066131837
30735,500.0
30736,56.57009831764074
30737,371.3459877241078
30738,204.6226634106664
30739,108.81612974448473
30740,162.8391227060776
30741,461.9645898629696
30742,59.451296520387686
30743,60.117247034050465
30744,500.0
30745,350.9018476765849
30746,441.41514099761014
30747,449.61089018890345
30748,299.3374617290403
30749,450.24580683766646
30750,219.91550150282595
30751,60.06222899410969
30752,146.7341311230665
30753,145.6172302125864
30754,330.0269882712825
30755,217.5781148800291
30756,58.76887795795538
30757,145.2661291831668
30758,388.98256342689086
30759,172.4004534402934
30760,301.2527047908842
30761,499.60715327403625
30762,116.49291798027976
30763,73.04647410483489
30764,349.85614409642176
30765,49.27650076377598
30766,298.9223738413349
30767,70.12595564528868
30768,94.44228807260218
30769,70.54324881937532
30770,330.9884957989948
30771,128.3063194115465
30772,108.05944557554623
30773,372.13047909904566
30774,303.7216085204172
30775,302.72432752898777
30776,239.74923676330127
30777,435.4806013740314
30778,126.97814380755014
30779,213.30781671888235
30780,73.13929144113777
30781,175.7460335093267
30782,495.1426908434466
30783,218.39994510907619
30784,107.85404043720293
30785,261.5412453953238
30786,344.0995962898982
30787,479.6077420129002
30788,249.79047989498707
30789,258.1833656854327
30790,395.76214587870595
30791,183.6631261857387
30792,138.85295539681016
30793,414.7665986633793
30794,500.0
30795,500.0
30796,343.68737568518645
30797,491.280864072962
30798,270.4773535515236
30799,225.55058342692348
30800,61.21823300409014
30801,101.66147375548042
30802,395.2870033624491
30803,500.0
30804,499.5959978849948
30805,491.4408587735592
30806,500.0
30807,76.61991249811655
30808,270.26831242089133
30809,57.2740043034044
30810,67.1568955255143
30811,135.68867120260342
30812,436.57187045372336
30813,201.48620786297377
30814,295.4752026839811
30815,168.25595337442948
30816,498.624401879846
30817,437.19871295421376
30818,51.18882346366671
30819,499.6855972148621
30820,222.3915829485199
30821,58.16570979012732
30822,336.07546430555226
30823,500.0
30824,367.0642459578643
30825,60.20051788078392
30826,245.9570322506836
30827,56.708806435063856
30828,68.08811356257996
30829,209.6793439967458
30830,500.0
30831,276.42698998264154
30832,272.708657049606
30833,105.49732737645834
30834,498.24572940400185
30835,436.13256479147765
30836,280.67785539794636
30837,70.88430789889624
30838,346.6652702228515
30839,379.4314680701604
30840,439.7681212306164
30841,328.93682047071513
30842,121.45160736636869
30843,122.37530883516177
30844,52.68487398277843
30845,260.27658503195414
30846,446.91184205691593
30847,70.34134740315832
30848,262.76944307467556
30849,119.35552999927427
30850,96.71604693153847
30851,114.77359978480115
30852,205.94835542764844
30853,179.13746868605062
30854,72.98613965537143
30855,60.638471533508906
30856,327.69057304348826
30857,160.12035204636777
30858,55.848434006925494
30859,58.16058871308903
30860,157.45307495400746
30861,83.83029589034197
30862,61.425419984473365
30863,177.3511727128656
30864,163.19005163247326
30865,500.0
30866,405.3879698781193
30867,122.92653583496126
30868,177.43167359260548
30869,249.20509077245146
30870,63.73803154104107
30871,54.41635989931049
30872,333.36419235441565
30873,249.51755270167592
30874,500.0
30875,177.74314514715286
30876,499.2046290492789
30877,59.38800776673497
30878,175.28527093196269
30879,104.53619087366877
30880,72.47951885773858
30881,278.04362009049174
30882,441.28024943807156
30883,186.00259665003983
30884,138.38438296435135
30885,500.0
30886,56.419504550813855
30887,500.0
30888,117.41388234668364
30889,490.4591594247507
30890,48.11578744635203
30891,59.29918609149402
30892,500.0
30893,57.42020402166953
30894,53.688656492209574
30895,123.56217932890323
30896,54.94977837725118
30897,92.41815261377913
30898,499.19172934460323
30899,469.19379810610843
30900,259.27087969267245
30901,143.04794297169724
30902,119.92112064766053
30903,242.89505873130838
30904,146.04545223324672
30905,78.08181197334137
30906,482.29012338377083
30907,53.817126452226674
30908,143.43657659031967
30909,105.37835206630459
30910,192.42537763254995
30911,493.4591770084825
30912,106.40619759470732
30913,458.2075057504169
30914,71.68749721543558
30915,74.4091637168128
30916,500.0
30917,447.9457839063167
30918,162.0006043427811
30919,344.41175060046686
30920,73.76794626582787
30921,58.15781573483415
30922,426.98754725229685
30923,415.93083190995804
30924,260.9672396103286
30925,474.3186535236643
30926,48.06274495918219
30927,182.58138460738428
30928,378.5248823422633
30929,450.08075821826657
30930,283.56158122621423
30931,118.0971393649109
30932,500.0
30933,245.52045329858618
30934,500.0
30935,99.23381574708097
30936,60.504463747709664
30937,129.03699457368873
30938,167.22433987766357
30939,500.0
30940,340.1141944982303
30941,53.284925099576085
30942,102.49389420335608
30943,129.7160770988668
30944,73.88400119330586
30945,456.07627046636117
30946,111.59547244652444
30947,500.0
30948,107.2165278575855
30949,500.0
30950,101.31470870477078
30951,188.5947552264393
30952,187.13343964492077
30953,469.16501805434825
30954,136.88300248669378
30955,500.0
30956,500.0
30957,49.402362851683236
30958,414.19142670459985
30959,427.2544329373692
30960,499.34405868130426
30961,480.3499533880204
30962,101.61709913434072
30963,480.6418606325078
30964,77.43920661251249
30965,125.71259176983605
30966,385.9371499810119
30967,452.8615399004292
30968,56.923811646029534
30969,99.94257686611854
30970,171.72343872521768
30971,118.0849662982408
30972,53.223250031922824
30973,319.8023486954033
30974,105.55469535235558
30975,339.400493706312
30976,385.0646660927847
30977,305.6282117831264
30978,276.2427809093313
30979,443.4235542269207
30980,108.76881537656243
30981,345.1266554511497
30982,72.78410087482068
30983,432.70116483894105
30984,112.35652909298497
30985,56.02195664544265
30986,57.81991137950892
30987,468.3662666825172
30988,408.6859135977221
30989,332.2074187031553
30990,492.83327742084725
30991,179.42163098467506
30992,478.1224012242752
30993,248.08978448223817
30994,499.88893412707546
30995,499.68246937207596
30996,500.0
30997,115.60532886797517
30998,97.28084466427026
30999,500.0
31000,145.46398330251503
31001,187.2042403780338
31002,253.59942003146756
31003,55.19626998568101
31004,214.68307365142925
31005,68.05284998110217
31006,499.16992938381645
31007,500.0
31008,147.84713077533598
31009,70.8390501544189
31010,191.5455744000085
31011,58.96942742749939
31012,500.0
31013,500.0
31014,192.40299504578786
31015,57.95285748621972
31016,133.5118314042332
31017,54.61325073780374
31018,436.8400419611193
31019,57.89740376678037
31020,116.65834329434543
31021,500.0
31022,55.456114138795655
31023,432.0113147112926
31024,428.27942900201947
31025,119.7958181767454
31026,316.5929983880743
31027,463.2629267432693
31028,453.1951152069947
31029,332.64691922411816
31030,62.8282148823739
31031,187.25851273424587
31032,372.76594042400586
31033,411.10210912922804
31034,241.55020704334177
31035,500.0
31036,244.13752423524386
31037,431.1287998604455
31038,438.3675486044591
31039,168.50046400827833
31040,144.9398225916278
31041,58.57591088481881
31042,96.08996817003273
31043,350.6793620432941
31044,461.9329197309613
31045,59.453189378719614
31046,432.1862716385921
31047,103.2182999537887
31048,149.0330219046004
31049,112.48240523785594
31050,274.20079865437253
31051,105.88767297779793
31052,192.1814289131476
31053,500.0
31054,105.3019719382765
31055,150.54794419779614
31056,468.4438547238627
31057,481.88501617702826
31058,495.61701089320394
31059,175.21843700648662
31060,500.0
31061,497.62833386570867
31062,481.258260581654
31063,138.08329774936735
31064,499.266210602972
31065,102.38635044553021
31066,61.362921958875525
31067,477.0568472296176
31068,333.94724989201256
31069,72.14441798437538
31070,57.14880199214709
31071,188.4497347465391
31072,114.88708492698584
31073,57.34213899733385
31074,68.26859771933061
31075,399.2421000735585
31076,177.75329003282752
31077,235.59559314759144
31078,362.32934221074834
31079,58.72183808006979
31080,487.66416805127824
31081,180.72383513109912
31082,424.9778826408478
31083,323.9627587780421
31084,71.51346493931788
31085,500.0
31086,326.0447404420138
31087,244.87255012438172
31088,238.67078810801695
31089,59.38289776952847
31090,61.60007479382169
31091,147.83468927640058
31092,68.05782491994061
31093,118.87128955654069
31094,500.0
31095,60.76388413754757
31096,498.432262920497
31097,500.0
31098,490.15544777259686
31099,98.24962007827143
31100,59.53058220840488
31101,62.597172843899465
31102,62.12711028394726
31103,103.27653170348776
31104,488.88381658657
31105,451.5675131224574
31106,109.64643921322579
31107,408.3278450518817
31108,142.61991307114633
31109,232.23788084417774
31110,113.25920342256052
31111,471.7348672985878
31112,46.86046436782363
31113,176.8338793347805
31114,96.42051276363202
31115,500.0
31116,212.3785065905062
31117,476.44047913822556
31118,459.7625004786289
31119,57.05817295932532
31120,162.7909775328652
31121,164.08273174279861
31122,499.99415369481676
31123,275.34294611956483
31124,49.60559675247242
31125,500.0
31126,256.6776888738681
31127,56.679435577320035
31128,189.39703839773256
31129,56.80276694953152
31130,73.14973136290155
31131,403.13487166888734
31132,498.11862669633234
31133,98.11488202893955
31134,491.4165897579986
31135,67.43403527935428
31136,358.3575607822555
31137,499.71641114905185
31138,500.0
31139,227.11915953896045
31140,436.74897288176055
31141,78.2004523344531
31142,490.30943109092897
31143,455.02323733444183
31144,64.96615740008201
31145,500.0
31146,67.08753885759522
31147,430.9268668643267
31148,500.0
31149,145.8926929935595
31150,190.26172920695493
31151,269.9510150683822
31152,455.9287277384011
31153,167.96660981593922
31154,148.774924507128
31155,257.1079837973918
31156,134.4296765429053
31157,343.56035671434495
31158,411.22442105684274
31159,55.80107681723814
31160,124.49810774073725
31161,500.0
31162,109.85350299519317
31163,129.8994755186913
31164,499.57361899010834
31165,128.52490170890965
31166,483.1302827620415
31167,500.0
31168,57.45624936144128
31169,202.90597262746843
31170,181.71660370555082
31171,61.13453963624262
31172,414.24314275800293
31173,109.94994699082356
31174,106.62693330710718
31175,63.09458524546601
31176,126.31924513300862
31177,299.0615575933908
31178,71.18671739999184
31179,53.01855723608698
31180,486.8260216077018
31181,317.06883964061007
31182,148.75330663982953
31183,350.68133545615666
31184,299.0578960734215
31185,494.7680779278267
31186,498.56647045043826
31187,500.0
31188,121.3942244181141
31189,495.1677568066148
31190,168.3838907781652
31191,344.75952475510275
31192,49.995570578128834
31193,322.50074714935903
31194,115.31308386901244
31195,125.73184702593575
31196,500.0
31197,461.9166527093697
31198,499.1261388284544
31199,493.2176969513563
31200,276.1508298230548
31201,476.4905451328019
31202,189.9288732177332
31203,497.4726033016406
31204,120.37061569028228
31205,70.44229961182737
31206,54.96408677314506
31207,154.84777999077943
31208,288.10015684466765
31209,57.89205517462209
31210,53.6229040599419
31211,491.7200954307962
31212,311.6350384532027
31213,274.9404472601283
31214,456.45864730461074
31215,73.42144633902616
31216,340.5973699027441
31217,500.0
31218,153.76322368196807
31219,500.0
31220,51.449832698117305
31221,141.19502482789164
31222,413.0569579959656
31223,61.56519565766213
31224,368.7268681410521
31225,99.16189076723475
31226,130.15683612241747
31227,67.94494418728306
31228,201.0003233156167
31229,106.91425964287521
31230,499.299716025718
31231,180.74369638154752
31232,448.3097939460215
31233,325.49579350396596
31234,498.225480156391
31235,346.74905617837385
31236,53.03554957520207
31237,168.68661306914748
31238,60.65675833310567
31239,267.2500590828191
31240,124.19623554892449
31241,52.03383146858516
31242,436.2793187147736
31243,393.94391051181253
31244,104.07165538342058
31245,186.75643050197715
31246,103.68246090661663
31247,499.9214556219362
31248,499.9813876447527
31249,442.5659547382411
31250,109.93847866467235
31251,500.0
31252,399.6411679748153
31253,463.001338187376
31254,194.72287056226247
31255,70.00100838580583
31256,60.03214835126678
31257,95.18597008112742
31258,500.0
31259,500.0
31260,456.6147712533383
31261,500.0
31262,500.0
31263,465.32292284308744
31264,127.85572521491332
31265,56.41662774205692
31266,498.0657991982325
31267,214.42292606947103
31268,424.53153835232865
31269,257.72691615241587
31270,384.8000543704714
31271,76.09688976208822
31272,59.85719013397897
31273,116.93277877910569
31274,173.76842274045174
31275,215.2991898732127
31276,123.72569479522238
31277,272.54295035272787
31278,493.9486224113188
31279,499.9683279705057
31280,213.55226260678256
31281,107.40933489808185
31282,97.24885690996689
31283,56.15475335489785
31284,102.68032397478595
31285,316.39998373438584
31286,497.0606887625721
31287,498.83219806312627
31288,245.84968594366796
31289,399.07128645150334
31290,46.78339473757803
31291,499.96288351858436
31292,111.11425180855778
31293,410.902738062744
31294,500.0
31295,336.50465667775984
31296,165.07743675653927
31297,74.18774642030286
31298,63.99149546907789
31299,193.29541092192204
31300,124.22438798951052
31301,105.09634368155324
31302,350.9222961959093
31303,58.308549232263516
31304,499.8325018202451
31305,500.0
31306,166.81039325223776
31307,127.14174945064808
31308,498.6029189957606
31309,496.38294061208376
31310,495.65384154702167
31311,180.07415458642208
31312,488.43952930392624
31313,60.08212121455141
31314,123.99817114472901
31315,500.0
31316,500.0
31317,70.3962968527706
31318,71.43241854451949
31319,59.91459375761121
31320,215.0859902294929
31321,495.2644864455433
31322,57.984300050225514
31323,491.8256339832784
31324,464.29809077947823
31325,215.67810022710012
31326,369.7637211574238
31327,500.0
31328,61.55223467269681
31329,260.3338683492574
31330,144.56263829517582
31331,423.75875942699963
31332,201.81653861663798
31333,445.36672480152214
31334,204.24694297501685
31335,151.54816740566184
31336,161.1726458950926
31337,499.6344544498563
31338,115.5116075044058
31339,125.41540733766452
31340,105.25055209204494
31341,103.50249579205493
31342,298.6584549955873
31343,109.98221050095515
31344,373.77582410311675
31345,453.24549026482987
31346,303.26777162212454
31347,499.78342558878035
31348,287.7007557465485
31349,73.12330644403114
31350,500.0
31351,407.95429721154164
31352,57.9609427374878
31353,139.55368878037405
31354,258.10190319059467
31355,481.2567060839753
31356,500.0
31357,160.77255492625605
31358,416.9849111928291
31359,500.0
31360,120.61897601585474
31361,260.83426353374387
31362,498.4991662256437
31363,347.4625351159615
31364,111.09355519869487
31365,453.83028036350095
31366,342.33552262364447
31367,499.9716565441921
31368,434.8044491978461
31369,137.11448796635833
31370,114.1227928953906
31371,477.6279177807032
31372,499.76438070894665
31373,492.6467921849079
31374,444.3389324761878
31375,479.4144735541267
31376,182.51901464148543
31377,197.75966378137562
31378,48.59895469695115
31379,494.07635576620055
31380,53.16324331358883
31381,264.3731359844896
31382,495.21212355752925
31383,352.4848768565664
31384,498.9059725858899
31385,373.88485738329456
31386,50.185436576917894
31387,140.86414145800302
31388,139.70116179349588
31389,500.0
31390,437.1785252243713
31391,51.89875267055241
31392,176.40984351787347
31393,73.87307373834994
31394,51.278210309279984
31395,483.7540108013293
31396,475.98072021395717
31397,58.87469832369575
31398,497.7926618105669
31399,468.8341895377405
31400,116.78700826826034
31401,175.90532848753386
31402,335.85212458874366
31403,496.6664242131749
31404,137.39652934162123
31405,300.1969187544271
31406,187.60897285994622
31407,162.08165689914895
31408,337.23476910526784
31409,324.0970720742018
31410,57.72084125295093
31411,434.7581651880334
31412,220.8083309320416
31413,121.75838484710381
31414,347.3985537315019
31415,59.811664968577
31416,500.0
31417,413.9875102776755
31418,442.9879583370073
31419,364.62831652199924
31420,123.54601204029537
31421,419.569955751091
31422,60.047561327969206
31423,213.41251099384382
31424,440.6694344973643
31425,499.03874996868745
31426,496.50012763604275
31427,167.07228012745458
31428,400.2409575258328
31429,57.6631307185137
31430,214.54077720915654
31431,500.0
31432,308.5951704944332
31433,468.30736305751304
31434,471.09066067325256
31435,59.11119655771797
31436,445.0943904452826
31437,274.92265956941185
31438,55.71828330102369
31439,152.39857383077322
31440,397.2779745043528
31441,98.53105412170723
31442,60.909878829039606
31443,267.30302284610474
31444,154.14825148010226
31445,57.95314016672957
31446,73.85410382728983
31447,478.2432810226877
31448,112.47967776125954
31449,193.1201721509929
31450,137.91456809041102
31451,446.18160178396363
31452,408.36827711710896
31453,475.79577845436313
31454,61.03161457261637
31455,95.76342711683643
31456,500.0
31457,53.56456305908702
31458,305.3169930808818
31459,72.8525815144196
31460,325.54723110740406
31461,499.3253533279152
31462,407.62148940015754
31463,285.07240570960573
31464,218.15197856307805
31465,495.6864707803993
31466,294.1274264311341
31467,89.45264312423002
31468,477.1026329108289
31469,499.0678171103286
31470,495.4489293026235
31471,69.32390105757608
31472,336.27086697632694
31473,49.0742498298901
31474,82.58393747049541
31475,67.65778101705232
31476,79.59053084531087
31477,453.253266340915
31478,243.5509865708359
31479,416.2581238791402
31480,347.9955195721308
31481,188.6599345350464
31482,345.38528458733606
31483,141.98187804874658
31484,459.99693791428655
31485,315.0210319564281
31486,300.2924791939212
31487,408.351078610228
31488,241.21327201977755
31489,206.5979019435843
31490,498.9197976865423
31491,56.3099791342983
31492,87.35748854900666
31493,59.04216941885379
31494,59.7504260339678
31495,500.0
31496,399.82564968454426
31497,205.23970717456805
31498,496.8641435307304
31499,127.78722526652102
31500,106.31306681367805
31501,473.5327759118587
31502,112.25104800756064
31503,429.55009313468884
31504,52.14301311538821
31505,121.96839253166745
31506,276.02557841787257
31507,355.46757800850804
31508,499.8073110170212
31509,55.735469808485924
31510,69.79827378034989
31511,457.7322308365633
31512,496.09309324625406
31513,308.24942436371157
31514,84.72558306041066
31515,256.86813950709814
31516,459.7505421131762
31517,57.94175748747972
31518,195.37591479030013
31519,499.04754641683826
31520,272.9328684683486
31521,400.9786149996023
31522,148.29157534996037
31523,60.76470017242545
31524,100.41662679247878
31525,243.52904830039688
31526,98.45336139187359
31527,189.77337425685243
31528,489.72625316912644
31529,57.07143791571801
31530,93.74499429739976
31531,184.01557886139386
31532,56.466208250327796
31533,271.62807290473074
31534,51.53192380958619
31535,53.767035323326226
31536,500.0
31537,201.1161749977772
31538,266.2338924798991
31539,264.38953732202526
31540,248.72211811618072
31541,112.51783249395451
31542,480.914018878252
31543,230.57707030415037
31544,228.73780288678068
31545,491.15940387404464
31546,133.423208070197
31547,115.09273219854649
31548,159.57200710263925
31549,453.00403294114244
31550,479.34305888308825
31551,44.51384466045115
31552,171.1183159959948
31553,500.0
31554,427.0803408544482
31555,112.50980142275264
31556,500.0
31557,459.88365595078744
31558,477.6783750562133
31559,500.0
31560,458.8965565562502
31561,479.2728738477418
31562,408.73364435948497
31563,68.44169278185768
31564,377.282686076742
31565,43.980064312976275
31566,114.92296686534655
31567,500.0
31568,253.65759605034708
31569,148.09104621340472
31570,78.59715555424836
31571,183.47465079526407
31572,141.47660516842905
31573,338.1198366914591
31574,143.6403765880446
31575,461.5301793362086
31576,167.45322100174627
31577,49.735831555119674
31578,123.98686096079501
31579,107.3160907518481
31580,149.9147696240868
31581,178.6513454777279
31582,138.6053230752156
31583,342.9225043274519
31584,134.63939228181678
31585,51.92437085130882
31586,56.37054149197516
31587,58.23780686149124
31588,179.44187076182982
31589,438.37967497401394
31590,452.3915415035585
31591,62.25616874349315
31592,70.83202728004557
31593,98.56820222684027
31594,350.017409245472
31595,499.6129603997834
31596,63.82861063450891
31597,130.90316174158227
31598,72.0135160387763
31599,471.81804543735393
31600,499.7287757345333
31601,74.1355799826724
31602,488.90524335001226
31603,477.66985594119103
31604,167.13389093833496
31605,93.3783571346346
31606,70.29538939630767
31607,129.35949357962684
31608,408.39492457667365
31609,180.321085063309
31610,129.54337098519602
31611,64.77881805059661
31612,169.17284557306505
31613,108.71344336762905
31614,100.09406895589846
31615,70.33977958277717
31616,60.64166003013479
31617,432.07462343148404
31618,194.98988809948688
31619,159.82055729208128
31620,496.9560865903095
31621,499.2667577294883
31622,121.21016952136407
31623,244.2110879213232
31624,50.4650858731694
31625,447.2232820496714
31626,256.31118648953435
31627,252.85910343970596
31628,470.032269910185
31629,182.0254268178216
31630,496.5135462164625
31631,60.069914394712924
31632,499.3723898868406
31633,103.48757568791598
31634,499.30297436935416
31635,474.87472467919815
31636,70.39345675692273
31637,496.9305827996402
31638,166.64316383028438
31639,60.371980643248655
31640,500.0
31641,72.66348144924007
31642,57.83747548532363
31643,189.16517357661522
31644,500.0
31645,183.53523842764287
31646,58.27074012061898
31647,189.26409606374435
31648,59.791066050137495
31649,52.95085581718602
31650,500.0
31651,143.9475150544045
31652,102.93767813560942
31653,469.49075105899647
31654,115.78602669921204
31655,49.80363332305734
31656,52.06503605208542
31657,191.0424538266931
31658,486.70766167963586
31659,69.97983570251532
31660,496.9795735901391
31661,131.2161752625967
31662,131.6304322075722
31663,144.89564294871286
31664,70.10995479719294
31665,98.8708900672788
31666,499.306083950946
31667,58.11113243681399
31668,97.73040123385208
31669,234.38959139444984
31670,422.250569553868
31671,335.3706257012168
31672,51.364243615114034
31673,61.992473363368845
31674,258.74783574185165
31675,47.89556415233068
31676,486.77002738975466
31677,67.84050405718307
31678,192.10533717171595
31679,106.65939234389953
31680,48.964503162786
31681,149.57353126697546
31682,154.24013447688387
31683,70.6438782807666
31684,414.31040500557003
31685,488.76051118939995
31686,74.14990295732008
31687,196.60552783630135
31688,187.7900387784561
31689,495.1084871209778
31690,473.5954883421448
31691,496.4451172759941
31692,193.52508457118364
31693,300.41078715377586
31694,57.185566020855646
31695,174.67911112181005
31696,499.32835723260484
31697,50.628202739839224
31698,104.89031940285855
31699,484.0332136284305
31700,111.37207529037926
31701,343.5408603308441
31702,345.3010251613033
31703,116.02426119412326
31704,260.9177809090643
31705,101.01894861335562
31706,500.0
31707,147.06650293718562
31708,333.39048177012796
31709,114.92786784532963
31710,303.54376829634504
31711,443.1154284012746
31712,360.7866988190169
31713,429.90787658156887
31714,194.95909297678293
31715,187.12955557827746
31716,486.55000192193563
31717,347.1834132584034
31718,58.642263426692494
31719,440.09612918506446
31720,485.2385972593321
31721,500.0
31722,62.202798057386104
31723,500.0
31724,469.3586197049706
31725,486.5653920738547
31726,347.4264342746933
31727,55.21302035389883
31728,61.54210991879924
31729,499.4090470495112
31730,74.97353302007005
31731,426.6547058149497
31732,405.98846312930175
31733,73.0517476172156
31734,80.75930396054697
31735,59.19713696341128
31736,461.79908533708317
31737,500.0
31738,58.606240233040495
31739,440.42998718207804
31740,377.5409980107223
31741,121.52506283026244
31742,100.90751990544952
31743,55.20636902586678
31744,407.23947999865356
31745,488.90361821219
31746,408.76290417705525
31747,141.83284865601675
31748,444.8127720804355
31749,277.2178624953811
31750,333.9335025539907
31751,483.99880844664983
31752,69.56984307156984
31753,456.0670078447438
31754,77.19263751674161
31755,60.884420894062984
31756,351.0563852995311
31757,59.178921669341676
31758,179.2502266121717
31759,104.0943407048765
31760,168.81546387741625
31761,346.41273116276386
31762,230.47308697835106
31763,164.64327961307194
31764,99.13478274427484
31765,55.35036902475403
31766,498.0445569654577
31767,104.03684208149375
31768,460.2123299928406
31769,205.3657999315023
31770,204.20001029298575
31771,149.46614554292876
31772,280.6315179629229
31773,128.1448147314718
31774,150.5174893940653
31775,63.28625974098624
31776,499.3004782224816
31777,498.75565407300746
31778,468.8554438609244
31779,130.08120139022338
31780,135.28509018561004
31781,142.03695706461937
31782,113.45901570873583
31783,63.169950121980506
31784,113.46193461901561
31785,500.0
31786,95.52840889752893
31787,262.4809677396635
31788,144.2656233135973
31789,464.2730675034753
31790,51.74798351141308
31791,458.6010175567735
31792,52.50755047812842
31793,500.0
31794,190.6511608012347
31795,384.55719501164003
31796,497.3262932172629
31797,124.62139030744729
31798,53.65840417957994
31799,152.20810141240221
31800,107.75774899462911
31801,67.74251400482176
31802,55.186678232371634
31803,71.87607127102605
31804,414.51161724630805
31805,497.10589458679436
31806,490.2636899439545
31807,464.6796107185527
31808,78.4788305832306
31809,386.4749031663163
31810,444.69409975880274
31811,451.2762832503969
31812,250.2830583383221
31813,106.48573428420512
31814,133.53379307167276
31815,65.48145646305052
31816,393.80813130181946
31817,349.0082999906871
31818,55.879288846675784
31819,67.0521715623993
31820,182.85740104768513
31821,499.9417955470641
31822,94.62688290858038
31823,59.440857139850124
31824,338.87466021700055
31825,331.27107996429396
31826,107.07518729695462
31827,344.17310117042103
31828,500.0
31829,257.96939662267687
31830,152.92494874052085
31831,114.74101653905873
31832,223.85850858039427
31833,177.61612683924798
31834,449.9438177104047
31835,445.99242547058134
31836,325.9395490980512
31837,497.07944589590636
31838,394.9087081048306
31839,60.416371136037164
31840,59.36981220609029
31841,500.0
31842,278.3827653896068
31843,500.0
31844,500.0
31845,103.9816395872919
31846,251.1691216594504
31847,425.0686837064603
31848,58.521321396195674
31849,186.84466369657605
31850,474.57702799628623
31851,100.0891218877573
31852,498.19425973901923
31853,500.0
31854,500.0
31855,437.25875323515515
31856,349.2414640226384
31857,178.76980290145087
31858,499.9364800759938
31859,178.8480248977862
31860,187.10400403118553
31861,468.5790110686969
31862,68.8707306317027
31863,171.5400956490592
31864,109.1483177718157
31865,456.599429517997
31866,420.4153150075525
31867,244.65482763212793
31868,166.5725893956118
31869,266.50066064430143
31870,496.45600374469007
31871,325.5755594604754
31872,59.597052927725514
31873,167.27833269895734
31874,414.162810857686
31875,57.53600308176027
31876,466.483797941474
31877,186.11521409321682
31878,54.5428353428736
31879,467.41552838378277
31880,54.88171803990551
31881,470.90751888297694
31882,499.45694244003766
31883,338.89205055634284
31884,399.0010527077411
31885,324.5246315295606
31886,54.710582277182
31887,430.61999151423606
31888,403.3584199751299
31889,70.54791465390115
31890,121.51269334644931
31891,469.7236004812802
31892,60.527363225819244
31893,203.52388477074902
31894,103.3956940327582
31895,333.22192047512374
31896,219.2193747717153
31897,164.75977937273797
31898,216.5139641952984
31899,59.13892052072154
31900,263.17101943456476
31901,74.43680175448108
31902,70.66573109917367
31903,453.2810342813942
31904,97.82833909302659
31905,52.992807806205164
31906,133.79210950171222
31907,107.85990165928504
31908,61.1817144119382
31909,50.80948776887935
31910,447.2947389105318
31911,388.8225150882895
31912,94.8722500587896
31913,60.35451950559517
31914,500.0
31915,401.2455220639164
31916,208.1792750847522
31917,159.97427988632407
31918,135.44531882168394
31919,434.9175608725078
31920,265.5557799749283
31921,53.1392254312718
31922,499.93136572772823
31923,146.57553338907618
31924,497.73529959348525
31925,489.6587251630201
31926,424.2057678405924
31927,57.768360624391136
31928,61.18390351907889
31929,141.47794079028458
31930,101.89701554413546
31931,150.12826239943038
31932,261.8955130929872
31933,390.0601568724472
31934,57.69981347739083
31935,182.8081500975016
31936,485.65371408122496
31937,99.8004449631251
31938,345.7072649686588
31939,57.21771443722399
31940,485.72732825949066
31941,499.2776647745959
31942,468.9553877394204
31943,500.0
31944,441.5712757105755
31945,253.40994226686541
31946,112.69721075100279
31947,500.0
31948,339.1535060376652
31949,262.9958370525673
31950,100.91455993416636
31951,50.34665103405341
31952,472.05305975080205
31953,428.45641852144126
31954,59.743319813548766
31955,460.18712372090533
31956,418.0982736026908
31957,54.691781255823976
31958,177.1544982220231
31959,418.63746906121617
31960,60.90811789702744
31961,335.7130257677498
31962,111.72545586733285
31963,149.4273308126068
31964,135.78249364421683
31965,99.95294498737076
31966,500.0
31967,69.6217617132927
31968,273.30940641344523
31969,433.91728830864963
31970,480.496857927491
31971,100.44148591224109
31972,59.3331417942549
31973,475.94491443986556
31974,74.83222407829079
31975,475.97223497188156
31976,500.0
31977,494.5039424736874
31978,476.18220853497735
31979,500.0
31980,113.46857669742441
31981,332.52650539874276
31982,74.82858410171877
31983,71.17936413434425
31984,258.7745235573024
31985,500.0
31986,391.93089594636285
31987,402.44657096526237
31988,182.30539730536873
31989,493.6188558584045
31990,500.0
31991,54.152818023898035
31992,496.5584761144456
31993,447.9501646258384
31994,479.17553460243266
31995,80.98681612407917
31996,67.67814334038833
31997,57.306333301554616
31998,498.7483972360395
31999,66.96071748204791
32000,442.35225101944945
32001,135.99673069535265
32002,282.9202606648955
32003,425.95899204727516
32004,122.16253074244872
32005,274.6105841603187
32006,55.636286103965034
32007,320.16142154448215
32008,450.42154451313525
32009,165.78947563416534
32010,100.09482174890437
32011,58.59884746247174
32012,151.36237719486235
32013,484.7320600383082
32014,483.94245171414804
32015,453.7636018415848
32016,499.46824203678204
32017,471.72797402674433
32018,93.73933071567876
32019,491.3786082014865
32020,497.7738068383436
32021,469.31887632207213
32022,168.84883036561223
32023,423.883284633092
32024,259.40930847373704
32025,500.0
32026,495.2139485464339
32027,64.37758159882303
32028,496.86318009172896
32029,47.578028673277295
32030,414.05779218524344
32031,57.21170417517443
32032,59.05096895534036
32033,499.8762455533314
32034,59.91071743001726
32035,189.10678315584843
32036,190.02848603223754
32037,500.0
32038,72.92253940918123
32039,41.72925421134019
32040,59.31769737318941
32041,270.39946505715426
32042,202.00000648280917
32043,277.3828956135835
32044,77.1157613600065
32045,402.18016740281814
32046,427.1863865391531
32047,76.95991179150134
32048,69.81470482643206
32049,108.1683431745675
32050,216.23736949334247
32051,173.5841365953479
32052,442.06705797669485
32053,499.20771684848626
32054,96.02166246539136
32055,500.0
32056,266.0408218265349
32057,129.21771233569598
32058,76.13291228747869
32059,69.98012707799268
32060,127.08939182141287
32061,113.16373069769736
32062,74.06946808139585
32063,53.9761865506925
32064,60.81734441119998
32065,178.9978096327178
32066,499.65137697710986
32067,252.83064080359532
32068,325.4477718944035
32069,208.5767179754726
32070,500.0
32071,145.75654845021631
32072,429.50607310855196
32073,115.81510394244415
32074,491.9769538943028
32075,491.3499108344728
32076,221.17045460933355
32077,108.86376134396085
32078,497.3756406218883
32079,77.99692495893837
32080,71.41276764389757
32081,500.0
32082,292.34290003309013
32083,51.9033446788805
32084,498.4475052415385
32085,499.61676485719363
32086,83.87591165556077
32087,484.3297433885231
32088,73.26237398651226
32089,456.7174326913837
32090,310.4212624802551
32091,496.9761477848343
32092,291.47061548611515
32093,336.8370705874592
32094,104.84142997530775
32095,289.7412933505519
32096,497.71306894705293
32097,468.2912842773568
32098,124.22492187799028
32099,130.63581806465746
32100,466.76537244839915
32101,469.951264753504
32102,468.3062345278679
32103,345.59346713810226
32104,214.26264142301198
32105,499.90738470045983
32106,207.3275587614201
32107,69.64213576845236
32108,104.23619734616753
32109,371.39885756678603
32110,420.13718187216534
32111,59.31331155262879
32112,113.18953608361667
32113,99.88724138435143
32114,402.35902721351874
32115,346.84779900081804
32116,73.6393879810272
32117,435.79429075762016
32118,150.8064137251285
32119,119.80996623148897
32120,173.9831676055669
32121,155.64881998646987
32122,75.34064313473651
32123,500.0
32124,278.1794802115634
32125,481.3877259771749
32126,71.54078655332509
32127,312.1129620220271
32128,58.406757327705094
32129,500.0
32130,145.48363007269052
32131,273.7763735967717
32132,453.5408066333715
32133,255.0080290228156
32134,279.1735851595227
32135,281.879117126597
32136,474.8221668146998
32137,443.2826545467277
32138,63.34789202395028
32139,105.48837673239208
32140,500.0
32141,490.46020418429356
32142,428.64942099604195
32143,54.01500858186492
32144,153.01777320860984
32145,471.7630734233313
32146,497.7113299199623
32147,53.09783445143305
32148,500.0
32149,452.72972448974804
32150,127.17885972995666
32151,202.98415431728063
32152,499.63184874034755
32153,201.15139740818495
32154,454.4605202945726
32155,57.32906652435626
32156,349.98635307678444
32157,61.32284606992469
32158,413.06770128703465
32159,457.68166144903216
32160,500.0
32161,74.16256346774038
32162,56.90840878260512
32163,349.76174286224557
32164,460.2472282110517
32165,351.35047017329816
32166,485.50139678461466
32167,201.5142272854252
32168,188.63039827388394
32169,500.0
32170,482.20848592473425
32171,76.19255587996594
32172,471.63799166467726
32173,111.5453798072032
32174,338.37422603023737
32175,393.05994781600384
32176,500.0
32177,58.92047716455163
32178,486.115188121447
32179,398.30984130071977
32180,144.94920613487898
32181,500.0
32182,499.54783399177364
32183,251.2110001220575
32184,496.62253610974693
32185,140.04906814493722
32186,425.0197084457685
32187,348.102115240944
32188,294.17916407074864
32189,497.7625100993453
32190,427.1853172071501
32191,495.5772697213383
32192,500.0
32193,104.66967525716173
32194,55.71766459174343
32195,141.04931147653042
32196,111.0907402077361
32197,327.00415295510743
32198,128.67437605836196
32199,493.27669093829087
32200,59.438519322459044
32201,313.66458838761355
32202,411.7720313623596
32203,344.5341580753037
32204,180.12170940678052
32205,59.17930200087446
32206,96.37009285429359
32207,144.46546491814615
32208,53.9859735061563
32209,50.982634842838266
32210,321.91569093852917
32211,497.32011633266467
32212,485.2352749106442
32213,193.05779917690822
32214,64.2791705013536
32215,454.480094313288
32216,268.71271769349863
32217,471.9133572483611
32218,462.39432820540287
32219,59.43222701234525
32220,153.0126704753269
32221,499.97187376437455
32222,500.0
32223,109.7782606376579
32224,485.5634297077819
32225,94.40768620367993
32226,130.12754363598467
32227,473.3906405374541
32228,316.1528673767792
32229,262.9365112290343
32230,474.1908444510835
32231,444.3190831427664
32232,69.37037387802388
32233,473.8077171340925
32234,478.64283675859355
32235,330.81435311888384
32236,98.66470229521038
32237,103.41709782697299
32238,53.914593493723046
32239,333.02215474757196
32240,261.3394497278465
32241,107.13793501460931
32242,448.6314930180239
32243,61.982255325442495
32244,494.8537303979509
32245,494.3938217782057
32246,136.0367664556491
32247,88.72172483367993
32248,72.60163842969833
32249,73.90769487250891
32250,48.83982786819341
32251,114.54730898409036
32252,146.53568971838675
32253,410.1935772312893
32254,500.0
32255,96.44832532935425
32256,500.0
32257,340.6841953102822
32258,267.3223404586932
32259,125.27211843827098
32260,213.61944103681117
32261,317.6805443206579
32262,496.89152150434086
32263,286.6037049415246
32264,174.4158674564179
32265,119.68528022846931
32266,496.182849013906
32267,75.43961316630418
32268,392.56915018568225
32269,108.41568439408243
32270,447.06141453644074
32271,212.20372831747707
32272,63.221786271794144
32273,236.4981284466076
32274,113.44295923276755
32275,193.8561388421969
32276,342.77488232330256
32277,275.2220562200849
32278,110.88211428594792
32279,125.93927462880586
32280,232.76922372957756
32281,113.9026766593096
32282,326.7004375504987
32283,71.46909179724356
32284,105.84764701357808
32285,113.41208543857664
32286,57.87104237502657
32287,495.2810514850544
32288,50.51782843158708
32289,51.14950364936735
32290,148.7536557222954
32291,57.30312840946337
32292,329.5199953235274
32293,49.61497724991672
32294,52.667632293297764
32295,59.6845945535772
32296,52.00107030977462
32297,114.95169893564727
32298,271.945563663127
32299,500.0
32300,343.4661174777096
32301,44.67030140901488
32302,496.6274767884824
32303,183.6874030510154
32304,59.59403410764172
32305,466.5394923277539
32306,65.25358810763653
32307,59.82583700502498
32308,57.334286501218955
32309,96.97188009435544
32310,168.5205012312909
32311,303.3358222748856
32312,493.0309737473457
32313,485.9855750940377
32314,500.0
32315,169.93949079082165
32316,494.433318111016
32317,169.3143658656182
32318,53.46288758477938
32319,118.23341117417989
32320,491.8459742343896
32321,152.0052349070791
32322,63.501390570741535
32323,340.87819167157755
32324,498.83703410895816
32325,414.2013503895658
32326,116.99023832493157
32327,61.487079588378506
32328,500.0
32329,108.90797504831404
32330,382.06024859866267
32331,204.28053942113345
32332,500.0
32333,492.6645685964522
32334,350.87448394794893
32335,173.50899876637888
32336,173.7189976187655
32337,145.99481769250275
32338,248.4505162265378
32339,498.5983045858002
32340,134.03466661416144
32341,456.893713644676
32342,371.5802373983637
32343,300.9699294544262
32344,54.394982785194514
32345,204.0779667711035
32346,129.3675878098012
32347,499.8979170608495
32348,327.21990679402546
32349,57.95640097593986
32350,57.655419761117855
32351,281.06504460831064
32352,469.22005580507164
32353,84.83844491850645
32354,362.4258429001399
32355,56.33267924134505
32356,58.36383314821872
32357,73.57023296326753
32358,459.6699833495351
32359,129.8801027046993
32360,499.4398355998095
32361,459.8788036231558
32362,339.3091039140713
32363,168.10017324046092
32364,169.22698003164518
32365,104.69771143200308
32366,189.16647397680558
32367,489.3289076285554
32368,76.99087391701153
32369,57.47876807719979
32370,138.07673004750222
32371,290.74930861368523
32372,241.46599458004977
32373,328.26300951379534
32374,494.93605378890453
32375,49.917427895085225
32376,499.1002663189605
32377,494.76896902129533
32378,208.39904193548227
32379,499.42758712534123
32380,323.52467414650675
32381,166.27361485945255
32382,133.56540443983525
32383,67.7837518011091
32384,129.0711879685442
32385,500.0
32386,106.02168660105677
32387,56.03588492579796
32388,194.69300484784804
32389,328.6994473018573
32390,341.9453602972766
32391,497.3414617044799
32392,468.60938012740394
32393,165.5491153999713
32394,59.01745554084224
32395,499.38483946004703
32396,499.151956207333
32397,67.87924098021699
32398,500.0
32399,196.0768419530561
32400,497.12103206007794
32401,63.91438206541096
32402,58.10704610124377
32403,443.9417397586619
32404,106.06229767371038
32405,214.43096546500368
32406,62.30815038999536
32407,105.31632037013648
32408,117.57769231990741
32409,238.02527685087733
32410,107.17416913703786
32411,469.43310737473996
32412,139.8412178570428
32413,120.96229231336355
32414,235.2537550892006
32415,500.0
32416,289.21605836905695
32417,59.50194333938238
32418,172.71436322741957
32419,496.0271748972177
32420,58.950037366061515
32421,499.4363133469204
32422,126.81265532676372
32423,495.46005191734343
32424,160.584238942067
32425,440.45138540412415
32426,500.0
32427,57.31735361060595
32428,498.6324332705378
32429,488.29110133062125
32430,73.97998993888557
32431,499.7049193142068
32432,55.552710656283296
32433,201.0031014365199
32434,58.396213428219596
32435,280.07374392385407
32436,100.08784951911294
32437,53.154077722362345
32438,498.9944934815032
32439,464.571994270176
32440,496.5763712024316
32441,359.6427583861791
32442,58.22424414319377
32443,495.25829451035054
32444,456.87140128998976
32445,358.63319072981335
32446,284.5617362157957
32447,55.82202494092666
32448,499.6925072335614
32449,496.415603355219
32450,285.1219307959725
32451,58.08330537414169
32452,471.6247639230317
32453,142.05232754288934
32454,137.10524125049898
32455,264.8950366060848
32456,486.188329177002
32457,126.0863209480661
32458,494.1046351875426
32459,51.31084641445247
32460,407.6431000400854
32461,187.35710466119056
32462,174.6964023611576
32463,500.0
32464,150.24118857810356
32465,203.04599062251077
32466,99.60090264034916
32467,500.0
32468,90.78826953275009
32469,186.60456654217796
32470,60.199058202419984
32471,489.1261716020821
32472,392.3828298446257
32473,52.72720824044141
32474,50.43081509369794
32475,339.5814613667326
32476,70.39149990544301
32477,101.37484456935809
32478,354.77416039341506
32479,191.19666473901248
32480,157.31238369965897
32481,56.47741306095622
32482,460.9624583776605
32483,51.48232343121948
32484,500.0
32485,497.4889142814177
32486,143.15483851096093
32487,486.2058449958947
32488,484.65697405784135
32489,71.29625135206713
32490,103.80019087554902
32491,499.64735974912657
32492,315.9025042956339
32493,444.42969553049113
32494,499.7910961509275
32495,499.7939150345198
32496,401.87913811799615
32497,122.16919689842743
32498,498.7189283070781
32499,447.2718384222393
32500,101.89155572868603
32501,56.341049288067246
32502,453.2339616770805
32503,53.4742205758481
32504,113.67466482520362
32505,497.46198654347927
32506,136.27913702689364
32507,268.94987964283587
32508,218.26197278354135
32509,198.38748963535306
32510,499.8680163005847
32511,499.5085653973424
32512,364.44160476693935
32513,329.56244377286055
32514,192.39913826092464
32515,53.40527822829284
32516,499.7357078413344
32517,319.0328961880409
32518,500.0
32519,91.17145987757198
32520,177.62337668787023
32521,107.749577248904
32522,208.2125076416312
32523,120.89858433817977
32524,344.749350734994
32525,306.8886447009425
32526,371.5167988693206
32527,500.0
32528,170.02108672767895
32529,150.3235561874551
32530,66.33416959073107
32531,325.4953279056048
32532,337.3475349614721
32533,63.37276002959891
32534,500.0
32535,55.549542153594956
32536,499.432068904033
32537,500.0
32538,342.46754068553406
32539,272.76049484954314
32540,101.83074332166211
32541,199.81834177567913
32542,498.51989995693845
32543,500.0
32544,156.43185989248784
32545,457.1740975502362
32546,75.02834717289485
32547,499.1359385738988
32548,70.53972629869486
32549,499.59515787876757
32550,235.7046186324742
32551,203.4869429928582
32552,167.83558944712172
32553,185.69552881633376
32554,466.4030997881612
32555,354.6846718130569
32556,427.762269587222
32557,396.51715419481457
32558,496.4777737461409
32559,257.1944012850971
32560,56.18088228925749
32561,140.46778154379726
32562,339.93068184743913
32563,428.162383727087
32564,499.85210929861785
32565,387.59492875261
32566,55.097156568319434
32567,325.48220244593074
32568,296.0775481837804
32569,500.0
32570,53.26998430415048
32571,70.05501834295895
32572,49.554121325824596
32573,54.62583691354973
32574,499.3109191171024
32575,268.7022811710685
32576,190.14090335031557
32577,256.5411519358639
32578,136.58437469228215
32579,420.97283152674834
32580,150.369606855064
32581,489.829804913503
32582,78.3505387915717
32583,485.85910425742827
32584,469.7322456089625
32585,46.92944372165154
32586,143.67152444923448
32587,113.9856832775649
32588,188.41028705976458
32589,140.0732855522669
32590,55.41909130340029
32591,290.83701709856115
32592,489.68968044623546
32593,461.74695439032996
32594,306.85220220431205
32595,174.89081732836647
32596,129.2888858515124
32597,499.3798216951901
32598,136.72607011464808
32599,152.10898882455257
32600,496.5378667786801
32601,497.3704708290247
32602,436.0381642284817
32603,457.26528677129795
32604,59.22026486115833
32605,100.80863460019495
32606,133.23923907374592
32607,57.251425436163046
32608,411.18181402078596
32609,74.01993005090046
32610,380.20992523407483
32611,98.94021005178078
32612,59.73774919514051
32613,324.0245753451336
32614,424.40758491369047
32615,447.58062354655453
32616,499.1231162577967
32617,303.55437545123584
32618,164.1912028288904
32619,366.6761889460457
32620,233.79208402728347
32621,171.94202352940042
32622,500.0
32623,278.68029962648455
32624,122.78400933302126
32625,314.06724422797754
32626,463.5363816313751
32627,458.4667121394061
32628,341.2987509757533
32629,499.721820730968
32630,70.33149924980515
32631,498.14950486642937
32632,116.86999864146793
32633,481.9860496201168
32634,251.94669162120326
32635,485.6119732011434
32636,500.0
32637,488.34790821012837
32638,60.22147748989512
32639,488.2914794460928
32640,434.3761115536596
32641,497.00082053165033
32642,178.7227080449508
32643,444.71217005136293
32644,344.5212917232467
32645,62.01627982778082
32646,105.74795561285876
32647,104.75835088891333
32648,213.4898800422565
32649,103.2252636847399
32650,249.48181605303552
32651,476.4492645596207
32652,109.39340497676093
32653,112.03633771239421
32654,434.08029071595513
32655,464.24441289842366
32656,497.7183123177563
32657,159.58612546054582
32658,483.5951436979445
32659,303.616710368009
32660,496.40321171998903
32661,457.1967777971623
32662,119.42292160419015
32663,156.9572643916445
32664,498.2246281631114
32665,68.59681849404018
32666,109.82146727491002
32667,88.62568494681412
32668,467.5267163917316
32669,500.0
32670,73.23287098291772
32671,436.43082544941797
32672,500.0
32673,152.95732683272166
32674,430.8185033453051
32675,274.5880407699906
32676,109.9983240232722
32677,440.79979771224185
32678,498.70468541706066
32679,271.3834761772134
32680,229.89078346623592
32681,340.6836070027807
32682,60.085474172629645
32683,500.0
32684,44.658305119533466
32685,190.67087733218875
32686,455.7417324916689
32687,498.14007533645463
32688,129.468104941321
32689,462.42667342199945
32690,288.12673630217785
32691,336.62818664757805
32692,136.9964919801253
32693,371.5186592710372
32694,500.0
32695,330.94524622510744
32696,500.0
32697,60.13432414179068
32698,495.4835457190229
32699,48.29754782396342
32700,118.94044475237382
32701,496.92772753739547
32702,106.23323809041497
32703,364.923239603787
32704,349.4563128553266
32705,499.9124006056743
32706,472.31989511193024
32707,60.01944234008238
32708,450.9634898830137
32709,58.87752525907004
32710,499.39004979764445
32711,75.14308104658959
32712,470.4776917904885
32713,500.0
32714,488.15277695193913
32715,457.36916245851006
32716,153.54256029652888
32717,112.47424665452357
32718,158.83872243702547
32719,481.5659867247422
32720,274.01232370279877
32721,257.07298987123465
32722,413.62940932248034
32723,53.34027305376757
32724,260.8936185052197
32725,460.7055700246468
32726,482.70676540781295
32727,358.90594955047106
32728,497.99225440387295
32729,338.43795790196185
32730,100.09792249239169
32731,430.83847242930693
32732,324.83414554608606
32733,462.7838392445884
32734,106.85067709943019
32735,487.1527186678195
32736,149.81344779109733
32737,93.9945166910669
32738,65.38061890409719
32739,491.2710783825187
32740,60.09670883428157
32741,70.88159879450149
32742,313.7140720234549
32743,59.09925847788813
32744,500.0
32745,101.35525280625822
32746,323.68158816485476
32747,94.88032624256778
32748,88.65032861541744
32749,321.1423185208058
32750,134.3099697555865
32751,467.09154590005346
32752,59.47981288253743
32753,261.66101873341375
32754,424.7906282265602
32755,268.9249871366342
32756,132.30359695663986
32757,499.62432476702367
32758,170.98260666669208
32759,101.54391944204427
32760,74.28118889769189
32761,92.71534166756379
32762,109.51021712945717
32763,250.6975497019168
32764,123.52327394776033
32765,398.93515090231335
32766,54.388255645350924
32767,161.0338503702977
32768,44.76775960745693
32769,78.1222461851542
32770,500.0
32771,498.35812123585276
32772,237.9748016651141
32773,90.76534983766064
32774,495.8538981549141
32775,71.85387304539965
32776,431.70037542183115
32777,110.34698645536739
32778,161.9526883177537
32779,51.951973713340976
32780,109.4350934236673
32781,500.0
32782,97.09019632848839
32783,461.2377518748258
32784,344.96527221942586
32785,67.66325404243337
32786,57.80262256686954
32787,254.4148127008492
32788,332.08163396324596
32789,395.542218565931
32790,499.75699176768967
32791,135.72470523229072
32792,500.0
32793,498.81833566972534
32794,350.7750147086307
32795,500.0
32796,425.2634006251169
32797,484.22149645338015
32798,344.3393045640488
32799,209.8941061585798
32800,498.0153074168441
32801,59.75864252778532
32802,452.66714639222755
32803,481.00133078254646
32804,104.74194210207992
32805,500.0
32806,51.1993158427437
32807,490.63223584376976
32808,104.94286039453216
32809,106.5525917492777
32810,116.91143102323997
32811,62.52656126272049
32812,152.86654097815395
32813,60.52100640035202
32814,120.64409933711579
32815,92.77761755300203
32816,48.68158229371299
32817,345.23110179126553
32818,327.05037229906753
32819,321.2608896123683
32820,344.7165035774291
32821,95.50319172159655
32822,494.14019042139853
32823,500.0
32824,73.40156188978267
32825,199.80099676678628
32826,304.4414087515421
32827,498.3123355546068
32828,422.1337785053207
32829,48.323742500779986
32830,166.5206982856341
32831,130.85374821666184
32832,462.7349602085951
32833,106.17924964909687
32834,249.21445124446367
32835,68.7164535587388
32836,64.87732058131274
32837,189.5098768245805
32838,380.1774119455399
32839,136.81309926297178
32840,336.10568388546983
32841,141.69409830994906
32842,70.15131968995556
32843,96.29051661299917
32844,91.5051623199603
32845,293.62806398724547
32846,494.72136920752354
32847,454.43831039333486
32848,162.34534069281014
32849,194.87557478632695
32850,486.9099636511951
32851,333.29418379613304
32852,431.39526526862994
32853,500.0
32854,75.47651838527273
32855,434.813681678163
32856,372.486282964069
32857,210.22647342516376
32858,499.84823907299807
32859,61.8383609230429
32860,72.32958486516453
32861,59.89706255268186
32862,499.24191366506136
32863,340.0034409410655
32864,500.0
32865,383.5769240162567
32866,485.54392917207485
32867,99.3223649148044
32868,499.21440564010993
32869,499.51888504135195
32870,462.1414103353285
32871,72.04811484433924
32872,175.09706812064655
32873,125.8968090438317
32874,56.64629321296589
32875,84.80734692181431
32876,491.8361997678014
32877,498.67285817955576
32878,423.69736126380485
32879,137.46527881079453
32880,55.55771318547147
32881,120.92566864200474
32882,261.41968208594085
32883,54.149011557536795
32884,494.69089255407187
32885,106.3343920059086
32886,177.9555682801987
32887,99.07867520746805
32888,111.2815169118991
32889,284.3664915752851
32890,51.91116451765187
32891,304.2037288467402
32892,141.13958679511916
32893,58.22686648761736
32894,116.92897908703979
32895,64.16675032337717
32896,131.7637743503903
32897,58.34747709089244
32898,96.71330728939427
32899,458.55693368734387
32900,361.91270369762873
32901,171.25957896624396
32902,341.44854735651694
32903,303.2283786193285
32904,48.4458583640322
32905,497.50787261122764
32906,59.833132789230916
32907,473.41925972698436
32908,108.00913669160511
32909,500.0
32910,69.94510576165351
32911,118.19394395137275
32912,145.19231592575838
32913,60.78109279466714
32914,62.02387986572435
32915,152.59956308695675
32916,175.5001694508452
32917,58.6618720833784
32918,241.3773287470585
32919,61.83095985179936
32920,78.2151468414406
32921,83.79794394766435
32922,211.1412214172831
32923,184.70747947043887
32924,63.462107299111025
32925,192.11718189589212
32926,341.12638680319776
32927,239.48555198928688
32928,387.9015721807037
32929,291.6945788565274
32930,500.0
32931,295.15774503592354
32932,379.91296338855386
32933,378.397779372021
32934,108.02687222797066
32935,462.13389203994905
32936,499.304597180072
32937,364.08950353414156
32938,116.69130416431452
32939,97.16520224123686
32940,100.77796741231916
32941,166.19204578700666
32942,189.2865543843644
32943,179.7266455988754
32944,500.0
32945,58.28979922797228
32946,491.829650698868
32947,367.8908102279539
32948,50.88560078037857
32949,494.0435566677899
32950,105.57683031977905
32951,500.0
32952,61.8619560025099
32953,380.96193159196855
32954,50.66521266382256
32955,57.74821001200476
32956,106.35499153415708
32957,500.0
32958,152.26565082476898
32959,65.58455830093092
32960,52.201043099157914
32961,353.4951394252146
32962,343.71189071535986
32963,98.3980831359393
32964,477.66352030149443
32965,411.09867100953045
32966,113.1564602797068
32967,457.59798108212885
32968,427.0701954703113
32969,100.28332484097771
32970,414.55937260198255
32971,498.362991463459
32972,457.31977942499225
32973,416.513490511881
32974,248.54052300574085
32975,241.8464454302245
32976,59.242327876206474
32977,500.0
32978,66.2071467147302
32979,205.4176352202308
32980,55.898965895851894
32981,112.95746936699943
32982,53.67548024457577
32983,133.96315742688736
32984,189.87219968532042
32985,498.8387380113209
32986,427.27235304229055
32987,469.081399162553
32988,456.13915998320647
32989,60.3479564635471
32990,45.33553092548539
32991,171.03686443499538
32992,277.35212092271115
32993,62.28198530799232
32994,60.10782150681127
32995,461.5102102139324
32996,269.6130961429235
32997,126.93635076264476
32998,266.11361791682316
32999,499.9873473789916
33000,491.9764568564662
33001,53.986787777573085
33002,329.672564903669
33003,57.886511145580926
33004,450.60598427425987
33005,181.92425868262512
33006,499.8947888357998
33007,465.64376829309845
33008,396.2361180779697
33009,499.09661260501866
33010,115.24569924885601
33011,366.1416353055426
33012,500.0
33013,426.12780459475505
33014,202.2531865565693
33015,335.546343326325
33016,72.44230839411594
33017,71.35203915789825
33018,200.59921728332995
33019,141.6149733126646
33020,180.4906186431
33021,282.2246072583861
33022,499.3686238171125
33023,72.7235339568134
33024,88.45070970824362
33025,126.55162707391511
33026,500.0
33027,446.85299414219855
33028,58.12845719264244
33029,297.6333911252
33030,498.1556253054298
33031,479.35967072586453
33032,170.03246224068107
33033,101.97465414709511
33034,497.4967861976929
33035,49.8612329645984
33036,345.45692918950283
33037,277.3160310797715
33038,460.71888426309147
33039,71.02789977373612
33040,410.59791856074196
33041,59.796489254214606
33042,77.67100709006226
33043,58.2531994260501
33044,468.20262965440565
33045,61.56495381002044
33046,196.47527085982458
33047,443.22305627772676
33048,190.9981164000505
33049,59.01379559733605
33050,303.18261734427114
33051,132.59419683918935
33052,483.08026625231605
33053,131.91269160841466
33054,59.98054955610919
33055,70.85116017621968
33056,462.3779667585111
33057,500.0
33058,89.8282193870624
33059,121.07138532566037
33060,46.79302581648146
33061,267.5742215697217
33062,277.28361885803884
33063,407.5473520374868
33064,218.4823715104177
33065,495.97887094002203
33066,500.0
33067,500.0
33068,305.61571903315854
33069,293.2793939645685
33070,463.28194077331034
33071,301.0979788599607
33072,448.8919855708069
33073,93.40148471823443
33074,71.01270412827375
33075,59.33011247102286
33076,372.02054410540535
33077,71.73513805820716
33078,112.87482271860412
33079,170.04510298003288
33080,415.592591212559
33081,127.95843200665865
33082,500.0
33083,47.54819902656879
33084,100.73091342872473
33085,257.71440434908413
33086,500.0
33087,54.22352772560347
33088,55.77302017473761
33089,462.3149459816201
33090,53.68606908688855
33091,49.08275024932266
33092,150.16764215549202
33093,141.426430937673
33094,290.41263758344496
33095,61.31483364532299
33096,500.0
33097,146.97374905867343
33098,463.7069101697557
33099,61.62062836225609
33100,107.99337252679453
33101,220.86017909070267
33102,53.47331532998423
33103,436.822576400825
33104,105.30234707599747
33105,177.27959361798042
33106,108.89680081356369
33107,207.7508398870322
33108,67.16591856457887
33109,334.51000906926777
33110,492.07424795747704
33111,438.55851542003126
33112,498.85569542875714
33113,466.54199394593115
33114,150.8372879237332
33115,154.10886700230122
33116,500.0
33117,499.6392673468555
33118,137.54525665489194
33119,78.57880915952995
33120,103.889816300689
33121,281.00928432980777
33122,499.69731791430024
33123,185.98943756796115
33124,54.88269929548014
33125,500.0
33126,177.5254321807706
33127,56.36956052621293
33128,489.4256254787489
33129,396.0797550828013
33130,51.92070471742994
33131,71.3198129411391
33132,225.10227128622375
33133,118.73123097722481
33134,203.07328436375298
33135,206.91868946541922
33136,74.09294853698297
33137,257.4199179226553
33138,460.029471192716
33139,94.72038548938076
33140,487.79082323307114
33141,442.1094144939079
33142,45.018546876764425
33143,187.67379133598493
33144,75.05500156564094
33145,500.0
33146,500.0
33147,500.0
33148,493.1533246271515
33149,488.1325797816958
33150,496.4487074213122
33151,156.50623241717022
33152,365.0080978358352
33153,500.0
33154,52.25920899376645
33155,313.68908516813144
33156,500.0
33157,71.40981606592665
33158,92.9172816950879
33159,430.5435290221401
33160,71.30353082288744
33161,123.99676209762181
33162,76.9152481436981
33163,109.51889977702146
33164,471.2907992584302
33165,500.0
33166,500.0
33167,407.5939563080538
33168,48.42365616096386
33169,129.7794072120251
33170,493.38527375882273
33171,473.18047643285036
33172,59.216644982708345
33173,224.8879939445742
33174,444.80975649652305
33175,106.75095485268952
33176,56.468181571804735
33177,499.7750755204019
33178,443.534207224993
33179,414.86980742908247
33180,500.0
33181,54.498666071825404
33182,374.1421277039117
33183,110.39450745697746
33184,296.1614553773818
33185,469.839871698372
33186,96.60030127751472
33187,119.843276100375
33188,488.51523477359484
33189,165.40831882383554
33190,70.63453186733156
33191,196.38950434934173
33192,89.14249025341354
33193,135.67970087224546
33194,500.0
33195,462.03661409731785
33196,202.23111212820123
33197,352.40930766104145
33198,500.0
33199,498.9195380142134
33200,268.00675568801347
33201,460.6159816633385
33202,500.0
33203,499.8164840354457
33204,255.99921092277918
33205,144.22652426795247
33206,450.75444579425846
33207,63.63561140970576
33208,420.78892685126897
33209,70.10374144852572
33210,448.5302560443784
33211,63.77163731213039
33212,186.84794950333708
33213,271.4071045559512
33214,340.8245195363719
33215,325.0768839516245
33216,133.79307691133306
33217,500.0
33218,81.07030601215206
33219,499.23724719395506
33220,53.44196573334431
33221,123.3762789926635
33222,72.35419390855205
33223,467.2476242592501
33224,196.3578487902397
33225,113.88296601314534
33226,471.2253477124299
33227,336.97707092902226
33228,303.6257656371371
33229,107.92405286528891
33230,458.06453144852827
33231,248.63103099301452
33232,192.13094533916433
33233,51.5145237316098
33234,450.98821961272756
33235,70.23184682847139
33236,474.6120128444858
33237,500.0
33238,500.0
33239,466.4177319857097
33240,68.95172084648733
33241,59.705676383147264
33242,306.31753244213974
33243,69.84380944906428
33244,500.0
33245,76.25614494664478
33246,68.15826368867575
33247,456.0877479676234
33248,444.5874090311971
33249,498.2664943299352
33250,409.5428179078501
33251,56.93218168234617
33252,497.3625506467058
33253,388.87297203632
33254,66.8886818264474
33255,499.4087148879074
33256,451.8209795189952
33257,499.2175263710887
33258,480.81355049371024
33259,496.166975565144
33260,441.798240299932
33261,500.0
33262,56.445976839650655
33263,71.07140017469396
33264,60.23887919083943
33265,485.01715251270247
33266,46.03159570089411
33267,496.4102275266884
33268,347.44733014329245
33269,500.0
33270,141.1842916768945
33271,500.0
33272,325.4751520506252
33273,166.23474298235118
33274,314.2452499058502
33275,454.8017967356715
33276,59.45891528567624
33277,63.64810105298905
33278,56.02113375929872
33279,73.45887993703221
33280,359.8528590928138
33281,254.92279010147394
33282,313.1363829577077
33283,131.6505256832457
33284,499.6744183600614
33285,351.58568638146176
33286,409.1928827111067
33287,121.1980849336559
33288,117.08413212746187
33289,488.1195079941303
33290,171.03066077354683
33291,178.02977078971895
33292,500.0
33293,496.71401666630254
33294,499.8833883927838
33295,228.41823035209984
33296,267.4027276080381
33297,142.31458708402963
33298,441.5948624515531
33299,100.23067104823357
33300,45.9096639014961
33301,108.44372259796968
33302,500.0
33303,48.169159195776274
33304,443.4305185336219
33305,176.88811653339837
33306,58.81517109381606
33307,170.731244624098
33308,74.54293977523298
33309,65.24154156363981
33310,165.6788021552775
33311,63.91855116667853
33312,496.8314758880646
33313,58.58909484093024
33314,398.15667266437566
33315,499.59363370995254
33316,57.22170979338818
33317,57.12711240986788
33318,97.17710080071826
33319,412.933672780736
33320,487.09392293341705
33321,456.99440875624504
33322,283.43880858191375
33323,204.3019784766401
33324,457.7842156087038
33325,494.22955858943226
33326,470.9378269434553
33327,62.89449777215374
33328,461.86879966841923
33329,71.49076151218344
33330,500.0
33331,280.07752876840505
33332,60.194421580644516
33333,489.488145324642
33334,499.0222016452414
33335,103.01662830106476
33336,408.6087206045769
33337,498.6586704478196
33338,495.24371851054605
33339,113.42787174375079
33340,471.7435095449
33341,493.8235800555317
33342,151.00600354116125
33343,207.16376233708604
33344,60.00475306874249
33345,314.302759398155
33346,101.09054591697986
33347,115.64734385963294
33348,119.20404297222507
33349,103.03630077565484
33350,460.3000839541773
33351,399.57013915517905
33352,296.0546166180536
33353,114.20420893304865
33354,482.8060793528022
33355,169.6027252473462
33356,209.35887135363868
33357,259.75993739078376
33358,212.3959751603611
33359,492.55507964446986
33360,500.0
33361,62.12509667286945
33362,499.44757124942015
33363,496.9422197768612
33364,85.77013051972368
33365,345.79269157201867
33366,109.87599248694202
33367,99.63502816049068
33368,79.14351858493492
33369,58.04128403664495
33370,173.36984542620013
33371,500.0
33372,499.2710428150174
33373,414.9418066742484
33374,69.57166479963874
33375,495.81256068748957
33376,456.36080587714866
33377,71.73325207981237
33378,218.93295206375453
33379,334.86195725814565
33380,58.451259127137405
33381,489.864580435058
33382,489.35375382963525
33383,72.393888707676
33384,49.840960459736756
33385,93.3326272404878
33386,500.0
33387,500.0
33388,327.974988489354
33389,308.89528852110175
33390,58.1609383308885
33391,71.57366996368695
33392,57.79201604771497
33393,499.1222941456922
33394,113.51516505178108
33395,402.952948754114
33396,61.322670260213556
33397,54.47667137198201
33398,52.26466656459982
33399,440.514465770455
33400,102.28795442807106
33401,144.6507212167418
33402,53.47040878127674
33403,352.67757184533906
33404,269.44601912266137
33405,56.216211252384454
33406,339.77483779866395
33407,346.03977063584136
33408,499.953387401205
33409,44.75336086546681
33410,151.28244139634316
33411,318.7874751729902
33412,435.70556052598954
33413,481.0075534279892
33414,60.59533377435717
33415,437.19558793492257
33416,498.0826513563872
33417,52.66010363830726
33418,184.09955624870253
33419,145.4978669116401
33420,485.4134186519972
33421,292.2314115910936
33422,265.07256964997026
33423,165.9919108440959
33424,73.7974262853733
33425,309.03012017738234
33426,271.88626601052744
33427,71.6814088348667
33428,500.0
33429,287.05081986334733
33430,252.9409455727851
33431,500.0
33432,55.24595270575363
33433,419.2712189202429
33434,108.4735059391818
33435,56.97217700920065
33436,500.0
33437,354.2000924278126
33438,55.21517833526742
33439,317.45711282668907
33440,192.58387884610727
33441,500.0
33442,59.336951294005175
33443,500.0
33444,500.0
33445,247.58202312377787
33446,403.3440892957675
33447,500.0
33448,498.3547377563339
33449,49.8821614410365
33450,70.71644940130342
33451,117.80225691218547
33452,48.96635592913431
33453,500.0
33454,59.27725909432981
33455,406.377419665007
33456,55.81807919478251
33457,471.15116470484236
33458,130.36011056737112
33459,496.40946937009574
33460,149.4477901508104
33461,335.39054582349627
33462,462.75467226006253
33463,67.35195522231041
33464,284.27494834418553
33465,130.9710383846064
33466,167.9423404390774
33467,436.28189229927176
33468,70.14228056961095
33469,195.39687091530408
33470,83.67653089316802
33471,124.41283782391756
33472,452.62782859441324
33473,57.87713684861164
33474,334.103760269933
33475,481.78222570323624
33476,246.70006063339673
33477,72.31801820010523
33478,60.94954396304637
33479,150.26729686103653
33480,499.27877431406085
33481,490.25443735858994
33482,97.29661909661398
33483,141.16008194038136
33484,318.723639044249
33485,80.81657216629053
33486,106.52570383368338
33487,491.88855196843315
33488,499.66714371731166
33489,52.529953747692986
33490,263.0818842285225
33491,59.74889232659951
33492,471.0013278478527
33493,414.84712304498527
33494,55.774830520755046
33495,105.87552451951382
33496,437.3239287940115
33497,356.26692790071013
33498,201.2131763495691
33499,105.26449283974641
33500,54.01073560598441
33501,437.191399409621
33502,307.24534599331827
33503,60.85425328187608
33504,234.77752910047627
33505,500.0
33506,140.79042076792706
33507,91.66014304274267
33508,484.7420714491882
33509,339.2499589999229
33510,72.71038176656413
33511,498.4277770730898
33512,297.2375300156466
33513,216.7329316375697
33514,498.7195263556352
33515,500.0
33516,463.30495056385814
33517,58.066065286325575
33518,160.81446933787043
33519,80.45711441440596
33520,106.01921258132528
33521,114.71163267673549
33522,335.8628546795473
33523,46.80926237255869
33524,124.20547488115392
33525,499.9208549178771
33526,59.99481737135696
33527,279.6342486362357
33528,491.28008554311646
33529,478.8434011529049
33530,461.49333382869617
33531,498.30811200992025
33532,254.15363637389288
33533,205.94487898591342
33534,500.0
33535,286.7292394718261
33536,275.98639552093044
33537,440.09596535530244
33538,77.72457225652752
33539,500.0
33540,499.4250396867063
33541,367.7999000679148
33542,75.37972776441387
33543,48.88072718370889
33544,264.0312633932012
33545,57.15160582594924
33546,499.91473166212495
33547,49.410679449376616
33548,194.44270211403568
33549,106.4443427668194
33550,448.38545319926885
33551,111.48685795933555
33552,493.85621828513155
33553,482.4846036940354
33554,451.36893625078346
33555,71.61461883735042
33556,69.95596744904908
33557,417.3710121365989
33558,468.78180646066807
33559,445.8537290503681
33560,61.875748279103846
33561,144.3408053537333
33562,178.2077098847048
33563,500.0
33564,315.93453138079036
33565,500.0
33566,100.29137559805017
33567,60.20623442819704
33568,499.0254384815158
33569,224.77460930423456
33570,439.3962234022637
33571,75.05619981376458
33572,288.85934888274585
33573,477.2219336427673
33574,498.31937115847364
33575,72.74358604772986
33576,59.6896124434478
33577,496.89487545597717
33578,291.6429955300978
33579,474.03262944312723
33580,291.12281648907333
33581,195.17077745737544
33582,69.3278768248338
33583,496.5647340623418
33584,383.3640526190875
33585,57.80590234213794
33586,64.95633330158772
33587,109.19510012065584
33588,168.6692660416321
33589,79.08607390432388
33590,249.07023344948345
33591,487.07909410778984
33592,493.96280564320097
33593,468.58048374861266
33594,74.24362977996766
33595,77.3331091735522
33596,453.4015276487995
33597,281.31603615708616
33598,483.0531991871992
33599,430.668389544366
33600,345.9894979109371
33601,289.657244028774
33602,499.84800949102794
33603,297.71148627681725
33604,182.42151050534497
33605,500.0
33606,443.95933050566043
33607,176.81877130170795
33608,146.55000277449025
33609,274.8791349256959
33610,296.81377990106466
33611,78.58822714205195
33612,280.12825906591013
33613,297.5314559184234
33614,500.0
33615,58.399688210638814
33616,105.97837592471433
33617,495.2715798332258
33618,488.07257186665913
33619,150.45228042983064
33620,89.92657529307978
33621,54.4799122304418
33622,58.786105034221436
33623,356.89089787737674
33624,188.09450116979946
33625,61.14040293375103
33626,461.7540361714584
33627,417.57118208436407
33628,145.83015104072467
33629,463.7838745973802
33630,491.3149442630329
33631,497.0158005502138
33632,474.1959704831071
33633,76.80770116464568
33634,500.0
33635,57.06769136933497
33636,123.6726991548675
33637,111.69368928266263
33638,499.6468380519449
33639,54.30191713489339
33640,121.36154326279457
33641,211.23043468686728
33642,112.31252916652939
33643,87.0047440277124
33644,404.7576818420134
33645,500.0
33646,59.52333000901963
33647,418.3759411114816
33648,374.5080663097086
33649,261.2296558427639
33650,469.97691339663993
33651,499.6627981600214
33652,234.25694261558488
33653,420.6449245061258
33654,489.21638641532695
33655,476.54477161496203
33656,499.21790535282776
33657,498.7821951274929
33658,337.821524765282
33659,442.87289861206136
33660,77.65420340480522
33661,342.50981995279767
33662,472.7022023182012
33663,124.37049625225653
33664,62.20666689970672
33665,197.6231472550103
33666,439.7643257712658
33667,54.492035642929935
33668,244.72941090361255
33669,133.74294237637338
33670,271.03435289491375
33671,119.53564207423648
33672,54.190060404237784
33673,102.82408026389429
33674,72.91227989770925
33675,139.89629813383408
33676,420.08795390854795
33677,457.0247722033142
33678,500.0
33679,137.76104711146837
33680,427.03000083346524
33681,174.0864343360257
33682,56.2512457217195
33683,140.72708064092222
33684,365.3019840001182
33685,121.27695944494897
33686,325.5439296552878
33687,70.10476651737403
33688,54.007939660108434
33689,75.61705128845009
33690,187.83467790894616
33691,51.52503246110093
33692,272.25110518528584
33693,148.940763086083
33694,71.7445003432398
33695,333.7276584678559
33696,101.77255309408518
33697,156.38269879307109
33698,500.0
33699,277.5228197957521
33700,344.0340255499708
33701,60.41035275269762
33702,59.5840506932947
33703,99.64926060162318
33704,53.4184526102451
33705,92.35256642559295
33706,133.66615682095335
33707,500.0
33708,69.21192109829748
33709,475.1286291812948
33710,286.77424216890194
33711,194.63678705316642
33712,186.65412070817382
33713,499.365877543972
33714,332.6173517257328
33715,296.2615297008802
33716,53.90719641572504
33717,480.0617858900357
33718,403.6039971658216
33719,500.0
33720,331.3758090973739
33721,55.833231497356024
33722,143.70601766516978
33723,80.16155837457279
33724,442.7843928984385
33725,136.26769781164765
33726,102.26713182518637
33727,439.0293593896008
33728,92.74493139780603
33729,344.2783264549214
33730,261.96388410530227
33731,257.5536382264841
33732,60.404683827851244
33733,113.15436731051415
33734,108.48448804354896
33735,355.57139402794803
33736,500.0
33737,441.14029874654227
33738,52.9796670197572
33739,488.98963767718806
33740,51.7843871441608
33741,51.35880515234567
33742,452.5716714293066
33743,500.0
33744,157.08534170970148
33745,192.64815213044682
33746,100.30110604130292
33747,121.24877003509374
33748,54.895569693207314
33749,112.79243026366987
33750,197.36361661618304
33751,496.9562182795859
33752,469.341075907131
33753,405.9999304208826
33754,455.15711720320553
33755,244.55216500873064
33756,112.68066081679598
33757,146.64385990506082
33758,236.36252556922582
33759,453.72874536043946
33760,498.49181950985576
33761,497.4925990258993
33762,204.84939010272706
33763,177.9194212693748
33764,500.0
33765,353.97336614059157
33766,200.5449239822852
33767,123.84828031113894
33768,50.135048459365
33769,491.2732580800629
33770,163.65890722912968
33771,498.2816918432678
33772,152.78807868931779
33773,357.6601581832257
33774,444.4951302953091
33775,176.35251176500475
33776,494.9521477388946
33777,454.66092320042696
33778,96.84723327573474
33779,454.4825294946638
33780,71.5812689145266
33781,281.9268983902304
33782,442.78951604791087
33783,457.14997872138446
33784,55.49337484500707
33785,418.2349974738388
33786,500.0
33787,500.0
33788,245.89449472255694
33789,91.1112187426112
33790,131.7481609619375
33791,331.19121036055975
33792,298.5532403010136
33793,191.818333783502
33794,187.6957909745611
33795,297.66421558109334
33796,108.75003681327347
33797,145.75115329090374
33798,61.614253829619884
33799,56.064824234405506
33800,117.86771212013005
33801,97.22835042086555
33802,70.20939530482067
33803,61.276433091126805
33804,459.34730652935593
33805,52.643745431821614
33806,194.49973505775773
33807,143.82754758394333
33808,195.475868153635
33809,404.1584776204496
33810,61.34172656964297
33811,290.7273514467791
33812,454.9574412503714
33813,182.06850116657304
33814,500.0
33815,69.92129872320552
33816,161.18253900378699
33817,99.8215545310453
33818,105.94158761550224
33819,53.84905064987611
33820,430.93393391513325
33821,102.01003363871703
33822,194.65000525889167
33823,122.04213922418668
33824,500.0
33825,330.9090193842095
33826,303.9751341357462
33827,500.0
33828,500.0
33829,377.8707824537918
33830,499.6153757203718
33831,500.0
33832,50.27820343654648
33833,77.05670295556752
33834,356.98949772927057
33835,284.84060605836055
33836,313.7845618947624
33837,151.26529514741736
33838,495.1025483651467
33839,435.7643766230369
33840,273.72744438492157
33841,497.18032033710665
33842,65.95079552779936
33843,69.69646733204102
33844,200.52060635073622
33845,466.35495300816365
33846,90.88586306135866
33847,248.59577055449728
33848,115.57763451686326
33849,74.72526815504963
33850,56.09505141130674
33851,92.41816458926934
33852,499.7153052414968
33853,111.35989916954236
33854,125.63021619188004
33855,500.0
33856,46.855797081633774
33857,50.93312160436132
33858,110.51720129176584
33859,500.0
33860,121.21014123044276
33861,235.0933594827415
33862,54.39378674498354
33863,498.6124528089108
33864,327.19468902853515
33865,474.52978060906435
33866,167.7277358511998
33867,499.7360105216577
33868,116.91793031592243
33869,477.59922965677833
33870,496.91162953904666
33871,229.67275433560377
33872,485.5810555829815
33873,252.13830847203445
33874,122.03081122363528
33875,63.23656654021882
33876,447.71699444366993
33877,60.09363054407416
33878,115.43365453781064
33879,356.36816855289885
33880,116.32439497175923
33881,104.8180750860361
33882,500.0
33883,154.4588108958097
33884,429.6742313055395
33885,171.0895582425539
33886,61.81665641245747
33887,458.6729912665776
33888,486.8495452840863
33889,496.15725062650574
33890,203.24064658977494
33891,52.311902241919874
33892,133.4319331674829
33893,447.4643018422936
33894,162.13952696266756
33895,85.79032596906544
33896,60.51813985581653
33897,142.71981499359288
33898,428.95301357666995
33899,424.84636367513997
33900,293.3546456575676
33901,132.91662315450267
33902,60.9738591990869
33903,409.8992942275193
33904,130.48029324370324
33905,408.8385923012819
33906,63.196493792057495
33907,56.101920284936945
33908,493.7704033785608
33909,447.7150174351491
33910,60.36837410113753
33911,357.8374904668061
33912,500.0
33913,65.69084333498026
33914,58.349388784242734
33915,211.40951697480395
33916,270.43887298800973
33917,285.467398649898
33918,492.59961474417787
33919,493.4284080357941
33920,177.55877467098378
33921,49.66248086903103
33922,72.84283301044024
33923,491.0555969185386
33924,500.0
33925,60.44507136632649
33926,485.5657978064139
33927,74.83602449030425
33928,48.435026566932876
33929,334.1673453853934
33930,439.90996738894285
33931,212.92533905182023
33932,171.39482256677815
33933,70.55400539028838
33934,410.78240623934846
33935,371.5144143728883
33936,115.85731061498353
33937,281.54810196956714
33938,152.40036261367496
33939,350.019845736972
33940,456.4728326197021
33941,439.82572957075183
33942,427.7117232734872
33943,139.78397097695463
33944,500.0
33945,341.48578604793215
33946,315.9020578434671
33947,499.65468407249483
33948,95.76275671455616
33949,75.80826638358081
33950,113.47516432061838
33951,500.0
33952,336.8058390273011
33953,146.2234665800878
33954,195.66000091058572
33955,357.0444908608005
33956,448.5154472257334
33957,339.2125801588245
33958,152.73575754200272
33959,76.23255247247687
33960,65.91316549878186
33961,103.04070393417956
33962,55.03686129565459
33963,357.95763708881054
33964,155.40710361825543
33965,277.6174834225809
33966,59.66894604304748
33967,325.0350988219419
33968,118.2222318542109
33969,58.32976961433234
33970,276.48212303551225
33971,310.5669663874518
33972,500.0
33973,97.41696413249866
33974,499.10833591459993
33975,340.6366859557017
33976,481.56328267271647
33977,427.62864426348693
33978,438.55928700731613
33979,500.0
33980,212.8383770961621
33981,181.75566014052788
33982,135.5815370926844
33983,51.49196918601805
33984,187.6718042318011
33985,412.3622314567922
33986,123.70370207915535
33987,500.0
33988,111.6308880829018
33989,500.0
33990,185.52363996248337
33991,346.0840245410032
33992,54.05178181731473
33993,337.3965059236252
33994,105.20873515457762
33995,177.29880083539354
33996,62.498829402160524
33997,58.38830577583225
33998,500.0
33999,426.6547638972835
34000,479.95199877332345
34001,111.67283849283844
34002,109.1030992711533
34003,103.49801313536871
34004,57.16328715920217
34005,265.65737841936743
34006,500.0
34007,499.50932933870956
34008,451.33098263722866
34009,500.0
34010,142.32243775454347
34011,449.13508900485033
34012,348.13526458795593
34013,59.887352448038
34014,235.3822445285341
34015,74.48282356515753
34016,62.327129931781144
34017,187.25791443468395
34018,174.38881508706103
34019,487.1142982866105
34020,101.15051642196488
34021,72.07389662008724
34022,53.406920688840955
34023,497.11364106812226
34024,178.13916931018176
34025,500.0
34026,72.22265073908653
34027,161.57666033926836
34028,211.3776948385751
34029,221.1095328704842
34030,496.5893344006058
34031,75.19832946878515
34032,57.805285070087905
34033,180.70668564092182
34034,488.6231169368742
34035,424.36526929060074
34036,88.78523906897864
34037,188.7940660379234
34038,441.37998545421794
34039,499.41994040882116
34040,117.75848317559863
34041,487.3210440573021
34042,386.8465873865338
34043,378.6992462891392
34044,59.95035866134613
34045,500.0
34046,361.197609400995
34047,56.573250663919765
34048,190.8195493382182
34049,499.2441069361781
34050,495.77027535116235
34051,499.60878430978994
34052,470.9262566261126
34053,293.795589361279
34054,382.6852479899838
34055,70.48901098898028
34056,500.0
34057,65.74124627848798
34058,113.52713191078585
34059,60.44055640943217
34060,99.24824302292717
34061,49.91586224058642
34062,459.3699381786101
34063,53.93008567479218
34064,109.53399622799745
34065,52.75527622063149
34066,499.05885736132285
34067,77.46830961001548
34068,196.71213347502373
34069,500.0
34070,56.14246846602671
34071,102.19426234267661
34072,107.23368787737789
34073,74.1528741880039
34074,499.57015737355414
34075,128.9066539012165
34076,57.939183977767144
34077,194.45325290268192
34078,500.0
34079,154.5719856871668
34080,61.09150173697638
34081,450.44050110147543
34082,200.74111362647022
34083,186.36055512468985
34084,55.9254555733678
34085,278.5711063406574
34086,496.26470033868236
34087,218.6985484745437
34088,251.66634795944063
34089,142.10739360990235
34090,85.60619998415106
34091,58.395343145822125
34092,75.79288153570242
34093,446.80519567912984
34094,54.96433394607705
34095,54.57043765542653
34096,105.60933575057379
34097,92.10486624857236
34098,117.82465755633206
34099,436.97435706205385
34100,499.3724025952282
34101,110.9281486398724
34102,58.19957818751294
34103,58.50569948756818
34104,59.546005485473756
34105,338.1454412247493
34106,499.63423781064466
34107,490.6977515962848
34108,442.39739980002844
34109,287.91635297664254
34110,122.11953518549282
34111,182.73818180491332
34112,422.4866573790166
34113,85.8919341829283
34114,493.35294729888284
34115,119.88904895818386
34116,420.62238371768524
34117,76.23070638324285
34118,499.98900687654634
34119,73.99486726514363
34120,434.5704811260923
34121,59.02504409202726
34122,500.0
34123,498.553402497058
34124,281.58725030556184
34125,421.3565176709378
34126,195.38780744621835
34127,153.38063726433757
34128,72.92372220992743
34129,362.0207136902841
34130,55.94075631870519
34131,496.9340972023899
34132,199.75072035711997
34133,479.77771083558156
34134,380.3778471023263
34135,85.38744934531525
34136,450.426157847104
34137,339.9027460804585
34138,57.70211949840842
34139,500.0
34140,54.757743751874116
34141,51.771901332092725
34142,53.58710924176914
34143,459.6146912360772
34144,464.3775058949285
34145,92.386089592586
34146,344.1627934426185
34147,499.09146405430414
34148,60.676361224650584
34149,487.0073443949991
34150,50.35886776873417
34151,55.94983445508218
34152,160.55522397219713
34153,500.0
34154,486.996517228012
34155,499.74708927488155
34156,488.2129529023766
34157,145.3958408359331
34158,349.71342542941153
34159,497.46873828352966
34160,140.5936645864559
34161,172.8428517831076
34162,479.68827357728895
34163,47.056121610528365
34164,343.3964138924422
34165,225.3612734967865
34166,101.97566116734407
34167,121.82359073811699
34168,498.49692098410014
34169,122.70505366316377
34170,167.48390111259462
34171,289.3156403613517
34172,79.42451230168327
34173,136.91933549828943
34174,423.20904833964295
34175,319.39134507827043
34176,499.7503527901865
34177,118.44319860188476
34178,85.28527705037268
34179,56.32033239868139
34180,73.17843534339801
34181,218.45028609265967
34182,138.38559957104835
34183,102.24154841625653
34184,498.41561488187676
34185,493.8794856737868
34186,282.2282616788305
34187,449.21806679646636
34188,499.7467363028262
34189,112.14382543734996
34190,110.7551894463445
34191,500.0
34192,107.85497812211536
34193,395.7961218700847
34194,385.75142211659886
34195,114.33546619211322
34196,190.95973506227728
34197,431.8733414277997
34198,59.46522542638682
34199,412.034025194252
34200,43.53924840230356
34201,447.04896651959535
34202,152.63069988661468
34203,350.9310498361598
34204,259.42059601850707
34205,183.15771212536094
34206,470.8236833283559
34207,489.3802404823484
34208,109.93015013150423
34209,69.95880530211059
34210,101.51130855793326
34211,105.67014754781485
34212,481.23188956601734
34213,159.99976834358347
34214,71.59589790778361
34215,187.94726171019832
34216,339.9157631065391
34217,495.25901914758117
34218,92.47482194721043
34219,108.28782459561606
34220,124.14139210645445
34221,452.29231258908374
34222,465.0282436158461
34223,60.07794983248823
34224,464.1574728454202
34225,131.5712598488899
34226,499.3302940997132
34227,109.07757049504676
34228,120.07845869774224
34229,195.63923798227847
34230,326.32459205706965
34231,180.94504677902216
34232,121.78705820648679
34233,47.10037364909931
34234,135.394499484391
34235,68.9152587157526
34236,252.30452521383876
34237,423.6303909105784
34238,58.49066629959336
34239,93.56014186738707
34240,497.9480357768551
34241,63.10276823339579
34242,496.5740727067264
34243,303.6389614382027
34244,47.80951415904978
34245,191.55731568175156
34246,273.94718738169973
34247,125.51572769308817
34248,258.64517653305523
34249,389.3447500958366
34250,296.41670453538603
34251,58.194164885925574
34252,345.6124473934494
34253,334.80290687911804
34254,500.0
34255,260.3147698261863
34256,500.0
34257,200.93967862473204
34258,112.37079620802236
34259,498.63386507470034
34260,499.88952281863067
34261,488.2335305273029
34262,500.0
34263,142.46158993159068
34264,500.0
34265,166.2599712539092
34266,48.63439292821458
34267,499.1099638656035
34268,494.28130005002765
34269,76.46379105407513
34270,205.73342387294244
34271,460.65487202415375
34272,71.41291232964164
34273,398.8125367029364
34274,105.14473073478264
34275,90.54691151514155
34276,357.2116423174939
34277,474.45750832128874
34278,280.99459639900624
34279,208.65833313725358
34280,500.0
34281,498.8324611400124
34282,500.0
34283,491.05788650539864
34284,111.28575377493269
34285,114.83471834513539
34286,139.68357272546854
34287,500.0
34288,68.23442069953295
34289,318.607320613591
34290,173.74134069105583
34291,427.20266797202436
34292,58.494436179229645
34293,180.12207238571304
34294,109.98205230459112
34295,361.5020310188431
34296,202.93895644160148
34297,49.33514959804592
34298,454.86545316661403
34299,59.2329038329996
34300,285.0739186607739
34301,72.80800546049241
34302,379.47696994648675
34303,359.8218848428164
34304,218.53613181686708
34305,446.60988808566043
34306,56.21727021151453
34307,160.28757458080074
34308,500.0
34309,281.80203540733345
34310,161.6258952122135
34311,336.8907287232429
34312,191.49759044361465
34313,500.0
34314,279.8841107613151
34315,462.82608072196996
34316,109.33420837940841
34317,99.86312233602274
34318,347.7868030853484
34319,446.48741597131357
34320,213.09091337111886
34321,500.0
34322,335.68017121458104
34323,169.04910501693996
34324,213.73018874874418
34325,120.56953847087229
34326,262.8215194793093
34327,212.0649221913805
34328,100.34806540982588
34329,199.6824772302569
34330,407.7503365788605
34331,63.64200569705375
34332,53.07816964252719
34333,140.66206345721903
34334,57.477160736083235
34335,51.53976108225142
34336,121.2161930595905
34337,137.8576009300195
34338,87.16481415981323
34339,157.5004649182378
34340,181.38571612110707
34341,173.0257276045744
34342,58.93433529116096
34343,500.0
34344,487.95435611007383
34345,496.0769092812137
34346,62.25105598257595
34347,427.2984020450493
34348,93.4750353323093
34349,274.233392215822
34350,67.70180548607229
34351,62.129114334212545
34352,343.0608747390092
34353,148.53252517010387
34354,455.7675097572501
34355,303.2963677576488
34356,54.387218827512704
34357,99.7387371098056
34358,175.53801387994392
34359,394.21367442330984
34360,53.43911125356799
34361,494.76513176195397
34362,58.928895652535125
34363,53.09841400481197
34364,282.50734615241674
34365,260.97802374417654
34366,141.1912550936961
34367,63.89291699708089
34368,496.61296534177666
34369,191.89800525718763
34370,77.71641351864814
34371,306.31817554739223
34372,286.9342518232413
34373,333.1335601542861
34374,338.0629114630307
34375,76.05087057750404
34376,362.3985962125625
34377,460.7855324175875
34378,118.85557151489178
34379,64.80090602792407
34380,102.63881400089772
34381,101.41683784479045
34382,480.39888006613864
34383,330.83066161325917
34384,239.1628221386386
34385,471.710274681993
34386,244.63467569101
34387,43.924881501158936
34388,485.5077815102705
34389,63.02957509897587
34390,51.724450260218546
34391,496.4619089165114
34392,60.49399610207179
34393,189.25113711265485
34394,52.88308252459794
34395,437.2041842788159
34396,185.4420300871709
34397,492.21267797327715
34398,101.19698889062926
34399,99.46425416068448
34400,92.37732587438224
34401,124.19186683942388
34402,205.83013229543548
34403,304.108722115471
34404,500.0
34405,71.60117523966386
34406,499.9150428106464
34407,68.22158511031807
34408,206.54435820421608
34409,472.84484662319915
34410,184.56515997692574
34411,317.48243358495705
34412,71.7134023613792
34413,490.45313274545174
34414,158.97342196283478
34415,60.955134095132635
34416,218.11315066705987
34417,500.0
34418,500.0
34419,99.26180223686137
34420,59.162891348974796
34421,462.93934125598753
34422,500.0
34423,92.22014377345882
34424,131.62066134043266
34425,50.17170067422375
34426,92.22658112062349
34427,459.0040628103079
34428,133.242430503494
34429,330.87206779159703
34430,226.87125319489888
34431,92.00368155486683
34432,283.1104398782147
34433,57.09727890665641
34434,347.2091351601189
34435,463.6980317859293
34436,138.69468920686808
34437,499.2277534205439
34438,74.01453204410652
34439,499.2591306652894
34440,139.4684570484087
34441,425.33903712641006
34442,496.74451206634274
34443,59.724322079055014
34444,131.35977340189854
34445,49.10744050915695
34446,351.75835084474255
34447,332.89449487451424
34448,481.06928870565883
34449,96.92789001997454
34450,347.6432439276687
34451,122.99522896665111
34452,427.0736620089202
34453,340.76965187182657
34454,268.42491761526657
34455,73.60318638083592
34456,294.08480374606904
34457,480.24582393456905
34458,473.01860301035197
34459,169.47585116426148
34460,122.15889830309283
34461,170.33562732070752
34462,395.8591793543278
34463,68.96534717586279
34464,398.10601039373535
34465,71.98525967846935
34466,106.56025975907245
34467,330.55662155857374
34468,328.86627606743843
34469,55.4002735668881
34470,132.1737006893582
34471,75.39910053718894
34472,103.740993466921
34473,494.71504190215865
34474,206.15746013689042
34475,264.68095955948644
34476,195.42515312364236
34477,500.0
34478,176.10707304745225
34479,459.14027079179925
34480,499.3840830659516
34481,125.11451075072307
34482,347.3067592786037
34483,499.92769122099065
34484,108.32650490039833
34485,170.41447731502146
34486,250.19021125542764
34487,72.90701118920143
34488,68.26448270426296
34489,130.5057072543229
34490,474.6471868696518
34491,118.2127940701381
34492,77.66545107835074
34493,498.012472370091
34494,500.0
34495,499.9163675063554
34496,59.94889877045583
34497,443.67308454985107
34498,149.61508634565587
34499,53.15568187924087
34500,56.34873169506737
34501,82.23687567066435
34502,500.0
34503,331.4785237218924
34504,102.72227679654833
34505,496.26030367487544
34506,181.8128341764825
34507,455.60486766149774
34508,136.71721920167957
34509,334.9985992020055
34510,413.2009665454502
34511,343.3299296924429
34512,71.39137526196527
34513,314.0872640964634
34514,99.98128427843466
34515,102.15620080122477
34516,164.77235168218826
34517,99.62280815687862
34518,499.59953516180155
34519,59.360069668293406
34520,80.30536364445926
34521,495.3874278301904
34522,179.98161407070648
34523,72.88337536434373
34524,163.02478532684978
34525,500.0
34526,499.51872077806377
34527,475.2229762465222
34528,500.0
34529,500.0
34530,499.8365940323424
34531,97.96084744214374
34532,215.2891427076097
34533,310.3505053138937
34534,336.9309834990141
34535,59.50316884435591
34536,499.7316207180935
34537,429.33391665580643
34538,54.78599682842382
34539,475.8416268864909
34540,440.0895737941596
34541,452.33939813958557
34542,459.75276109532194
34543,497.1552638870829
34544,175.98787216030956
34545,147.34734081595312
34546,204.91237312358274
34547,462.92751084305456
34548,192.35293269541995
34549,54.375759629954416
34550,114.20116939317253
34551,231.73756514508574
34552,58.99967969577247
34553,107.76023779193818
34554,498.95376128676435
34555,494.2319398880736
34556,116.04696920240148
34557,46.974282195484925
34558,500.0
34559,87.60283241224525
34560,210.53887937589062
34561,349.467910548839
34562,110.33771375175937
34563,499.72288812787144
34564,497.7798024409997
34565,57.21145125160633
34566,321.2354540755529
34567,496.5838635376739
34568,59.0028209321261
34569,99.57192338049771
34570,59.00127479145218
34571,495.91823643009525
34572,114.66450251286804
34573,500.0
34574,500.0
34575,59.545044571228644
34576,494.08918031961025
34577,113.13076292815812
34578,493.0526037032521
34579,340.64816596207464
34580,499.98101443737767
34581,414.9365041349673
34582,489.66080826423166
34583,500.0
34584,498.92467563675166
34585,497.10810814402475
34586,272.45846405831355
34587,471.3371412030341
34588,464.09934815954745
34589,105.45094425694536
34590,173.4204085796315
34591,499.3331648502749
34592,53.6835200260291
34593,47.65490688978113
34594,164.9046742004675
34595,457.8260358423795
34596,111.22217727475065
34597,78.26088577539083
34598,59.34046189188146
34599,63.09453742643065
34600,473.970769320254
34601,419.89755861699234
34602,59.2083951383979
34603,483.0658930581335
34604,58.80982415632475
34605,291.0098967055841
34606,165.7722452678318
34607,113.39593097608969
34608,144.44442295859352
34609,335.7914999970921
34610,196.1882107458377
34611,110.07060446629859
34612,445.4956290683396
34613,57.09872549167946
34614,203.6737522467941
34615,500.0
34616,323.498911876289
34617,454.91394321185356
34618,364.3903617266331
34619,58.619769324867605
34620,72.68363003031764
34621,452.02510210695806
34622,62.942902514534886
34623,499.7065651923002
34624,499.49313240253497
34625,280.6420752851661
34626,204.2007945704026
34627,59.15337073347084
34628,116.49844585154719
34629,326.6884436094244
34630,294.8279305558459
34631,51.97826634960001
34632,473.98384896949574
34633,109.00962034195699
34634,415.48817717751024
34635,495.7264746397904
34636,99.83518298590627
34637,495.681154333006
34638,419.977067915877
34639,173.8613848917069
34640,275.74396956464454
34641,64.00493947613654
34642,70.58668323726592
34643,500.0
34644,492.934652288216
34645,480.2025367999263
34646,261.0426892865504
34647,143.61059527307194
34648,500.0
34649,55.37756025377578
34650,117.4809324534911
34651,338.76476860974645
34652,500.0
34653,56.323214968349845
34654,500.0
34655,425.05405105106496
34656,499.97752036281213
34657,413.20291246916315
34658,491.3783598242038
34659,500.0
34660,106.2845387630868
34661,60.786466320588076
34662,500.0
34663,269.75592172518594
34664,129.14126380540634
34665,195.80962416572208
34666,292.5043493168296
34667,57.70962165577171
34668,479.4617093230611
34669,499.56439518982927
34670,500.0
34671,62.07647690639973
34672,496.701594353206
34673,72.38619182486886
34674,342.9005295138641
34675,498.53568757049266
34676,363.1237725757908
34677,172.7839754025797
34678,500.0
34679,321.207937829616
34680,58.829247853953625
34681,74.4079795039049
34682,84.89824788019777
34683,452.3463055177144
34684,499.506782053159
34685,377.461353890154
34686,499.62575233329403
34687,165.72942188975452
34688,500.0
34689,181.07609919657028
34690,153.95298619615525
34691,281.63823991780225
34692,185.0676222157038
34693,499.56212717625283
34694,63.28428888555708
34695,371.40493023456133
34696,495.98340204683814
34697,109.21071632565898
34698,257.4653029809491
34699,84.32452178698247
34700,499.7080083469649
34701,500.0
34702,451.37133179781034
34703,290.3680563920051
34704,278.17452722972234
34705,500.0
34706,497.1416904712951
34707,391.8063158465621
34708,499.39578412106755
34709,500.0
34710,58.41467504425354
34711,84.67362723827313
34712,353.9373310146542
34713,270.6841926773472
34714,127.2878161705502
34715,119.88657270536703
34716,47.957392386927296
34717,71.58496611121879
34718,466.0338994996626
34719,56.850307821119976
34720,295.95443954163585
34721,490.19715136437577
34722,490.65365939512674
34723,259.442447189689
34724,198.7378045093859
34725,150.80251911523706
34726,347.83616927215206
34727,107.42719141536816
34728,454.2683767311787
34729,301.67086719176604
34730,168.34920924915434
34731,413.17430871892805
34732,478.0549815493671
34733,325.7644758735886
34734,499.4203106807005
34735,89.66746974016344
34736,378.156884269376
34737,329.09714852461764
34738,62.72047929943058
34739,88.40489068264387
34740,187.59729692546233
34741,139.11725479425803
34742,139.7485751236313
34743,75.82760915630776
34744,104.62722160703093
34745,394.57188032647946
34746,54.22582037732214
34747,129.18091535541782
34748,452.41785716534554
34749,199.5880347720476
34750,52.63358065279884
34751,110.12534703853495
34752,465.9653779437868
34753,497.2729712762431
34754,498.9092586696204
34755,349.1783660399131
34756,476.04661396346825
34757,107.52280573343529
34758,460.0586882716061
34759,447.37908636860834
34760,245.13279606388437
34761,152.17616762352034
34762,59.182957383815804
34763,120.5566743777658
34764,57.079957942712255
34765,416.3599934337991
34766,75.09958553338295
34767,458.01789734902883
34768,111.46542758538992
34769,265.7841295254014
34770,499.4164235091106
34771,364.54639042797186
34772,306.9372909569678
34773,75.06334808581316
34774,71.86874532363804
34775,57.611594872484034
34776,437.60086372445386
34777,107.87684152990902
34778,47.21957117705085
34779,281.9559316727717
34780,489.36613687996373
34781,61.10550246249548
34782,112.63934885958002
34783,500.0
34784,53.21221441895935
34785,347.5577442188945
34786,499.4128792148309
34787,182.11322702963463
34788,439.328049426892
34789,312.1239806915793
34790,474.9920191798921
34791,109.95137084958094
34792,72.30756145423354
34793,500.0
34794,62.07647964931343
34795,500.0
34796,287.29154437546725
34797,127.56712456084256
34798,500.0
34799,340.90330965303053
34800,317.20349539449984
34801,269.9955203939953
34802,309.0576575184435
34803,141.82803412206474
34804,86.04120130289903
34805,158.18119990483237
34806,500.0
34807,103.42025515888577
34808,465.91379723398927
34809,423.5059837201651
34810,124.93647904828399
34811,492.0582752140631
34812,499.4726773846889
34813,198.33286494171404
34814,446.4275217388877
34815,487.2160064952952
34816,72.9129061352998
34817,468.70393988954277
34818,404.92971228933254
34819,68.82057459621547
34820,488.84265626238687
34821,264.6080169097259
34822,500.0
34823,498.6501502702108
34824,470.6874686184054
34825,288.3277539266205
34826,299.99380805989705
34827,115.7051881956402
34828,305.88487814531686
34829,275.48827812234265
34830,338.8698167079867
34831,143.88161032379853
34832,290.56049509711573
34833,56.84505509453592
34834,218.4601006360753
34835,385.8664861453244
34836,487.8816528662193
34837,55.31354473356775
34838,113.5546999401697
34839,440.1421321917121
34840,197.32880124967977
34841,119.25058765389228
34842,73.04538522702511
34843,52.94764356160391
34844,482.9039578423967
34845,68.2719039147709
34846,401.3054001523664
34847,48.8099457515611
34848,106.42536384664973
34849,119.65816939643474
34850,56.112591074518164
34851,59.11887235410303
34852,499.01461224500866
34853,57.039082120920256
34854,364.8209710021214
34855,498.7750573250588
34856,47.86634426664408
34857,74.0012808002623
34858,103.99845411680155
34859,500.0
34860,210.27913973526
34861,64.10278593814812
34862,105.36004673981492
34863,499.6308713029677
34864,71.85519659720848
34865,262.8374289388755
34866,500.0
34867,499.9198719658133
34868,500.0
34869,496.27353898268177
34870,355.0459004401225
34871,111.07553291705655
34872,71.23377452707693
34873,258.28560006665657
34874,98.5076871282008
34875,188.30839425506065
34876,500.0
34877,141.01120363932182
34878,458.04433554961145
34879,72.44931077976256
34880,423.0663527000469
34881,97.01066875913452
34882,131.29952761906557
34883,164.1867937271415
34884,499.6929343591436
34885,200.76646483559398
34886,498.7024294955346
34887,439.4811199833721
34888,292.00994730452874
34889,453.4913473167116
34890,83.30140148147832
34891,500.0
34892,480.9525314067015
34893,500.0
34894,497.5057913927276
34895,191.88934213995913
34896,64.98463163944191
34897,61.04485060879921
34898,475.7061909556045
34899,188.75840196402788
34900,172.88327283040476
34901,54.24039603545408
34902,59.13204840845002
34903,356.5910635603649
34904,433.431952047383
34905,136.66822760969563
34906,498.5548368105507
34907,481.13050106813876
34908,269.0706554730958
34909,498.40079073156136
34910,499.35255236859234
34911,500.0
34912,494.9997766675365
34913,111.8804448223062
34914,58.64302484913546
34915,262.5122579216761
34916,107.44300076691701
34917,424.0056190628336
34918,419.9862301554584
34919,427.8828248251306
34920,287.30109781781687
34921,62.01309849861947
34922,421.5492644159403
34923,285.3090098429535
34924,54.33600502791718
34925,498.5175979934379
34926,435.05362061071355
34927,107.58093396965589
34928,58.746671474179365
34929,468.9462014373619
34930,467.0150476324651
34931,162.95077465907335
34932,65.26046588302654
34933,386.56197611200196
34934,418.48448005819216
34935,500.0
34936,499.36854010800573
34937,159.59280145043138
34938,57.753598666745035
34939,500.0
34940,59.41589534815098
34941,48.51867530408684
34942,439.11162702722265
34943,500.0
34944,78.85095628219378
34945,499.9433334398715
34946,421.59579262179034
34947,243.2830563530095
34948,330.7603529162402
34949,488.5799230023041
34950,500.0
34951,112.3438918645991
34952,183.79001342301248
34953,386.1179494966224
34954,98.18570258792866
34955,53.54671714144578
34956,484.3491994026691
34957,57.81785798772101
34958,488.57439795168267
34959,392.1758299826464
34960,387.03194795326897
34961,48.932432554737844
34962,497.6472746858597
34963,351.79750293585414
34964,494.5205274560509
34965,481.83398015449575
34966,59.84863096209339
34967,348.5180482327743
34968,128.2127192190687
34969,46.77108498234083
34970,253.92464228891043
34971,422.2806352059847
34972,438.05224483740477
34973,409.4591821481679
34974,113.40276431012862
34975,60.47595280978841
34976,453.32287960765024
34977,195.28356828112857
34978,439.8629709494067
34979,390.22580093401234
34980,128.22175480309656
34981,447.9189767535606
34982,484.6808365759696
34983,245.49069967636729
34984,49.45312088327707
34985,125.91200646119329
34986,497.7433758014099
34987,499.3064718015472
34988,299.6165574542532
34989,499.71188515985233
34990,65.17680947291097
34991,492.83141255463283
34992,499.59406967010113
34993,370.1310906598037
34994,453.3703483520735
34995,72.4686825449673
34996,353.1888707958183
34997,174.55611392324795
34998,114.63011737151034
34999,338.4729436299045
35000,54.386976150712286
35001,74.82967681114748
35002,124.78336505397078
35003,204.7105309400652
35004,500.0
35005,69.00147442527664
35006,118.36585124114632
35007,500.0
35008,315.89528579424876
35009,156.92773197805525
35010,499.5641132178588
35011,338.2657542025872
35012,409.05012461482335
35013,488.0571889838709
35014,69.92473196511557
35015,126.30401021593804
35016,331.2769947093113
35017,380.85489326328303
35018,500.0
35019,454.2594019621662
35020,346.63211134113
35021,436.6504611637932
35022,500.0
35023,148.60033851812386
35024,63.145756668728964
35025,54.31247928689045
35026,71.34215049895181
35027,435.29502849514995
35028,378.2444439222223
35029,66.07865872928416
35030,441.1738590249754
35031,60.977671688219615
35032,76.55759261103704
35033,157.56995738455046
35034,498.9965991607935
35035,54.37806247066276
35036,499.5666979808766
35037,130.16958841823927
35038,54.23138445163897
35039,56.3118864636226
35040,498.62229783583984
35041,425.68179618661213
35042,115.45301564880816
35043,496.48623704681364
35044,124.17633683870366
35045,453.82184048654324
35046,336.8718635689119
35047,439.78834475595585
35048,455.35507250365293
35049,164.40160014547382
35050,499.52849945423145
35051,163.6983318369972
35052,181.89312648270536
35053,499.89983447857674
35054,151.3937340555233
35055,60.33506772299138
35056,56.540438592813295
35057,441.42265330109154
35058,498.8934929162866
35059,500.0
35060,461.68045458814584
35061,500.0
35062,327.8662013453232
35063,500.0
35064,56.78885389550808
35065,500.0
35066,59.9328857428995
35067,162.7745478985176
35068,65.2978234197134
35069,106.08487826759938
35070,143.35875574119135
35071,470.82412264633103
35072,279.2760251599998
35073,460.06384561747313
35074,139.18938427761887
35075,494.56607260757755
35076,499.95739458039895
35077,160.4168857580218
35078,167.28963670525036
35079,102.44089352551748
35080,115.41834738159734
35081,92.3825218782375
35082,357.18959565386416
35083,331.9150499732158
35084,324.69048051860506
35085,108.55039151564745
35086,60.937450845488435
35087,58.05062432881884
35088,334.87575887151877
35089,483.7697026802248
35090,447.66488680713576
35091,500.0
35092,497.13369378482184
35093,72.77509277277433
35094,497.9961580462415
35095,500.0
35096,248.6873183564083
35097,142.82850589837915
35098,60.47681110893108
35099,54.042012805340846
35100,63.25545023308315
35101,429.969864542906
35102,325.9892098730078
35103,125.96624546844869
35104,450.7506642026798
35105,60.24296269190951
35106,443.34624173350073
35107,477.3225144519209
35108,176.19375094742122
35109,102.9810410141771
35110,483.4987602403437
35111,393.1843506961317
35112,105.07539302522969
35113,500.0
35114,177.56560018084383
35115,490.8226305445587
35116,74.53142782467792
35117,491.72717872689907
35118,256.16065965457005
35119,55.568999921553456
35120,332.33168200155035
35121,267.1248788487477
35122,444.086994997598
35123,103.7303908800859
35124,354.6201340550654
35125,336.6337640328849
35126,204.24603122964263
35127,481.3861912121078
35128,450.549957405765
35129,89.27966874888335
35130,105.80470238674957
35131,169.42103842843093
35132,217.40805323311935
35133,500.0
35134,463.41745037500925
35135,455.05824499325877
35136,398.9226719401331
35137,210.54361042949023
35138,71.08276940847566
35139,53.11839702221951
35140,482.73762712096897
35141,499.6008305920683
35142,169.41677666643682
35143,464.23051412129183
35144,108.50731260382571
35145,46.855744050202944
35146,500.0
35147,105.98203292278063
35148,202.3657173363404
35149,411.61893039307415
35150,113.55849811411183
35151,62.724035070257074
35152,334.0666093555498
35153,203.43010658988052
35154,188.1074424466168
35155,499.3746290500888
35156,475.6102008199198
35157,449.1798898777531
35158,279.00948866527244
35159,146.67898395637386
35160,89.01990470216491
35161,452.2313214857644
35162,79.6683597482535
35163,58.23971631025538
35164,78.38029301314612
35165,203.2335755937521
35166,47.56881036063061
35167,91.57984963385147
35168,127.83051823074571
35169,178.13947126876755
35170,492.94168795565486
35171,152.81282070208766
35172,90.51872212572715
35173,52.33234461712708
35174,60.45325905837826
35175,194.42354486684633
35176,106.46804123928393
35177,58.69173002300212
35178,73.27890146751352
35179,404.81002770933077
35180,85.41736375653804
35181,167.1776889446311
35182,74.11013666634207
35183,336.7420446445323
35184,117.22199462470715
35185,120.16695819455805
35186,261.6757683122928
35187,107.6259683066873
35188,500.0
35189,500.0
35190,146.91217688517654
35191,92.87018612505504
35192,72.19952022689426
35193,74.73948619428369
35194,253.6679171868024
35195,46.5981184104954
35196,499.0495744063264
35197,112.82469770179073
35198,353.01351774390696
35199,135.4129901806149
35200,434.7978290836545
35201,500.0
35202,253.95030109693653
35203,352.26744586004736
35204,169.6176707753871
35205,97.06154432459445
35206,140.92779335888505
35207,198.29304410599514
35208,120.53008149369332
35209,436.87336463303643
35210,167.72081876323284
35211,189.95732901758407
35212,500.0
35213,493.8141854100695
35214,500.0
35215,123.90062570539024
35216,55.12732875486218
35217,272.57564266179793
35218,499.5186576803436
35219,98.81681984198622
35220,45.98361559347436
35221,219.13502054484775
35222,448.3173096346335
35223,114.72492692417154
35224,68.37540711579845
35225,115.76876501069844
35226,500.0
35227,297.59745485523183
35228,58.011532592271735
35229,58.400220523703595
35230,91.9490905827009
35231,57.55010480176324
35232,347.8347874253591
35233,487.8671409396844
35234,174.17504165625763
35235,286.26027031677336
35236,411.675731819979
35237,322.3797291089405
35238,500.0
35239,194.95237255083396
35240,111.55000302404943
35241,125.13554675049394
35242,99.19735759656612
35243,408.44914345998234
35244,69.97874538109043
35245,267.9836678068637
35246,172.76270964074865
35247,59.024008089825614
35248,487.48218340368436
35249,221.56929661431514
35250,260.265030887085
35251,277.09052451359133
35252,194.28500458434831
35253,499.6882384598721
35254,177.1712317411613
35255,112.12035937611941
35256,478.5130635529117
35257,309.6601426611021
35258,498.55331117084063
35259,498.1150479519603
35260,496.5981794945951
35261,480.0624313935798
35262,53.46674822528178
35263,454.1241700579461
35264,51.52067523910455
35265,273.0910530742259
35266,305.67168256251216
35267,500.0
35268,411.47467157246706
35269,131.70440026573095
35270,110.86292358326071
35271,61.1286805987896
35272,97.80287698718142
35273,72.67503366130772
35274,449.8161423830496
35275,442.0411443734646
35276,450.7588796027745
35277,74.36804091166616
35278,446.878603314623
35279,76.55328060295425
35280,63.87434422043699
35281,102.6012757924181
35282,277.4872093958003
35283,418.0646786794531
35284,51.90906575535544
35285,127.65086276739885
35286,139.44640153631025
35287,455.0586199871706
35288,500.0
35289,493.110974390376
35290,500.0
35291,291.90370036859935
35292,450.00211804000133
35293,213.72506619949087
35294,299.7254721385839
35295,58.09078323580093
35296,57.50659816910401
35297,58.347738519442245
35298,185.8944875855828
35299,101.96043971944495
35300,398.868209793549
35301,499.17892159811385
35302,383.89877332879075
35303,173.46011681285506
35304,498.7686185418062
35305,499.6278212412254
35306,469.8012807031293
35307,464.0743971223169
35308,498.7575875818607
35309,56.061654068041115
35310,499.9039138844861
35311,499.33021943595924
35312,498.92693324435834
35313,153.68699477344265
35314,407.2813910869264
35315,146.1037509141359
35316,184.30276014660598
35317,291.0839473256772
35318,254.13451613247497
35319,232.54151603132942
35320,50.96372673215998
35321,57.4920895155518
35322,176.38234981203874
35323,333.9597072151605
35324,497.6286040830206
35325,102.20414172471837
35326,266.565676611685
35327,500.0
35328,59.62290940288044
35329,128.34230619681009
35330,167.37834966411916
35331,462.3653701913452
35332,56.023918605469206
35333,132.12395977481702
35334,462.7888496010056
35335,485.7862978184562
35336,339.7773112329921
35337,124.13006202134243
35338,108.47368945180008
35339,258.2240400427386
35340,110.14140395144712
35341,57.56202095189387
35342,500.0
35343,462.1119707446983
35344,71.14854056657094
35345,131.92843689778675
35346,274.34396473682256
35347,87.67978385333367
35348,287.473563774073
35349,293.53255479496846
35350,59.079886414862585
35351,500.0
35352,295.13157077408937
35353,398.5166388228175
35354,433.7568786646055
35355,44.90797070094051
35356,117.504893048198
35357,500.0
35358,172.21768687863116
35359,107.40089077885655
35360,108.60774432364468
35361,328.7558557104147
35362,455.4629461290834
35363,394.9102387014576
35364,64.00011797486218
35365,49.70753911067744
35366,500.0
35367,248.1082352659896
35368,308.1312044045859
35369,206.73619794123059
35370,117.57514586479745
35371,420.5961790848126
35372,407.7934138416715
35373,293.2127608889903
35374,183.6083867041437
35375,452.9671945150783
35376,497.1469492158633
35377,500.0
35378,170.1762469533773
35379,85.61612061211186
35380,315.1322798525748
35381,126.08240070621873
35382,101.94604324341182
35383,204.35112725828972
35384,163.09767690660493
35385,496.99743452256905
35386,214.26248091967835
35387,500.0
35388,73.16711980248883
35389,496.69222373054436
35390,143.2228459489
35391,93.17382055842292
35392,275.8705072618802
35393,190.9958360484849
35394,497.6632102476297
35395,426.661499315416
35396,163.08990805100296
35397,77.51948282231842
35398,346.09719302508984
35399,54.369633319152676
35400,335.33968665399925
35401,47.094293308291235
35402,309.6521162935452
35403,477.8283008247875
35404,115.57386480468685
35405,455.1500176717246
35406,46.220958315211526
35407,50.979922166445945
35408,476.01391703464014
35409,279.1032748839493
35410,500.0
35411,70.95025638372086
35412,500.0
35413,95.69754911219366
35414,455.6618675367919
35415,125.23299695456282
35416,62.19409537099639
35417,499.97079355063374
35418,493.76070796607814
35419,500.0
35420,249.72876427121074
35421,105.02889454897951
35422,364.2113539287034
35423,183.97858081992945
35424,61.04131998551384
35425,500.0
35426,64.58310757418967
35427,451.2826664272551
35428,364.38319403477163
35429,143.5401048450424
35430,440.6703578717255
35431,48.864558368577164
35432,179.3940917297165
35433,500.0
35434,195.2403040299805
35435,500.0
35436,492.1645483278174
35437,499.67060326715455
35438,500.0
35439,210.42306069485454
35440,334.25877903186495
35441,303.93389192126904
35442,153.309619823403
35443,338.7513094319541
35444,500.0
35445,499.2895953550508
35446,424.1535780568961
35447,449.46808463171726
35448,488.9600903755496
35449,498.27524378519325
35450,498.5992338302333
35451,499.3928812189551
35452,286.9753968276291
35453,353.01932267774947
35454,499.28995059131455
35455,146.97530453783256
35456,458.2779511900344
35457,115.0806067001476
35458,54.99573891085975
35459,208.17966775888573
35460,185.16992283934485
35461,271.4534197109461
35462,179.06454135784134
35463,135.71188777511267
35464,498.5853795431305
35465,327.84285228542365
35466,406.5819782645269
35467,196.99246350149272
35468,129.9472168581247
35469,103.49273290943961
35470,69.21471277502033
35471,500.0
35472,271.6404538926017
35473,244.99973821325796
35474,500.0
35475,485.3266246416581
35476,112.04354496112462
35477,495.7520179213267
35478,498.3724209613408
35479,133.35914639143164
35480,67.79622191651148
35481,500.0
35482,194.54601680713688
35483,111.35075959956757
35484,421.6580374101121
35485,336.52785915638344
35486,429.210143832094
35487,500.0
35488,193.45114624142548
35489,169.54112157257111
35490,221.25855348696805
35491,319.00493295808195
35492,498.75368910634364
35493,439.7688006195274
35494,458.48895039253665
35495,160.13380923319767
35496,148.32091721599866
35497,453.0694896163885
35498,108.09848750901972
35499,70.79309597745512
35500,500.0
35501,342.1342860191962
35502,454.2350821360951
35503,424.37436118084497
35504,141.84756644241534
35505,156.6295311215372
35506,96.58180897185098
35507,500.0
35508,286.66747949732553
35509,53.2157913813547
35510,62.793887423099136
35511,301.1123479694733
35512,492.6219637377828
35513,81.48099479488769
35514,300.36296020531654
35515,465.90333224952735
35516,58.52864513221504
35517,457.6305957566675
35518,491.95894776508965
35519,72.26602531316304
35520,170.7363352734905
35521,462.97188274800845
35522,238.36279349283745
35523,146.12692010491133
35524,195.44528163648815
35525,114.1402575686069
35526,110.19122583096438
35527,451.3798073141389
35528,115.52037516473965
35529,172.8403896689415
35530,107.42000712990259
35531,198.8014648504803
35532,371.40272497208264
35533,477.0141750830405
35534,439.5850788378416
35535,54.57152364310613
35536,313.03730958619104
35537,174.74384709941796
35538,117.71751318720507
35539,473.6616062324142
35540,296.96990071737025
35541,345.4229328422096
35542,496.56729447067084
35543,422.5579617182337
35544,202.53750807245575
35545,70.45394591890346
35546,197.1270491374865
35547,500.0
35548,314.17943377631593
35549,500.0
35550,104.90115116103993
35551,411.48024360628824
35552,274.2348698312866
35553,276.2330047314261
35554,333.54321692494835
35555,111.12498263235986
35556,55.87215939769207
35557,408.43910701718255
35558,450.0673787046365
35559,254.9862591546986
35560,499.5844291576709
35561,344.4653682540523
35562,145.34188385653172
35563,276.7094209043852
35564,500.0
35565,327.17808180625786
35566,368.66086750136793
35567,500.0
35568,397.25344884105664
35569,53.500832211433675
35570,75.15322068264972
35571,226.97342814180067
35572,52.85967511491329
35573,276.4516098717834
35574,125.4006600142534
35575,303.3759452023199
35576,58.295697524416866
35577,169.7358313428429
35578,56.906582907630096
35579,241.57268105217435
35580,112.16337551823432
35581,72.21799646218997
35582,54.77747303864519
35583,340.4900441493894
35584,93.25042860035197
35585,51.16538248532097
35586,161.6690926935263
35587,436.0196695950665
35588,401.2078535447248
35589,434.86515976890394
35590,460.57142730982
35591,349.38793352512596
35592,128.64805865970118
35593,139.3162491215953
35594,199.2370037283905
35595,497.67681595502347
35596,122.92761859636924
35597,329.5486842727072
35598,494.5269760280016
35599,97.25838153235706
35600,64.86787489882337
35601,194.31076900799067
35602,500.0
35603,57.831436716866484
35604,56.67882808437133
35605,164.63594751096883
35606,461.25339770144205
35607,491.89531298670397
35608,124.05647772977576
35609,443.8799600571533
35610,450.761373685257
35611,131.95343117167465
35612,270.95339346685375
35613,290.26233858020964
35614,500.0
35615,449.6188696133711
35616,497.9231653052698
35617,75.56943523218092
35618,97.62624093045982
35619,471.29099188894475
35620,61.17834166626501
35621,73.45926416759782
35622,287.1570626811717
35623,497.9583865475647
35624,300.8259040367858
35625,315.49795977125234
35626,493.0415664949777
35627,299.2107917490059
35628,500.0
35629,54.749718533808746
35630,55.03043018363044
35631,231.50093834352205
35632,125.12471701901303
35633,62.489479107055246
35634,70.07059508847891
35635,62.19272116041311
35636,105.26162190262265
35637,451.2833077303702
35638,489.2124138992085
35639,115.31881625154702
35640,440.2727022384746
35641,481.0342282307607
35642,309.46139531510926
35643,454.66298172374917
35644,67.35134673415294
35645,58.276515217351744
35646,499.3754996282304
35647,500.0
35648,493.9562567422635
35649,498.76852011436483
35650,249.55273901966711
35651,141.7589754281407
35652,322.16574107409394
35653,365.20181446178947
35654,467.16275902877703
35655,105.10671878599197
35656,347.6804302735444
35657,415.9080480905394
35658,494.4867660967175
35659,167.19068288522746
35660,106.63550859298073
35661,308.61182510899533
35662,274.644649333729
35663,120.86241530385341
35664,171.59130010392417
35665,500.0
35666,129.34520634570765
35667,197.60345333616695
35668,72.51031908869226
35669,195.38702405343676
35670,440.60926297257686
35671,103.34259465693805
35672,347.9587111122104
35673,500.0
35674,46.21900926030708
35675,482.99064185672
35676,499.49780973330394
35677,172.98728048533013
35678,58.53303453498193
35679,499.96399011932067
35680,50.16687092917127
35681,305.7040238477689
35682,99.84587693426909
35683,123.91576425392677
35684,266.7031341573255
35685,64.9642831616487
35686,101.09738251095771
35687,475.0342430960998
35688,208.43860435527102
35689,413.11074916939526
35690,59.265450275791075
35691,161.13284313870142
35692,249.02131538535508
35693,257.55132510807755
35694,60.03669317766686
35695,248.95143821709235
35696,500.0
35697,500.0
35698,182.48303821273703
35699,52.28960695424256
35700,152.71826912207513
35701,208.0745649132494
35702,356.42598501677463
35703,401.67966898067857
35704,450.3184408300769
35705,50.53335013421021
35706,500.0
35707,118.14509821754737
35708,147.94572768746423
35709,500.0
35710,363.95626607724984
35711,106.21052583365564
35712,61.80074221604336
35713,320.6997448097855
35714,262.41394922893585
35715,299.9108016578956
35716,156.6673060365064
35717,500.0
35718,496.78051926701227
35719,55.79220143286889
35720,59.379148419381956
35721,343.7777462685528
35722,312.43982532069595
35723,141.34006750312227
35724,106.75050033151331
35725,500.0
35726,104.41523903139048
35727,112.80700453549356
35728,500.0
35729,246.39805355668025
35730,500.0
35731,80.31999415842684
35732,151.0199640338576
35733,193.63777893078347
35734,122.54076788510338
35735,55.486177535867384
35736,50.88161143755209
35737,301.35053050685474
35738,461.83205330117414
35739,76.91502587520341
35740,331.88481003797096
35741,316.7046777958344
35742,434.8662583594865
35743,75.87607164401693
35744,104.57333994939731
35745,53.24072449737812
35746,82.52656707564881
35747,395.39607899981905
35748,131.02919487449003
35749,499.8534180638508
35750,105.62153888511321
35751,499.8369677658579
35752,500.0
35753,58.0854969120348
35754,135.96648321324798
35755,457.0580976901781
35756,499.5657958331323
35757,72.43418335071863
35758,64.55629776931282
35759,243.01921614058477
35760,257.0954342628855
35761,448.47362497424945
35762,499.9244285789514
35763,497.2062503001972
35764,75.59307832350197
35765,282.67328900421853
35766,140.66200679547336
35767,46.797517930794676
35768,414.83556136551204
35769,499.988744615029
35770,499.9625975137547
35771,495.2107954646728
35772,327.3267921106275
35773,497.72605709607683
35774,174.10773388042566
35775,500.0
35776,326.9231046951495
35777,498.4150275626235
35778,197.4250708602358
35779,70.06545697549632
35780,488.3930626370094
35781,336.8740177291459
35782,428.3839451969318
35783,118.6759835273833
35784,195.98479481107515
35785,414.79091811848355
35786,412.30353729855767
35787,56.13314836020589
35788,71.2253999289962
35789,182.48038445119815
35790,498.3112883838593
35791,164.02064282267904
35792,340.2069213353989
35793,347.0374601281047
35794,125.71664606469582
35795,404.9610986578191
35796,498.78334157614256
35797,57.45692579870491
35798,441.2279470203699
35799,250.43644150698472
35800,186.95742025129692
35801,70.28188614477463
35802,118.96359401048238
35803,472.16611983629275
35804,500.0
35805,57.33977631642617
35806,212.6121576690835
35807,72.77465623298276
35808,435.49961026974495
35809,193.81932897526798
35810,106.01907235657407
35811,486.0323383755332
35812,343.7868673421875
35813,191.2592044034708
35814,96.8701475621771
35815,481.5727753086288
35816,498.4994339500373
35817,74.48725994316102
35818,461.7461352932655
35819,101.42053897373151
35820,102.68060937192777
35821,58.100386445459876
35822,55.04204957527697
35823,287.34292414886175
35824,500.0
35825,95.52649863880787
35826,54.45773975831625
35827,210.81307573039135
35828,50.237591396556326
35829,470.0686104178876
35830,70.38441566356997
35831,410.8795736955436
35832,240.01320023363678
35833,303.4438228220089
35834,63.001376255368946
35835,448.8228500034756
35836,285.67854454651
35837,74.17168570807146
35838,482.10005950710047
35839,88.51642950163888
35840,136.87882962320217
35841,494.4117592897185
35842,461.21993691110606
35843,120.53313975796397
35844,421.545865612193
35845,424.482761371444
35846,58.696194801748824
35847,464.6110767970492
35848,137.3462932047803
35849,259.42743562107336
35850,457.7460264189508
35851,500.0
35852,114.4697165793996
35853,451.10249745569877
35854,391.83612771870594
35855,150.8496414486333
35856,489.87209156633674
35857,65.10000899704042
35858,338.8312862477565
35859,354.51382850462664
35860,165.40677495385773
35861,403.13800761557593
35862,281.399810280785
35863,336.16420813615275
35864,498.5883360258025
35865,457.38806148967615
35866,500.0
35867,106.1682020391076
35868,286.32766444869975
35869,59.13481800120904
35870,474.6332372673084
35871,404.27024263074037
35872,54.87270410030946
35873,500.0
35874,349.8134432273681
35875,250.8331333638764
35876,269.2742860741952
35877,172.81023005742153
35878,264.1803802237778
35879,124.16103798250109
35880,104.01252426181111
35881,75.48684649642377
35882,338.30920920836445
35883,54.98285914078255
35884,176.8136864294745
35885,115.18549040941643
35886,498.2811910949015
35887,500.0
35888,97.8000246671849
35889,270.2423278402283
35890,60.74295124994663
35891,329.48282242631956
35892,193.61380218961548
35893,499.6498855762227
35894,423.945269637705
35895,72.44861489400738
35896,484.21607449487226
35897,61.256043517761384
35898,432.68503002792124
35899,72.40082978841727
35900,56.89180793797095
35901,497.64752587312387
35902,115.37478959042224
35903,131.48220130954067
35904,416.1157605215917
35905,191.77655979402113
35906,313.13862132746715
35907,461.4905768869438
35908,70.88345858604409
35909,129.4374255532327
35910,60.053988635699746
35911,412.66088164451344
35912,58.906747018234064
35913,474.919878460367
35914,500.0
35915,127.93791645774998
35916,442.44414220724445
35917,106.54714547340741
35918,499.4985450356377
35919,178.37955062320435
35920,315.2796062674315
35921,341.47421145671933
35922,433.90283087888247
35923,84.43459443896813
35924,500.0
35925,133.15204509460565
35926,495.3716215510317
35927,426.50654574930854
35928,77.07754401829344
35929,130.23050970243708
35930,472.8729296467021
35931,262.4791294528736
35932,110.94217043193814
35933,150.37802395802706
35934,272.5245961816587
35935,390.70542051538536
35936,111.4749031877447
35937,209.20198412926078
35938,210.87152509700002
35939,128.0820141939539
35940,76.75891700931943
35941,58.130074429952074
35942,498.4151409776381
35943,497.798304808732
35944,489.99823793497046
35945,445.02982622268695
35946,463.7923811958997
35947,479.97397155120564
35948,184.96395000010273
35949,77.91730105031374
35950,492.9465894019663
35951,58.14276797434427
35952,74.23241537754964
35953,190.33452533397724
35954,105.2354212453946
35955,360.06007519297486
35956,132.70208567735315
35957,317.71455909854535
35958,52.327488934732315
35959,490.8712427235135
35960,499.35586510930284
35961,397.1210129552534
35962,97.81743037523313
35963,489.86132349302136
35964,52.70312766263808
35965,500.0
35966,56.13700257172823
35967,131.24530464108085
35968,114.25478367198258
35969,180.2069932121549
35970,121.67396337009552
35971,500.0
35972,499.3013709963459
35973,500.0
35974,499.55444888329583
35975,494.105607348314
35976,438.97971263193955
35977,254.97781032788703
35978,272.4495174207458
35979,90.87143053532593
35980,466.8840125412807
35981,367.5350806988538
35982,332.38410857280724
35983,102.10160734060537
35984,338.75715178936485
35985,183.83592304646234
35986,373.83825862109177
35987,50.12427789565883
35988,493.4723389814201
35989,109.44884158228018
35990,500.0
35991,498.681029850164
35992,108.86200990655806
35993,107.36634144220244
35994,51.53262372786932
35995,138.22946007206917
35996,59.72871731396115
35997,59.108031837439995
35998,232.93439398194778
35999,312.4696700117542
36000,124.78496077311303
36001,71.65611446107101
36002,500.0
36003,482.49924074455487
36004,185.88964123018366
36005,445.0875496881516
36006,48.88132719956188
36007,99.4266064527218
36008,72.51760891126438
36009,439.37161260068126
36010,119.55098107260635
36011,52.33451361765656
36012,333.48490918599043
36013,311.1992751196596
36014,71.08109032490324
36015,417.6774963522737
36016,489.71695561794274
36017,500.0
36018,217.5071526326235
36019,57.36691454915854
36020,475.19496984368607
36021,268.0482294270826
36022,76.17328697234178
36023,170.69408471409258
36024,271.68533266355837
36025,248.796198144453
36026,140.5441750947713
36027,98.29072000546994
36028,500.0
36029,304.8090859056754
36030,498.8635400962871
36031,299.5462801626024
36032,74.455642987261
36033,473.0887410820632
36034,60.559094812283064
36035,50.91746457668687
36036,500.0
36037,102.44848597947106
36038,71.7026577410003
36039,74.68194308218884
36040,50.154900624877996
36041,446.05211547600015
36042,159.46626090219956
36043,182.26078093046868
36044,500.0
36045,338.764139575141
36046,317.07100709878955
36047,91.51683613620685
36048,93.38074408833802
36049,500.0
36050,61.96668647854211
36051,123.29735554950227
36052,499.6161074086816
36053,494.5277306233786
36054,356.60018150545255
36055,466.29442068666424
36056,191.75488018768652
36057,91.53798259552119
36058,177.76844823013693
36059,313.5915441935164
36060,47.6068426844543
36061,432.1743385131625
36062,63.44950605299358
36063,499.70996237564714
36064,500.0
36065,491.80633205997407
36066,397.8278177762957
36067,500.0
36068,114.43689780751902
36069,54.98344438094189
36070,481.3506232899524
36071,455.35472303001836
36072,58.177300598961615
36073,392.8467544097366
36074,164.78428188736842
36075,103.04115455538792
36076,119.85098351119913
36077,190.96121473622122
36078,454.4349351225517
36079,500.0
36080,165.9427822329076
36081,87.87385510140432
36082,97.84012142035645
36083,124.02384871373576
36084,131.12759803113408
36085,378.2048358467666
36086,156.53309782155821
36087,387.37618165445735
36088,335.4807739991812
36089,347.8439083772323
36090,316.9736931608744
36091,56.479210286653405
36092,186.98849978777224
36093,143.06527537909062
36094,74.81838249878258
36095,70.38095665933352
36096,497.8856892704463
36097,497.6022965401435
36098,114.43811748601414
36099,340.97580100418816
36100,498.70280162027495
36101,371.760767549598
36102,322.23416114416
36103,140.16735376338497
36104,500.0
36105,500.0
36106,469.3595918546972
36107,285.3632398123691
36108,66.0407363696504
36109,499.39195721178294
36110,274.4740363710724
36111,250.53616501379827
36112,52.99085295147414
36113,129.13645029763995
36114,185.7153960173014
36115,286.69443076514904
36116,182.07964338092418
36117,500.0
36118,206.4935177071398
36119,432.34499342632455
36120,497.380000023152
36121,203.5922750917639
36122,345.7894389737269
36123,497.1003611808941
36124,175.17530671553598
36125,276.8089393609753
36126,108.41385980731391
36127,130.13534245755793
36128,426.1413290418484
36129,256.9150144723641
36130,492.2975400095391
36131,500.0
36132,104.9206557646626
36133,133.25842039816757
36134,114.92015868749465
36135,53.875181745126554
36136,411.797194690172
36137,75.55709992005445
36138,433.3720431174222
36139,188.53758928589411
36140,343.5518027145423
36141,284.73415794179994
36142,177.41561864625146
36143,426.4302901925287
36144,207.51356289005486
36145,55.603163623024145
36146,193.84038082630983
36147,476.62334101420936
36148,491.94637979883885
36149,478.16258282454396
36150,472.5434253916328
36151,493.7701238518639
36152,71.03560740315389
36153,488.80964537308796
36154,189.1889676974071
36155,500.0
36156,115.2533143699404
36157,358.6210938603584
36158,496.91685795462695
36159,500.0
36160,106.06513457702854
36161,51.21493818256811
36162,289.20628958846373
36163,136.35096296192668
36164,500.0
36165,61.30446783496782
36166,499.7961959849188
36167,104.35544488118407
36168,108.27431895274292
36169,500.0
36170,154.5314759771589
36171,116.45533460588817
36172,119.909933158017
36173,87.27270309635496
36174,276.45139567489105
36175,100.49760450867944
36176,500.0
36177,56.60317439205215
36178,72.67986277493449
36179,222.31448002395956
36180,87.57012928102475
36181,117.05169098980875
36182,155.0194740619299
36183,445.4644614034073
36184,150.728803858501
36185,54.83288653124295
36186,500.0
36187,119.67240624408703
36188,177.58630419612962
36189,496.57229060197176
36190,495.81782510554433
36191,461.5437332280939
36192,274.22434244075583
36193,151.218019276648
36194,498.1214806973512
36195,498.13892480537186
36196,188.75282637000075
36197,500.0
36198,441.9619055833426
36199,142.522145322091
36200,115.4024063527673
36201,329.8518520030092
36202,304.20866562094886
36203,61.27054688803673
36204,498.9598913493012
36205,116.26427686361819
36206,75.70310760551257
36207,113.62426024629798
36208,84.13888229332252
36209,338.40656879452627
36210,53.38231655415518
36211,66.20214999743108
36212,97.63305860619221
36213,96.91952832802338
36214,328.44848806227117
36215,113.32743654812415
36216,59.24321963575746
36217,145.83625862888792
36218,56.00767557209802
36219,345.4772621120304
36220,102.45112043209699
36221,128.4559295306774
36222,463.0829895167633
36223,438.31807422923094
36224,351.07898259155724
36225,440.7479505461765
36226,116.60969455599184
36227,61.505459787249265
36228,212.16804051002924
36229,59.31670154603199
36230,104.02470095469798
36231,63.2746652460995
36232,499.70941481846
36233,110.24916272765151
36234,72.01076392720914
36235,500.0
36236,56.78383181153383
36237,500.0
36238,500.0
36239,500.0
36240,54.67147355761027
36241,113.87984682539488
36242,331.9627005005585
36243,360.8878010211358
36244,287.0776296110546
36245,74.81949860626969
36246,353.69959045466135
36247,70.20263887657492
36248,113.75011694008788
36249,497.8116838319576
36250,461.455072780624
36251,499.93898409075325
36252,73.82905771497141
36253,319.46162576705603
36254,54.642915053119374
36255,336.72764039362914
36256,55.18499089742427
36257,416.62983857236077
36258,296.9747007113945
36259,60.81700849677155
36260,355.85155982168703
36261,432.91700644560615
36262,292.60636200287433
36263,72.00176395186097
36264,266.5511991023858
36265,72.19351460582095
36266,112.47476072411956
36267,343.60057864357395
36268,194.6913873313319
36269,343.77249551240595
36270,58.2960360945385
36271,68.80007462758381
36272,344.53442467468426
36273,500.0
36274,100.88212470318983
36275,54.98168743768696
36276,500.0
36277,286.8650096537467
36278,156.070006750625
36279,422.83675818161146
36280,52.649941290506575
36281,134.45826071813136
36282,498.69670486078553
36283,405.8034274806876
36284,489.69626055843105
36285,121.20962838699964
36286,107.16245261822802
36287,210.78655009702516
36288,496.0396249439858
36289,497.85212690203207
36290,159.78271639800988
36291,500.0
36292,500.0
36293,137.60092405372097
36294,107.7901545406652
36295,499.7883958809707
36296,192.01893387876012
36297,499.60859427683005
36298,127.56342891402213
36299,116.30238368248519
36300,390.4582876347049
36301,431.5892448310374
36302,113.75043959529143
36303,99.98728939324118
36304,468.1259999445947
36305,63.19659142207111
36306,61.4125914464702
36307,179.5993306234519
36308,183.56916967100054
36309,143.62237468169985
36310,58.454340187515086
36311,500.0
36312,278.68539897950933
36313,498.9181575441795
36314,60.65761305039673
36315,386.32522631788436
36316,499.22570376646064
36317,335.2041553861533
36318,57.83178040633066
36319,500.0
36320,261.0281938197931
36321,398.34573204397407
36322,489.05119386149147
36323,448.6010662811634
36324,59.163708037083666
36325,95.38651186237527
36326,500.0
36327,472.6688407851984
36328,62.39941602492203
36329,251.00262890924364
36330,344.0050146741355
36331,490.6851065609832
36332,66.111877211755
36333,120.54306836539507
36334,115.43448225033751
36335,133.1210779319402
36336,107.74500357348055
36337,497.9834973762049
36338,333.33050087254594
36339,488.14864515670763
36340,101.47868999553953
36341,355.8796509281261
36342,500.0
36343,408.1608353589096
36344,500.0
36345,190.18353655421146
36346,108.44131958198848
36347,499.48915402359063
36348,500.0
36349,500.0
36350,348.0173039607843
36351,494.3852956920215
36352,500.0
36353,102.82179525169045
36354,389.1151612920862
36355,207.91795793028191
36356,499.75846161545394
36357,259.2071152396103
36358,72.48488249055468
36359,117.22155458468524
36360,342.18608848054413
36361,102.47719868386359
36362,95.36122133208076
36363,156.74351457516656
36364,339.64224203272295
36365,267.28399371554553
36366,69.28741999635209
36367,260.3254444462831
36368,357.4011515183173
36369,204.21135165090817
36370,121.89176305494489
36371,500.0
36372,500.0
36373,141.403600790115
36374,243.8322773807866
36375,425.780821518008
36376,313.2198120435778
36377,61.75028966063118
36378,433.673287066832
36379,108.75743371551476
36380,327.7467598506505
36381,65.97336784836928
36382,383.16576977036857
36383,73.93435540663431
36384,194.7637915655442
36385,496.1489215161505
36386,153.48503862477247
36387,500.0
36388,493.9261295591048
36389,60.110783924612015
36390,500.0
36391,498.94772795044537
36392,126.38361543358118
36393,217.1539714778574
36394,490.61970785813946
36395,171.75793407858802
36396,500.0
36397,105.40594424710342
36398,335.8289436287586
36399,458.9967889542275
36400,55.732869591542595
36401,407.122033320417
36402,162.0755041369345
36403,500.0
36404,57.67239457823652
36405,70.6962604266732
36406,500.0
36407,105.30088495303826
36408,130.69002639369114
36409,106.49150912163645
36410,482.68230544763594
36411,60.99547997314623
36412,69.51777250540202
36413,500.0
36414,391.9008981763559
36415,213.6370413398759
36416,180.95715562992973
36417,420.16334410404636
36418,449.8901710041815
36419,156.6064612098663
36420,447.8531228502806
36421,499.39759109448823
36422,500.0
36423,68.77112768685708
36424,407.0531377229945
36425,467.43757992132805
36426,126.23318100262247
36427,343.99769632499607
36428,70.83576500355989
36429,97.3536003031881
36430,500.0
36431,450.9488237731689
36432,51.71971408353651
36433,248.2979731820501
36434,223.1562669594618
36435,103.1765858969616
36436,499.99892029361035
36437,500.0
36438,71.2315077793869
36439,55.58906832790294
36440,59.751233779363545
36441,405.49586073149914
36442,448.0868877811482
36443,328.37332838296015
36444,58.46682718860758
36445,435.5989309448329
36446,214.68529609572997
36447,448.68331214335257
36448,135.48186801577404
36449,101.61589795330238
36450,134.57760691985214
36451,500.0
36452,166.46781770761035
36453,128.94088925999398
36454,58.586093312447105
36455,299.32343257388055
36456,106.07749883814614
36457,500.0
36458,424.8176058975473
36459,67.44336852461429
36460,462.35327119389217
36461,63.41994916188411
36462,124.81744695523244
36463,263.7709255407585
36464,479.29460441261256
36465,155.21642120262652
36466,199.8804236602482
36467,96.62042205171328
36468,484.48894108858667
36469,52.31871379835669
36470,118.79114107426591
36471,339.878359135797
36472,93.14365406988671
36473,319.3873027522112
36474,498.82273518336115
36475,309.20789677839775
36476,113.87008691250905
36477,131.95854482032803
36478,471.31673612586303
36479,101.57554977105298
36480,218.5548907448482
36481,497.21470378061406
36482,63.53862595061074
36483,279.70176039420033
36484,142.9766159779947
36485,68.72702423742652
36486,274.5003013260821
36487,500.0
36488,439.91872878958293
36489,499.4918534922546
36490,206.62216668778655
36491,47.81861537612286
36492,497.31810958496
36493,172.39739814797755
36494,411.196246314111
36495,500.0
36496,291.53759437470194
36497,428.2003293384246
36498,455.42706576884416
36499,500.0
36500,500.0
36501,341.4016866291664
36502,442.39005721277204
36503,464.0534612534774
36504,75.49734868758497
36505,99.99350937349647
36506,88.81529111102901
36507,52.970765047079325
36508,199.24696345207497
36509,455.5436229339846
36510,352.58836256665273
36511,348.9508913445761
36512,498.87244575215925
36513,498.6353399520009
36514,51.26718802590371
36515,70.66213672429978
36516,155.34214046115173
36517,134.85962020262016
36518,499.35395018337726
36519,500.0
36520,84.06898919894854
36521,158.48825091511338
36522,349.41557764491245
36523,143.17788233408123
36524,433.6600990807061
36525,72.04529521140168
36526,196.37603439224785
36527,56.806369444137246
36528,492.2085682670214
36529,115.8166314961747
36530,98.96490753919058
36531,194.2625248816781
36532,500.0
36533,333.76421700639435
36534,59.45250401329493
36535,456.17882551568846
36536,421.35126112959495
36537,200.4527907962001
36538,500.0
36539,426.20512442828385
36540,61.23807838290858
36541,499.3475551630084
36542,116.85294372508122
36543,442.92869029369535
36544,262.2285775116803
36545,490.20495022696673
36546,62.037857080425944
36547,373.89854471391675
36548,499.4229163033488
36549,174.73682215345852
36550,307.5152030158967
36551,316.92660466861514
36552,83.46628070815729
36553,300.88115736113093
36554,106.90522257105235
36555,315.25791201586094
36556,200.92810071709903
36557,111.48193797635787
36558,54.59972737685389
36559,500.0
36560,63.074781122336475
36561,500.0
36562,466.70608440923627
36563,72.86224538525249
36564,341.9733251069808
36565,59.88958412442197
36566,291.41288114912027
36567,386.38565204192605
36568,72.75051697949607
36569,178.40228729999694
36570,115.07742003511959
36571,314.34122578530236
36572,53.698951268447615
36573,117.4653492995781
36574,440.0855763472888
36575,382.9276720467526
36576,207.5794345432118
36577,56.62457150559656
36578,332.4565768180792
36579,460.16781231225923
36580,281.4095705365203
36581,459.16755689021454
36582,61.012969932269
36583,499.527039993623
36584,500.0
36585,167.52518933930827
36586,500.0
36587,335.64464840356305
36588,397.96417809353204
36589,160.95922208793536
36590,357.1312479160602
36591,464.11144014382927
36592,450.21065836429415
36593,128.2426532583801
36594,128.42080689218398
36595,57.76000562358806
36596,59.7647960994647
36597,500.0
36598,391.2077997440182
36599,499.53156844334444
36600,73.52238512077206
36601,65.827861143928
36602,497.89069884292087
36603,498.4486994636541
36604,500.0
36605,499.17819085114456
36606,69.96051416199353
36607,131.01377727879446
36608,97.4098604494126
36609,117.29816560556662
36610,449.43066467321717
36611,167.50926110201036
36612,108.28868560630168
36613,499.6715444989859
36614,475.79164830152314
36615,173.47405770774935
36616,361.3515693448141
36617,307.4243129530386
36618,60.914512978009824
36619,500.0
36620,143.9570549199267
36621,500.0
36622,455.902836090258
36623,143.29189465383018
36624,358.05911601206355
36625,499.9077812669259
36626,487.520865042624
36627,334.7513481702265
36628,132.18519613973726
36629,371.5244069227219
36630,131.10472716475374
36631,58.30058885362652
36632,461.7159353064899
36633,60.78030836843659
36634,354.7695692151528
36635,97.30853131621652
36636,63.000831334231634
36637,56.17509893352884
36638,441.1590057739956
36639,349.3591567312503
36640,209.3576344987929
36641,181.04756408648606
36642,164.214040142312
36643,178.71427455080573
36644,207.16057670528104
36645,61.55810113876008
36646,58.740298346126266
36647,448.6299472945352
36648,500.0
36649,499.5092832693531
36650,201.10734443748407
36651,203.0941526908648
36652,121.85738862303917
36653,55.426785076586555
36654,89.50253368494587
36655,452.28408961057187
36656,116.09139540030083
36657,174.00471154828324
36658,291.6074731041872
36659,467.341951081596
36660,115.46354765085684
36661,54.43996842490626
36662,105.47008560343932
36663,56.96326969745181
36664,57.306358483758245
36665,166.22125695767642
36666,309.65835932437733
36667,172.36408921424146
36668,69.81320999856187
36669,92.77438370783726
36670,478.35282870824847
36671,336.81429163341005
36672,121.02244373735329
36673,232.43522926396366
36674,99.41093908748041
36675,161.21649505982842
36676,188.17650995126095
36677,160.71628760242
36678,71.92185189103228
36679,500.0
36680,344.41008153247907
36681,459.5216374951575
36682,119.66695494235127
36683,303.89505027549933
36684,54.051734389365656
36685,274.94420946081533
36686,499.1859385584107
36687,180.10708130387658
36688,336.315175955256
36689,50.75526507488358
36690,477.92197104320906
36691,58.76032038038012
36692,296.0974273412877
36693,114.11400829293358
36694,103.96557497160407
36695,189.54975707796788
36696,75.12217476861017
36697,284.157785682018
36698,496.93095806731884
36699,405.792115526237
36700,500.0
36701,71.93587760348609
36702,496.5314795450447
36703,182.6324527470997
36704,56.363622554665355
36705,331.9339623690355
36706,45.65884756343811
36707,500.0
36708,283.3185792093449
36709,77.75790207167705
36710,459.5925296488027
36711,64.63310503903168
36712,58.19926010390621
36713,205.81741019128535
36714,115.04873733371885
36715,280.910317603893
36716,499.5773523010601
36717,121.07856034013902
36718,425.35821278538793
36719,238.9079114944413
36720,112.15105887288547
36721,496.6889667411714
36722,500.0
36723,391.7595112772729
36724,392.53515038118275
36725,308.67429669680917
36726,117.47831871117351
36727,67.06345189976545
36728,494.76886879630484
36729,111.0129726556787
36730,438.4692642260532
36731,468.6899095480738
36732,106.15739820805211
36733,64.1835141458131
36734,100.9497193844779
36735,204.47631064512075
36736,137.9749496514032
36737,55.93415540999641
36738,216.10987116108745
36739,104.00119306845419
36740,60.55378548644272
36741,72.24439404717968
36742,451.8059889828844
36743,445.98127242645523
36744,357.31023381771445
36745,200.84976094058214
36746,175.71812607770454
36747,49.71205771685814
36748,494.98628120097936
36749,476.5006223563415
36750,499.7885433500989
36751,185.4386353049073
36752,50.75744838714695
36753,102.93076053527268
36754,182.02548211348346
36755,123.86192387295779
36756,185.38586272982496
36757,500.0
36758,320.98465523327445
36759,102.97395042856003
36760,500.0
36761,498.1816208667335
36762,271.0049970626187
36763,180.96549521839688
36764,111.09401495312478
36765,473.64821391357145
36766,421.2847365147085
36767,477.40636997295576
36768,348.14419780373487
36769,137.8770009534774
36770,127.05767160166062
36771,151.00630935429166
36772,118.24835006460602
36773,437.9783406354786
36774,494.8805021568167
36775,69.90169156221324
36776,214.4286042842644
36777,93.49242675099961
36778,199.5795709109414
36779,497.74725075370714
36780,100.93368850623963
36781,498.81402198780575
36782,109.73590482052174
36783,431.29014181351954
36784,151.96092609630475
36785,401.7283566013557
36786,500.0
36787,310.82880617657304
36788,340.8223128827908
36789,174.594971519436
36790,430.2758038248967
36791,289.19877400112534
36792,349.50486267748374
36793,436.38128959865503
36794,498.20351719160294
36795,130.1416699309501
36796,114.1543018834229
36797,308.8530780119262
36798,56.965653799123686
36799,114.90216300002483
36800,167.89821677058106
36801,442.2291329548225
36802,296.247830543351
36803,497.3731912128666
36804,164.6452213665537
36805,236.5395101633564
36806,412.01398360561234
36807,179.30143115793538
36808,498.55320747947854
36809,265.91584165283433
36810,441.4943735696158
36811,103.54085617737398
36812,165.06205714904323
36813,72.43077513287292
36814,499.7739910288911
36815,104.85378609848738
36816,70.19879819462564
36817,332.91823594159007
36818,96.02516578478327
36819,135.72629162620456
36820,230.4675225142651
36821,173.66345869617706
36822,494.69053989907206
36823,499.580340487513
36824,411.78160058150763
36825,192.2760109751809
36826,273.78839753224884
36827,170.64046127421364
36828,57.18764042991861
36829,215.2741584391125
36830,431.62497691281357
36831,74.09521461475528
36832,500.0
36833,56.241778643992134
36834,69.97592196425475
36835,361.41244025044995
36836,499.4693107841063
36837,146.52840155062177
36838,498.5646632708159
36839,308.8504078876831
36840,60.16967256791071
36841,284.2476804894469
36842,499.94836517440103
36843,205.54360073950568
36844,64.50380156735615
36845,495.8676758453472
36846,337.88069900016853
36847,205.5158153149481
36848,386.3192648221184
36849,61.25383524803954
36850,376.575330493901
36851,473.7678945083328
36852,53.32511418868941
36853,306.3085216783529
36854,91.84492999537147
36855,50.81388515129582
36856,134.4218968055293
36857,51.57485693916301
36858,96.36102606434794
36859,439.4800603386632
36860,109.46564137825737
36861,500.0
36862,55.86638868303527
36863,81.03137012472536
36864,465.2706794645569
36865,472.873923900681
36866,422.4572781293375
36867,500.0
36868,478.01169588940843
36869,57.60453288311308
36870,294.7053084893648
36871,119.40485828450832
36872,338.05484261950295
36873,173.47463102231353
36874,456.5062486156123
36875,466.4602570035862
36876,48.61542772457462
36877,490.8197856653028
36878,261.5300160773139
36879,500.0
36880,432.50775422000953
36881,426.1056230964675
36882,453.0878729675567
36883,70.4107885981596
36884,480.8592144532686
36885,313.13296990168817
36886,133.10892653759294
36887,369.1952107800324
36888,90.49766825832621
36889,56.31881598384906
36890,119.94910394131409
36891,109.74197113100143
36892,499.8949237169239
36893,451.3905251056445
36894,328.8178546404978
36895,55.67037479288174
36896,452.2543596904245
36897,168.68169703610144
36898,476.64797182055736
36899,416.43403997709277
36900,500.0
36901,500.0
36902,366.96862418095134
36903,61.776079342762486
36904,445.54058696887967
36905,114.43362620012724
36906,354.5698956182453
36907,147.1827862366442
36908,482.8199705782328
36909,498.5252304914641
36910,181.9637478503606
36911,361.4218349829214
36912,120.4024250335512
36913,62.941899798681874
36914,50.0686982115902
36915,155.26877725679392
36916,112.15700103678819
36917,56.29297930112004
36918,350.86167879794317
36919,110.96303822495433
36920,189.83326619365687
36921,64.67177367501665
36922,446.2321896270604
36923,500.0
36924,57.31801354573
36925,500.0
36926,117.856420607882
36927,186.0860388674751
36928,448.630735461571
36929,323.23746746893147
36930,495.8652186200269
36931,382.49140440410815
36932,129.5567310255951
36933,212.64658513091874
36934,412.95780979001495
36935,497.9197888775981
36936,337.520973024117
36937,57.29012336274576
36938,131.56733481910408
36939,108.55928288843805
36940,63.00312807862431
36941,500.0
36942,291.19731485796683
36943,488.72962513614226
36944,75.20982078498247
36945,452.7909132466799
36946,404.50708722707344
36947,60.883956188361914
36948,159.6834064129535
36949,59.10354480812879
36950,171.45355871984847
36951,462.47247841526314
36952,101.79009512722013
36953,53.15591796847181
36954,477.62351174716684
36955,498.62045587797184
36956,113.75087598716917
36957,173.69578310351255
36958,497.84834478520554
36959,55.4755600503176
36960,95.44379871576778
36961,467.27569712757514
36962,495.69804699175506
36963,479.28036893183366
36964,500.0
36965,200.76481353044994
36966,465.3205118792331
36967,455.5595807909374
36968,56.982017642802006
36969,76.89177363180892
36970,194.74443786195428
36971,500.0
36972,308.6384257816861
36973,500.0
36974,119.41845661382882
36975,175.84285861152787
36976,500.0
36977,113.17474447136817
36978,495.3842634368869
36979,71.15368180443976
36980,362.8786916924598
36981,121.88127807819745
36982,265.0085798501471
36983,411.412376662856
36984,495.92153639574565
36985,367.2798578399617
36986,332.5734599034347
36987,499.09559557387104
36988,500.0
36989,60.26087969122561
36990,105.4522394882421
36991,499.95253074459447
36992,430.3228875053069
36993,77.22787796497872
36994,500.0
36995,291.85206129405
36996,109.0599319283993
36997,59.82365402173693
36998,99.45292389827361
36999,60.66163467078517
37000,333.4975355216843
37001,432.2928215368119
37002,373.8624941412163
37003,98.52367950312427
37004,220.85365140788366
37005,110.52537450083747
37006,499.5215510983778
37007,278.22698399709066
37008,191.78913757558917
37009,72.28596465736021
37010,176.38789308015694
37011,348.70951544117014
37012,500.0
37013,51.07301785232292
37014,153.06317406830357
37015,61.21795485944468
37016,489.63716077484094
37017,484.6276657711753
37018,471.6724660388856
37019,451.13947451462195
37020,421.76650509019214
37021,473.69644559882875
37022,500.0
37023,95.61962373246058
37024,156.39318797171666
37025,60.02527447851524
37026,60.10968572088141
37027,57.834315049846765
37028,254.48994517587465
37029,328.716188839901
37030,148.24713359460225
37031,358.0161112602982
37032,55.725479512765716
37033,102.94816300357719
37034,430.40023221700324
37035,284.9126153042638
37036,265.6557036487633
37037,498.8918420095854
37038,73.87466145332401
37039,138.87844515534442
37040,498.3147102613244
37041,143.29177343460665
37042,472.9556472359665
37043,95.15052717845089
37044,275.66867412380503
37045,170.74880558304835
37046,171.16042492468614
37047,499.7694308464339
37048,167.78866705305936
37049,369.607886635121
37050,195.57071759474604
37051,500.0
37052,74.41500438408455
37053,308.2895491384467
37054,422.25453445304163
37055,321.8093341421292
37056,498.3214791150304
37057,275.42187135153785
37058,57.62982413232967
37059,56.68179350044432
37060,194.89916608427114
37061,474.2551855936837
37062,498.1188279561191
37063,472.415349782245
37064,113.39030347789662
37065,272.5993846445574
37066,492.3433560846936
37067,494.5511440314307
37068,195.11701674288202
37069,98.41833895627104
37070,58.694393896836345
37071,93.77409724170961
37072,499.18973433282804
37073,477.04178755452836
37074,478.90268047276504
37075,75.40340683803582
37076,500.0
37077,468.228534932039
37078,109.89316222428015
37079,70.58054329034898
37080,57.73528145497606
37081,92.04969038301483
37082,166.57791217978473
37083,142.38867461675983
37084,106.85316794112788
37085,354.61931762407664
37086,500.0
37087,475.9123316547917
37088,94.15389250805529
37089,499.83041884743744
37090,500.0
37091,344.1988487180305
37092,497.1413282222955
37093,67.8334488488357
37094,117.05759691464267
37095,136.21594991265945
37096,400.40262537398894
37097,474.34867038676197
37098,103.3733587293829
37099,68.40261853829038
37100,341.89672592607815
37101,134.4188044194826
37102,196.67010220133835
37103,184.12545047838887
37104,89.69955341425117
37105,189.74672848492244
37106,269.26395179433314
37107,120.56170692787822
37108,181.95275559072712
37109,339.403605170852
37110,493.22634342837705
37111,498.2260782886466
37112,205.4383469690792
37113,122.04720481166099
37114,446.53313128490555
37115,97.17519442788867
37116,493.94744683589914
37117,441.47767906479316
37118,499.9730234146573
37119,499.6137488221666
37120,496.20325051520933
37121,76.14956837920303
37122,460.27352914556855
37123,179.14025449592495
37124,498.6835582865123
37125,500.0
37126,103.94283128325048
37127,339.3559290455413
37128,456.9970035204517
37129,262.2699321869747
37130,437.94337792067915
37131,336.76725949441953
37132,248.40317307698422
37133,136.91174185840975
37134,500.0
37135,44.513625621393714
37136,153.37583728429087
37137,113.44056511311979
37138,56.62990374038759
37139,129.12082330171506
37140,326.0342786815371
37141,198.51836462847876
37142,475.40255457151744
37143,121.20508079157928
37144,108.23194544811184
37145,352.5449088904944
37146,137.7152966092854
37147,60.38308974402929
37148,452.5045408702015
37149,137.23034157002877
37150,69.86781284824396
37151,197.5612619401008
37152,72.78034277876071
37153,465.7428082862501
37154,500.0
37155,272.31873252925
37156,358.10911449083824
37157,108.59051571674364
37158,354.5348488601819
37159,500.0
37160,156.01620540902664
37161,469.6221029863658
37162,412.4452891103132
37163,192.70603001626802
37164,499.13351556383617
37165,477.1345521137546
37166,499.03148921561
37167,132.47926280054767
37168,182.12757884493158
37169,500.0
37170,92.38099340813436
37171,181.2734093409723
37172,119.68618667557075
37173,473.37268202517475
37174,101.0369626766547
37175,406.2064027695121
37176,98.7290345869647
37177,193.46458340485216
37178,80.96051189517962
37179,284.4466233861396
37180,73.26147861649974
37181,500.0
37182,336.4121805908643
37183,61.112065668504506
37184,188.77725506350015
37185,371.87443034257353
37186,365.02847779588205
37187,183.23735892438333
37188,387.98400459954837
37189,485.0262006745553
37190,103.27833931811365
37191,179.17612173597558
37192,481.9129725459567
37193,273.99041584960196
37194,207.65791928377382
37195,107.88487781744882
37196,500.0
37197,104.24923822294143
37198,55.039598376986504
37199,77.8668574670898
37200,340.08684510335695
37201,113.28344583146378
37202,411.73968416914624
37203,169.962647938138
37204,138.12409569305902
37205,485.9670825550996
37206,333.8331046996137
37207,291.10582479885306
37208,499.8235683977796
37209,356.87034689078126
37210,485.50331551685804
37211,144.17805418799867
37212,472.16368725973456
37213,490.10577651749134
37214,204.39198379351473
37215,492.5565580189322
37216,60.157274642018294
37217,160.45606274630475
37218,71.11061310603552
37219,487.7142266937328
37220,446.45893153269975
37221,130.06311041312128
37222,56.97303179166138
37223,498.4916659801984
37224,125.3420220053458
37225,110.12696823414731
37226,500.0
37227,450.01290841529834
37228,411.85233886200297
37229,347.20964873602435
37230,141.0529403590441
37231,424.9350518284363
37232,50.45626175548821
37233,500.0
37234,498.03458287795695
37235,115.01485834861978
37236,54.71460115339154
37237,56.13843837927314
37238,59.992383279482084
37239,500.0
37240,253.28179083120534
37241,500.0
37242,481.5061826219518
37243,163.421565252393
37244,227.24229884072633
37245,350.4538947250225
37246,498.44793458652293
37247,185.51094668223487
37248,101.6667031728633
37249,55.18417114094166
37250,464.23941763767925
37251,179.61171350426702
37252,55.96663211819288
37253,152.71974644417816
37254,445.72672540412714
37255,109.70299692178273
37256,455.5570145765122
37257,486.6662187064601
37258,135.20037210464324
37259,59.87251813864786
37260,55.36432749090839
37261,303.750619299561
37262,56.307894145045154
37263,371.00381225643923
37264,119.93840423429262
37265,308.6393286755966
37266,200.56934210811352
37267,282.3175046101999
37268,91.6776496773031
37269,423.81939218148784
37270,125.15327274968917
37271,115.482315579568
37272,62.66892251232443
37273,240.43380570283637
37274,322.8063810617495
37275,453.777722984144
37276,193.6582169754709
37277,394.69199081120166
37278,72.23505691666989
37279,486.0542630777828
37280,494.4036641485942
37281,50.474396621979395
37282,328.7702296635039
37283,112.21227869671341
37284,272.61432288660967
37285,200.4990922624752
37286,50.14935167953185
37287,122.79549665288043
37288,500.0
37289,357.20844658287785
37290,206.1732720185464
37291,103.44606547721618
37292,500.0
37293,357.2259915075225
37294,50.83726781295495
37295,278.5412904151371
37296,206.50319051947693
37297,497.85214413618655
37298,278.27421242122745
37299,54.95325210818064
37300,499.63912575999456
37301,188.65683955495416
37302,490.23155145423056
37303,157.88314931770554
37304,55.17080288559083
37305,497.439489749867
37306,56.69566720963297
37307,490.36375348563513
37308,466.9511368190516
37309,120.45838012815011
37310,475.9588459662679
37311,259.3433631606555
37312,419.956528015872
37313,498.1880659702498
37314,120.33696943542645
37315,59.89276613251816
37316,494.6087203145937
37317,420.31471710567837
37318,486.30947510601084
37319,80.46755877902548
37320,469.6032920904474
37321,239.6652669944697
37322,189.9771736897121
37323,256.7810082258337
37324,495.844906798672
37325,75.52928869136355
37326,486.93643315023957
37327,102.69945499794726
37328,497.591663309712
37329,500.0
37330,47.56457062553385
37331,364.65640752495307
37332,93.43610825917148
37333,136.86435986821004
37334,309.4132428900519
37335,153.64436863264783
37336,444.98284799151816
37337,440.14644761864906
37338,497.8025244363014
37339,76.9093588854987
37340,291.98462457186986
37341,100.97928770655751
37342,251.21893795964797
37343,500.0
37344,331.25066793430835
37345,168.44443951772445
37346,98.78469309659744
37347,184.45247460564588
37348,440.8969096625067
37349,487.16498629404936
37350,207.08185156497478
37351,398.7422148981502
37352,151.29311292484695
37353,499.59051521721176
37354,112.48353345090666
37355,439.7319757093053
37356,496.7934835168234
37357,61.986614542454944
37358,107.61539697836548
37359,44.47770701548441
37360,59.89538695304428
37361,499.51188603483104
37362,171.11846206714745
37363,268.7672775919233
37364,369.44258598361404
37365,463.1854831697782
37366,177.22266048522116
37367,500.0
37368,465.57816507713005
37369,92.83643537719018
37370,497.7580144320877
37371,182.18882916714256
37372,101.0671250071675
37373,59.729352744284554
37374,269.4955654342282
37375,122.25127963771732
37376,67.96917963539659
37377,49.801319165446586
37378,328.5296175089178
37379,499.5588319105152
37380,482.96485601736845
37381,102.2492719095101
37382,474.40091678735274
37383,58.837398837873934
37384,58.075264342005966
37385,486.80345224896456
37386,214.80692249049974
37387,131.83104938955864
37388,495.72489333057877
37389,494.59157784122567
37390,338.6225641011177
37391,400.06911542190943
37392,58.79580603464549
37393,499.9546638983896
37394,500.0
37395,188.8127648206662
37396,97.11351384443003
37397,133.83205208973033
37398,493.43280446154444
37399,500.0
37400,416.9946856417354
37401,195.14650211080368
37402,468.8563176816822
37403,435.0912634424815
37404,161.30609733937268
37405,500.0
37406,500.0
37407,142.67999791030655
37408,500.0
37409,75.54727796940152
37410,107.02484279747647
37411,108.57992572864062
37412,496.81306736557985
37413,500.0
37414,498.26370748473573
37415,135.46489218324493
37416,338.4559726963435
37417,87.56447451698227
37418,488.41716855479956
37419,443.7046606325343
37420,169.4579741760695
37421,156.30822212599062
37422,446.94947942980605
37423,56.36702987289681
37424,54.29210339565987
37425,203.15271246111644
37426,119.08794661496682
37427,495.3709499068094
37428,499.81181984576824
37429,497.5918311824446
37430,58.32293125287546
37431,58.73114923622182
37432,75.10975738562539
37433,454.32959796796274
37434,500.0
37435,261.56759265993674
37436,439.826705669352
37437,362.56529551227544
37438,54.70259420947316
37439,423.3949188566545
37440,248.06567245369914
37441,190.24508884511002
37442,499.45669706286924
37443,418.0266793188341
37444,500.0
37445,389.6871074247289
37446,315.61447255492413
37447,364.36515690056416
37448,234.89515668630847
37449,135.59693009459642
37450,61.28277977033518
37451,268.2651121985358
37452,61.596055024824196
37453,224.19332416034376
37454,500.0
37455,52.90948234459455
37456,108.23792391881467
37457,498.0043411039833
37458,411.3024019254584
37459,500.0
37460,333.6129910994201
37461,499.326076942476
37462,53.715735296144715
37463,499.99499150299135
37464,71.98288557483909
37465,202.34547205445193
37466,65.34420121959195
37467,49.92360210052488
37468,108.2472999077585
37469,490.9139352906458
37470,147.7609984571509
37471,356.1050930750253
37472,106.84108295557564
37473,203.1708580130887
37474,193.27959349137345
37475,468.08023397670945
37476,389.3865653626182
37477,401.74113318514924
37478,342.9088815538193
37479,105.54106649745792
37480,56.45064736835748
37481,102.63389475081931
37482,249.18297696363857
37483,457.1255591099318
37484,188.65972972526887
37485,48.4694229934361
37486,411.2022931917654
37487,127.4439848107327
37488,70.2532694246298
37489,481.58071025802974
37490,142.20023929132725
37491,47.94294160232402
37492,49.12844896227132
37493,465.37337356324184
37494,342.7186104874011
37495,200.24196011256083
37496,499.83583422785364
37497,500.0
37498,55.92265399585231
37499,391.86970079638877
37500,60.66756809253843
37501,159.26315913149014
37502,379.57567343006826
37503,490.85431010812795
37504,328.60026577449327
37505,308.2470826770301
37506,183.83785854653223
37507,129.4334696667541
37508,58.648746463479974
37509,105.45579605636065
37510,64.28004624594612
37511,295.92987699060507
37512,67.58566520935425
37513,135.92613760689574
37514,336.36548671971826
37515,53.62660972431388
37516,120.94350517496589
37517,204.38021416163923
37518,500.0
37519,110.25514876624607
37520,154.67803018181664
37521,115.41681238076771
37522,115.64105888860908
37523,61.92761993644345
37524,497.42918995631675
37525,105.1186003297289
37526,73.18551569857173
37527,62.288827876517054
37528,500.0
37529,59.09297181334426
37530,59.91193528234899
37531,99.40943975647434
37532,69.16390737702842
37533,153.6471661992113
37534,201.47478631445654
37535,170.27809441933942
37536,58.223881301254806
37537,474.9989699581325
37538,500.0
37539,299.8738324050487
37540,94.46647755662012
37541,325.1773659207322
37542,124.23165566735275
37543,161.111278211583
37544,429.26589789003447
37545,300.60766230034585
37546,500.0
37547,418.2732935600321
37548,500.0
37549,497.5854296960906
37550,498.97324911357833
37551,148.82735194855775
37552,140.6925146611298
37553,57.57697300056406
37554,499.2735457570636
37555,148.62094618813526
37556,61.25660463308576
37557,110.31812699155418
37558,159.39823387122001
37559,461.33504262688507
37560,173.46177158217893
37561,496.22239292841084
37562,418.0957548121644
37563,500.0
37564,62.12136645877031
37565,468.07075714526934
37566,239.65702499771965
37567,500.0
37568,459.4061660932549
37569,64.13132471045233
37570,56.363411819810764
37571,500.0
37572,489.6724832210261
37573,123.29660805922734
37574,500.0
37575,500.0
37576,100.85201973145831
37577,73.62279541037867
37578,255.27509582270812
37579,215.11056571546487
37580,444.5506111456617
37581,133.904739415455
37582,348.3832213398004
37583,307.64061594121813
37584,130.36534567563137
37585,484.8260776571426
37586,500.0
37587,342.63441015249623
37588,483.2796097725124
37589,119.6971210528748
37590,114.12847266306905
37591,201.10277922070452
37592,186.701917848151
37593,460.1169040513406
37594,444.37766650091885
37595,276.12025382884883
37596,170.56508226895426
37597,469.28947197966926
37598,158.37892520622444
37599,381.3672604604619
37600,91.01244782579127
37601,108.75023673232457
37602,226.77344188248955
37603,48.35455572845761
37604,348.60391391676865
37605,107.52382802319795
37606,59.296658638609586
37607,307.0603488995479
37608,48.47891311316026
37609,422.14337540933826
37610,58.32910322218507
37611,206.41822913717937
37612,499.17490288199343
37613,357.8333406228296
37614,92.66200520465684
37615,50.85244124421919
37616,58.56317029200959
37617,65.59016678746474
37618,332.11088325959645
37619,60.50538715497159
37620,181.1026011549053
37621,265.6867723766823
37622,435.6603939013038
37623,499.84575862249807
37624,109.13038528376073
37625,79.93197307133877
37626,276.7782829197514
37627,500.0
37628,491.30566006994724
37629,198.42310566360402
37630,70.97580834815841
37631,123.04372940626695
37632,440.32561312013513
37633,283.0515787382751
37634,500.0
37635,117.70584951256414
37636,74.6665451687371
37637,261.30165398752763
37638,459.25046945927835
37639,500.0
37640,274.6295347835139
37641,377.94318004967977
37642,467.63119637347205
37643,57.86172078650789
37644,490.5971626581808
37645,104.3629949303778
37646,500.0
37647,332.3968111974422
37648,327.01236354262005
37649,90.42405163653518
37650,116.61986337494122
37651,485.1561050444916
37652,88.1392375141103
37653,322.6715837460204
37654,192.55301953062502
37655,71.18445303893579
37656,324.7719615928095
37657,355.463754252953
37658,68.85220819930089
37659,135.67849343117527
37660,391.28385602064867
37661,185.41819937259532
37662,500.0
37663,48.97557589729411
37664,219.85684859612164
37665,73.76811972135745
37666,171.1157224862124
37667,71.71356683577476
37668,52.147584608790766
37669,74.88643365171586
37670,62.85612655902618
37671,414.79492788253503
37672,138.51446258545917
37673,42.43688948585119
37674,317.81117149773513
37675,476.52372353168084
37676,324.48514088446103
37677,389.20553136564183
37678,436.7894652743826
37679,59.253926282855815
37680,499.15137114340405
37681,92.23250341760388
37682,49.95278633794335
37683,282.3775919769755
37684,73.79748478893706
37685,168.49654703197484
37686,304.59874219105734
37687,86.12169119695001
37688,405.68615415523266
37689,500.0
37690,298.1040438362265
37691,332.0101708034512
37692,476.70719246216356
37693,70.56667646873044
37694,76.36293625843354
37695,413.46968018804745
37696,132.18774449539222
37697,356.60069721949424
37698,130.3931194608332
37699,485.9201916450828
37700,54.06087648341667
37701,112.40011643245074
37702,475.52948851731264
37703,500.0
37704,67.65258629399892
37705,499.8550028052398
37706,402.54630742910365
37707,498.5260137852216
37708,138.71133536332763
37709,488.53780536943316
37710,460.15377219025083
37711,493.38467979598835
37712,58.22442960241669
37713,486.06445088819476
37714,335.60164292285583
37715,278.90434183946945
37716,500.0
37717,117.70710576443436
37718,57.85587805578174
37719,500.0
37720,60.579584067114624
37721,61.92335673032622
37722,55.38331951808936
37723,129.37960380670935
37724,483.22441993446915
37725,56.46757369266233
37726,56.25564804699151
37727,186.5177886382001
37728,477.0702880378457
37729,486.79754883676725
37730,424.3590043596311
37731,390.68121470318096
37732,177.91756527726182
37733,53.90437038658754
37734,487.3321015641691
37735,500.0
37736,55.57541920229725
37737,68.95525271006711
37738,261.10320862683784
37739,218.3841524304781
37740,500.0
37741,179.21927686747495
37742,500.0
37743,68.32656268464333
37744,82.27398672892886
37745,182.6734986893386
37746,342.0730850204285
37747,48.119576466093235
37748,50.97622382200524
37749,322.1572463465549
37750,128.16866686790576
37751,72.46765694363089
37752,55.72050254923604
37753,135.5172790420856
37754,436.29551106355484
37755,498.9151228913272
37756,69.74081766609623
37757,256.6230616904148
37758,471.880739478397
37759,122.68191390914107
37760,177.46553823464168
37761,357.1887186309454
37762,116.59613613316742
37763,461.81707907236137
37764,357.34639958602605
37765,57.194350324657236
37766,500.0
37767,500.0
37768,128.4601866823526
37769,245.24565982031976
37770,146.28312862759145
37771,166.5563290708299
37772,50.849556080001705
37773,130.8630999322504
37774,440.37195491800765
37775,58.08797866774269
37776,274.8542760162983
37777,465.4944821036973
37778,214.37807521592825
37779,172.8721472838954
37780,134.33336589131505
37781,444.9074748230761
37782,400.65404236547005
37783,326.6686869581631
37784,126.52198719450571
37785,115.44238664610398
37786,394.559522206888
37787,482.724077215692
37788,55.69206644684703
37789,109.46631739703909
37790,178.7929104805484
37791,485.8303826400436
37792,459.15266959009574
37793,467.42345816190647
37794,344.6893323214801
37795,153.2014690058445
37796,195.3809173704331
37797,60.04230900358077
37798,61.766416997910014
37799,150.87099112314925
37800,155.89454841590566
37801,250.0670128206055
37802,498.0181001656516
37803,494.6883169416509
37804,133.84840410872116
37805,192.41929013856208
37806,74.03043875973681
37807,340.48391281469833
37808,135.15057762310596
37809,141.3643394230171
37810,141.4087221297044
37811,475.28821733862685
37812,500.0
37813,498.496960284162
37814,260.8904827561794
37815,57.10333536784394
37816,289.9042537527832
37817,181.55057821720612
37818,114.13863143658929
37819,434.53157413031727
37820,498.0453179121923
37821,55.2986788723599
37822,222.38910553531548
37823,174.69492564771275
37824,497.94920539780554
37825,500.0
37826,500.0
37827,499.8910698380262
37828,253.4489424390492
37829,187.74374460438747
37830,427.2934744793555
37831,69.81953566773859
37832,500.0
37833,220.52759857228662
37834,52.91041403798721
37835,98.99393356407485
37836,207.26821428901448
37837,61.229074598982834
37838,500.0
37839,498.9874166071919
37840,58.27013342451504
37841,334.1118391303811
37842,495.8254818115032
37843,443.57258628669115
37844,121.5658022475319
37845,126.57357649531266
37846,49.533814214224456
37847,104.62012626170086
37848,450.63442854935977
37849,72.71131718437682
37850,70.66951833022694
37851,71.25628233546207
37852,70.65506978657695
37853,396.2466295756748
37854,500.0
37855,448.4183296295156
37856,482.66935143166444
37857,500.0
37858,126.86994528660611
37859,346.9476533909828
37860,104.89292031923797
37861,498.6929072280489
37862,415.30888317970044
37863,499.4341143423032
37864,461.81779097441256
37865,499.11815669963346
37866,484.8764261465683
37867,496.7828076487717
37868,391.91886277299227
37869,96.50506588171844
37870,475.1159887494611
37871,110.04215381717614
37872,498.7488568902001
37873,483.8097589533533
37874,182.33691498763568
37875,494.9021572827904
37876,74.45783542966116
37877,125.21570253874219
37878,500.0
37879,438.9758343121566
37880,280.9639549126714
37881,110.5020579790175
37882,497.06025352702846
37883,468.5676685605931
37884,496.1601837399655
37885,123.01282737906092
37886,41.70202043894699
37887,119.76541825391172
37888,500.0
37889,203.8208860765913
37890,208.14814523137082
37891,145.74399331131747
37892,151.02931402475943
37893,399.01469807990895
37894,378.48922787674235
37895,283.8421565199127
37896,197.23266612251066
37897,498.98645352067854
37898,70.69292161139737
37899,111.83979985730076
37900,63.733977490400584
37901,464.325872390104
37902,500.0
37903,102.17788905492876
37904,187.37917784957682
37905,477.54293850655483
37906,294.6592878064249
37907,260.3992200666431
37908,500.0
37909,500.0
37910,400.87459333258244
37911,496.7395988353145
37912,183.47668338598555
37913,49.37879169548073
37914,299.6840409842902
37915,55.807299018924965
37916,500.0
37917,63.326443710603
37918,500.0
37919,135.2738482156944
37920,75.04570166639114
37921,190.5866148362072
37922,500.0
37923,76.53760236506272
37924,434.2187460761494
37925,356.33449068692715
37926,127.26412875566733
37927,345.8387635438489
37928,186.53492305639645
37929,500.0
37930,51.121654719870065
37931,130.052414533551
37932,104.25348379640208
37933,160.45340501612884
37934,417.009875671241
37935,344.15944767207594
37936,498.1339896076016
37937,500.0
37938,85.24681212444055
37939,179.97769953677613
37940,434.66678358095504
37941,437.7740678402266
37942,122.81576719342733
37943,358.7808524580672
37944,77.2045230307119
37945,72.55300163957807
37946,396.58008065328397
37947,184.01484662440683
37948,345.7571987944714
37949,72.19466553796124
37950,487.5235184121765
37951,61.23084015239948
37952,500.0
37953,448.84479242276205
37954,500.0
37955,462.13218807124167
37956,255.55394580532396
37957,92.66234324813482
37958,182.83914759705192
37959,499.38714824043024
37960,97.22383869474736
37961,107.00502137416244
37962,203.94484153955884
37963,57.09613472113803
37964,353.14114453093106
37965,96.354785870677
37966,327.0138038914681
37967,473.9336374250613
37968,172.41893744140066
37969,500.0
37970,281.1432207019032
37971,170.36401751648418
37972,208.0976785815908
37973,69.8753428135182
37974,73.34973704383908
37975,47.49291176328579
37976,496.4459350709109
37977,500.0
37978,107.3047473977494
37979,390.3725804180023
37980,353.52512137068356
37981,500.0
37982,113.89216318733867
37983,407.02236928489856
37984,352.222566640909
37985,100.14639681117681
37986,141.85355244872414
37987,59.7095480516124
37988,253.42127624685452
37989,59.28105534680569
37990,213.56483241033317
37991,188.02273282188102
37992,50.146526488372814
37993,63.83082373171953
37994,104.98761709186793
37995,295.87335606936614
37996,500.0
37997,71.26566287452279
37998,500.0
37999,89.74770399130757
38000,151.84891768882562
38001,57.74224864931814
38002,249.6912376452662
38003,163.82805005364847
38004,176.45589033019465
38005,184.71015421417655
38006,456.3926557058926
38007,118.67521079956944
38008,144.84559538731395
38009,498.7824175801064
38010,178.03696230715173
38011,234.43095108563597
38012,68.6287443122951
38013,467.52188004614334
38014,52.25195797463044
38015,462.3021184806337
38016,254.8609141641778
38017,470.72149918542027
38018,474.7918862925153
38019,500.0
38020,429.71178351166986
38021,59.12282072957738
38022,497.6852799940068
38023,77.97772400927354
38024,404.2475169736779
38025,53.70595456826808
38026,62.33569074924324
38027,91.2449672414586
38028,337.5933025822768
38029,59.309955780298466
38030,166.35813736242005
38031,175.3783992388356
38032,75.85181284135442
38033,428.80470003641165
38034,309.84124289775644
38035,341.0845992560715
38036,133.26154116991293
38037,500.0
38038,438.0315037578513
38039,155.72198204246638
38040,458.2117900529746
38041,108.16207850534502
38042,61.26002944896224
38043,460.78605922878677
38044,472.9303674358405
38045,107.01970127816936
38046,258.0510914059714
38047,75.11502415852522
38048,201.70207684632493
38049,171.23425359022548
38050,174.2223084298298
38051,72.62793218852065
38052,446.9203225891316
38053,137.85579030090537
38054,74.64477158335895
38055,127.8602540808765
38056,199.56263141919308
38057,498.33209324822974
38058,54.51183317648338
38059,209.69632333951216
38060,207.11247881027396
38061,146.68143113138044
38062,478.29238150566323
38063,179.94903412712236
38064,129.2250906851944
38065,225.1313328648488
38066,430.1252491114882
38067,498.6916611644592
38068,500.0
38069,340.88289229642146
38070,499.4855411288815
38071,63.077702466474236
38072,118.91865588475616
38073,468.3571952558007
38074,411.7997425637471
38075,500.0
38076,394.3018738577905
38077,396.3438984355133
38078,271.41179611661573
38079,441.75434037780735
38080,210.16274798249077
38081,378.78439238830913
38082,489.6955442051945
38083,475.87218018409715
38084,113.43533560194305
38085,190.92743700125644
38086,186.62988289371677
38087,104.1946746632969
38088,449.22637804404474
38089,68.89001189298826
38090,496.460950416317
38091,500.0
38092,389.192836229671
38093,336.2308368460495
38094,393.83877951752396
38095,47.04467166209683
38096,500.0
38097,269.28857652187094
38098,491.9548546910381
38099,450.7244150582926
38100,446.2350265697894
38101,353.38755907035664
38102,203.37957378682887
38103,389.40461222688856
38104,467.7596569262532
38105,500.0
38106,247.72261325555618
38107,175.37981972963422
38108,306.47878133992947
38109,500.0
38110,500.0
38111,384.74445963308614
38112,52.609714687130605
38113,498.78533927457954
38114,304.40685548415
38115,118.40457360562495
38116,124.02630898807524
38117,166.49937752509396
38118,344.50635222272047
38119,53.88872615445246
38120,69.26603605790065
38121,122.17279855367599
38122,404.86844274994223
38123,74.69140204065621
38124,70.2100813222602
38125,170.41478778626157
38126,69.43064410664718
38127,162.2120358666437
38128,458.1400353553821
38129,319.75134434802726
38130,461.77922830668933
38131,500.0
38132,405.92719469898634
38133,490.4847404723902
38134,499.9080614037464
38135,499.4540931775042
38136,108.50760323140275
38137,282.4529387606434
38138,59.707411985844075
38139,406.59697012145284
38140,496.75494001641505
38141,70.75400553463155
38142,159.93138526023515
38143,104.86729317593688
38144,62.22947082850088
38145,124.86309681546376
38146,496.621928043411
38147,299.72440462158175
38148,139.53429439551093
38149,205.92584796066615
38150,55.75359868115821
38151,497.0501470825924
38152,500.0
38153,75.07963169250351
38154,150.87740110458859
38155,490.3892545363203
38156,371.8964641954605
38157,433.9138020967114
38158,496.377969314167
38159,147.61490257459394
38160,59.93766700145271
38161,48.754578150556384
38162,63.58521707686008
38163,64.48980747505696
38164,94.01942823737133
38165,447.81470221197844
38166,173.91895213997782
38167,168.56204949185107
38168,442.11207280751563
38169,304.85489349953053
38170,262.1141613884113
38171,278.4728194040438
38172,105.1792240459425
38173,253.16732990478403
38174,384.0066956614962
38175,461.0170868191462
38176,500.0
38177,406.6136028904624
38178,327.9369129951576
38179,104.73914257480416
38180,60.389149526995126
38181,160.5502085322418
38182,95.4874245412233
38183,131.97074454848482
38184,71.48114093595495
38185,181.2041975009584
38186,102.25343941118837
38187,132.46749747751574
38188,44.961589668008614
38189,148.79638284042383
38190,306.47565635234156
38191,497.9277629421142
38192,458.48059913131215
38193,174.17271342501112
38194,495.764470719103
38195,72.5297931463044
38196,169.54128500700256
38197,57.494116841478814
38198,133.31919441001457
38199,235.1525087296067
38200,136.31473909712875
38201,496.925387376033
38202,500.0
38203,120.89307885116622
38204,109.53916932719244
38205,498.556305756816
38206,102.66526948276739
38207,464.97184617589267
38208,149.1271712961289
38209,491.25506345935673
38210,420.83456409327215
38211,497.4756832100124
38212,495.32278885765663
38213,214.82282145895732
38214,497.0767530399022
38215,159.48176488658723
38216,66.48523877996982
38217,449.8007805420651
38218,499.58926209044046
38219,485.8739355698393
38220,471.57503952695686
38221,49.25047243857756
38222,107.8480522846213
38223,159.75876729418238
38224,411.6299480813153
38225,433.5291227049862
38226,277.88448573779596
38227,211.65119001732893
38228,499.8689189738584
38229,493.26592648494966
38230,291.2283022071793
38231,60.61929072494459
38232,332.29619743820615
38233,215.33196905800958
38234,71.50507109474925
38235,500.0
38236,455.46024535995605
38237,50.94010549803999
38238,389.4697782585461
38239,57.208984891074984
38240,495.74032168385924
38241,74.40501503912782
38242,61.370084175373215
38243,462.7624265487992
38244,397.72617011247735
38245,361.7510292480333
38246,154.45303115717422
38247,184.76062784299504
38248,442.10267904247
38249,165.84184561592699
38250,73.32285466872361
38251,77.08107007164872
38252,499.69785497032035
38253,60.10177100382768
38254,500.0
38255,126.13543521405938
38256,202.81036019983122
38257,497.9332241091121
38258,498.3201266732344
38259,437.1349528701468
38260,497.4579513190172
38261,500.0
38262,105.2831752528698
38263,341.9167121058042
38264,360.59439741253703
38265,428.4387619048582
38266,69.36283679470228
38267,58.464432002176906
38268,397.61687601201027
38269,194.9409235255397
38270,197.58152761100388
38271,56.01967110732422
38272,348.72432615870963
38273,154.6220072789573
38274,347.87030360970107
38275,392.2862947523088
38276,487.2806285718715
38277,499.30007100214704
38278,460.9026850100323
38279,54.96352125456333
38280,96.10015171787764
38281,373.0841024631933
38282,426.23722909814023
38283,499.11169800609883
38284,392.1866717804264
38285,500.0
38286,452.0474276891593
38287,211.595889678349
38288,88.89772942214944
38289,500.0
38290,301.60515350083585
38291,497.91497188472346
38292,343.54433302226585
38293,498.61702300911566
38294,478.419345249513
38295,441.67923406840265
38296,58.28103392021008
38297,319.4759011188188
38298,66.12202875032878
38299,487.96967223327033
38300,199.05931525946932
38301,168.29293133792078
38302,100.05073931432469
38303,150.64528866509917
38304,446.23006550425777
38305,270.97244141408515
38306,56.97971188052749
38307,68.07111220775272
38308,419.2775086036107
38309,499.70427350091495
38310,70.14566534117867
38311,75.77834803637552
38312,74.747666247008
38313,52.04233481439256
38314,388.93729020709054
38315,499.30016715601107
38316,137.7527945037602
38317,103.93678139716226
38318,212.447607916224
38319,169.49601735409942
38320,388.8209587145255
38321,110.35982167968422
38322,457.7051537044455
38323,284.4095110145496
38324,170.8658113534334
38325,495.0101822658461
38326,53.07625537285233
38327,484.11065188757993
38328,410.24737280253623
38329,500.0
38330,144.89750060184292
38331,127.00155889641687
38332,103.60495748059202
38333,348.81609937468477
38334,397.46681215812094
38335,429.55842235759025
38336,70.96816805726704
38337,62.91584647153545
38338,66.62558223136
38339,99.08554063573118
38340,327.7973341214135
38341,112.09326885236712
38342,294.29633779161423
38343,392.809677483314
38344,113.72599805418844
38345,106.42825983899493
38346,500.0
38347,496.3226610169986
38348,500.0
38349,499.9951278618282
38350,174.51568138094646
38351,425.9913048473019
38352,404.03004175522426
38353,481.83620724003276
38354,157.34312524775677
38355,326.2179368888136
38356,102.42850754977886
38357,456.2882708614883
38358,124.89042994979985
38359,473.1008537723143
38360,100.13162866797359
38361,430.203251173259
38362,179.36502989257087
38363,144.12936221683907
38364,499.3953637776001
38365,294.41191956169234
38366,495.8153794204444
38367,139.67060868515483
38368,122.4634437847747
38369,366.61942493878496
38370,460.6553535336642
38371,103.44862435504615
38372,324.83015932802596
38373,500.0
38374,104.5006135566905
38375,351.5700623205423
38376,499.31227524485973
38377,449.19609746015556
38378,280.8481911002419
38379,74.26829926582184
38380,77.32539897047145
38381,160.03265517690429
38382,418.6333083735328
38383,79.52741578054943
38384,493.50541001450193
38385,213.30793619778933
38386,463.2048694725641
38387,242.59036236541542
38388,339.98330106267576
38389,104.79042268062167
38390,499.48015983551613
38391,144.17638121179442
38392,60.34354705211747
38393,73.90739625172834
38394,449.97365502858634
38395,500.0
38396,141.56824885250074
38397,500.0
38398,54.558002095668385
38399,73.07715281524864
38400,445.94272787599505
38401,220.4265528670871
38402,500.0
38403,61.28901769512896
38404,63.41228953604312
38405,446.60505714326234
38406,421.8427805561668
38407,436.21506183446206
38408,116.9271669997688
38409,117.131338065688
38410,85.15280001916432
38411,54.749472065879225
38412,442.8169080104192
38413,65.06543407312363
38414,49.34151054859474
38415,68.43335256610712
38416,116.60899018527148
38417,114.89268925218235
38418,499.7972206426414
38419,310.36813592944
38420,55.81312490506722
38421,59.5844382527153
38422,489.9415301940545
38423,498.7480247117189
38424,451.04250143954664
38425,500.0
38426,133.3570482548829
38427,499.2872058134535
38428,141.36099857669106
38429,74.71232729575618
38430,497.47823658948334
38431,230.2534872488637
38432,69.31551025465441
38433,60.99349654314749
38434,106.94271381440265
38435,72.44913858139634
38436,107.93066540998487
38437,406.33262821874035
38438,442.00635798767576
38439,115.44706861254849
38440,466.8173949487671
38441,500.0
38442,408.21482914475854
38443,55.1400505318837
38444,158.28334368350966
38445,342.9735218926907
38446,141.5178748954021
38447,430.1709883350398
38448,456.2907600650022
38449,346.895092716165
38450,250.4727552251867
38451,500.0
38452,360.9098687455263
38453,110.70251254572861
38454,380.80444369427767
38455,68.83560315034194
38456,498.89656820116465
38457,135.50075409210868
38458,330.8160328725831
38459,59.406195099119515
38460,62.00057308279116
38461,500.0
38462,50.94384915327684
38463,56.41214384635219
38464,180.3854986842733
38465,97.80049122840339
38466,74.34072799753515
38467,358.7268479623979
38468,471.4709105617647
38469,321.69933262994215
38470,118.54950931605711
38471,71.70845347022934
38472,162.2778490894241
38473,474.2932303548083
38474,472.6603785086851
38475,303.2504035384688
38476,272.88449631196585
38477,92.28714597730621
38478,108.05614456726157
38479,117.19197736289371
38480,196.33012960675774
38481,414.21004394163674
38482,56.79600002562256
38483,58.85349226680755
38484,495.5767722988804
38485,426.3045000444308
38486,187.2051844806393
38487,59.06903682369331
38488,202.7366966267147
38489,290.04953569709534
38490,73.64106149232336
38491,151.13769506881965
38492,405.6223682614192
38493,135.8246997289383
38494,386.7917004488095
38495,148.98938977639807
38496,220.84920268890656
38497,492.2536938143097
38498,493.1677612122073
38499,271.77754787861153
38500,500.0
38501,63.0862137231756
38502,412.57595021834874
38503,310.25637356788184
38504,488.3107788097974
38505,143.97954587715873
38506,342.3230305469139
38507,95.50725334143982
38508,461.1861815220948
38509,495.16107640371956
38510,194.0634087520241
38511,298.8319254662607
38512,497.5078165544977
38513,453.8501919081428
38514,143.94728629929523
38515,62.16731738587623
38516,131.7667639373789
38517,440.7283444119306
38518,274.3243792329832
38519,151.31031812354078
38520,499.9749845041842
38521,182.02752734209707
38522,185.89962884131307
38523,62.8135338177028
38524,424.0236366595547
38525,78.70814780118249
38526,55.88487990435384
38527,103.99089514393654
38528,500.0
38529,419.50041689177795
38530,70.63261764123209
38531,100.64345298923368
38532,109.35070421504811
38533,466.0412623598704
38534,127.60592016761221
38535,500.0
38536,484.2965202681288
38537,124.43627483080701
38538,459.19300447927196
38539,172.24048431061212
38540,497.6707267954275
38541,90.73658884024661
38542,49.95990534572501
38543,500.0
38544,153.819973035179
38545,284.9224348449753
38546,59.48970015052238
38547,178.6326154682195
38548,301.37926464715576
38549,469.7310716496048
38550,483.53574740022094
38551,54.61891735266184
38552,52.16651167888493
38553,94.25897575763088
38554,494.68042910688496
38555,311.8654439665382
38556,157.86535705690682
38557,406.18617689974724
38558,61.24526194971168
38559,407.35879385240116
38560,102.69076222547784
38561,202.52510262997822
38562,265.1675404853825
38563,103.79843786547482
38564,70.31794590302934
38565,500.0
38566,48.41381715817155
38567,154.5361641205377
38568,130.77737996574072
38569,500.0
38570,446.42613016165507
38571,418.5742243902058
38572,199.74363310865027
38573,500.0
38574,481.6436596230817
38575,406.90576974113407
38576,146.66180926821028
38577,156.9036579572163
38578,464.02813988320077
38579,106.55905657054424
38580,112.77720488297382
38581,497.2697019946502
38582,280.02246690097996
38583,62.66230397139353
38584,488.7195114701241
38585,400.6468407120326
38586,108.914857926871
38587,408.19001641928173
38588,152.38477442387605
38589,114.154421439287
38590,200.3789162165732
38591,274.1696939507599
38592,278.795298853261
38593,60.07154563305269
38594,334.43517986012455
38595,53.42728390276332
38596,85.3426240315514
38597,115.36347251383748
38598,492.3365691938378
38599,115.53502604192843
38600,491.968300376293
38601,77.74159102707955
38602,126.0803056318908
38603,442.6888745233049
38604,500.0
38605,395.3713235830493
38606,126.66080476292476
38607,54.708652118086235
38608,53.705167828257686
38609,271.8438192974264
38610,391.22143381366936
38611,133.99676366550977
38612,493.02307883563486
38613,144.03177330637726
38614,144.06742266800526
38615,500.0
38616,134.9306687109987
38617,339.18233226879937
38618,499.9749451489493
38619,55.0118166222635
38620,111.28926331384912
38621,500.0
38622,342.37325191833884
38623,58.22977450342675
38624,113.08682097693799
38625,119.48359000534396
38626,460.87167697163795
38627,54.732781323408744
38628,120.50745772874768
38629,385.03937957169103
38630,498.52170581796463
38631,177.2927113504045
38632,83.270443257364
38633,492.4844664767474
38634,470.07716945129687
38635,180.56295727291325
38636,485.6157751210468
38637,213.63662402090335
38638,500.0
38639,440.28545926442746
38640,156.7913819334984
38641,500.0
38642,56.52161789454141
38643,141.77791455014975
38644,496.1414766651569
38645,288.6108594615505
38646,478.047095914352
38647,279.44266908852904
38648,286.9071218033346
38649,499.8583237758781
38650,498.0910483639642
38651,124.63655387250856
38652,74.74817771278114
38653,77.43318727352487
38654,500.0
38655,81.08901534347865
38656,320.31643220913554
38657,298.2641259355665
38658,500.0
38659,461.62283945176614
38660,64.6162031626982
38661,143.33513587225312
38662,347.3426482853669
38663,47.75252001297047
38664,500.0
38665,61.95414729733264
38666,106.74474166109701
38667,109.84086357163261
38668,458.4411423874519
38669,72.18792181484392
38670,56.895855906437646
38671,173.62986848187003
38672,496.0014158869433
38673,425.1689770999503
38674,459.28108612984727
38675,124.82380391256612
38676,441.1060072383069
38677,389.12519886997035
38678,465.48828686344916
38679,53.956223158297945
38680,286.1109985824387
38681,118.92180638676084
38682,434.21581838110785
38683,219.07008345263347
38684,114.98826369109389
38685,452.82810057960916
38686,213.73624496400586
38687,141.86439470027824
38688,479.8154106705498
38689,77.01910870450153
38690,489.5667078344778
38691,485.3460920470957
38692,492.85031246930953
38693,499.9679198168311
38694,140.16011940657123
38695,60.02536697884936
38696,55.55151330388591
38697,152.7953492450394
38698,492.4588966163199
38699,410.88496226094765
38700,440.5971631651249
38701,427.7884266277487
38702,54.287266845046126
38703,500.0
38704,185.93806766778215
38705,57.57354854111777
38706,479.3317269248232
38707,500.0
38708,52.234358118515516
38709,57.82193902619635
38710,52.78517057431283
38711,176.05568270348274
38712,483.4073979788649
38713,60.215399236768235
38714,112.51245850545902
38715,408.1544265961083
38716,165.48720606246192
38717,309.7755586206459
38718,57.94201899818644
38719,56.85704946949363
38720,499.90793673550894
38721,51.826238946165034
38722,500.0
38723,58.186573070022526
38724,111.06518142432512
38725,326.31200579371705
38726,477.84294812048256
38727,443.8834817567737
38728,262.9336843794142
38729,99.9365244319768
38730,336.99336850315984
38731,106.96043954090985
38732,91.6914907360096
38733,500.0
38734,199.58335222371267
38735,254.96923725466496
38736,56.33346901601354
38737,500.0
38738,251.10069985781797
38739,500.0
38740,497.8259099862123
38741,309.94794281930945
38742,133.58668660501604
38743,119.38705881328698
38744,146.48128687707418
38745,105.2395526264383
38746,361.4380649694276
38747,461.52854289839934
38748,56.69658536208211
38749,500.0
38750,81.09793027757951
38751,50.86646502424087
38752,428.7861613231096
38753,260.22672041510634
38754,64.00116705568121
38755,77.79468600343695
38756,312.37016646240676
38757,463.0538345204719
38758,121.04960381182855
38759,118.16177395763776
38760,67.15197581392486
38761,241.03540861148406
38762,317.8575465512612
38763,500.0
38764,128.0567291835828
38765,124.57091634831846
38766,104.80790985233546
38767,283.308658028918
38768,81.04300227551246
38769,392.38036492005904
38770,263.2550400016058
38771,181.46186332076127
38772,187.2691304514579
38773,59.05943895596582
38774,493.1267247864346
38775,422.60672726681025
38776,414.4557561945307
38777,313.6980023062461
38778,343.4681328842871
38779,59.6603997680526
38780,447.3285825853133
38781,282.0202871637496
38782,499.9799414620341
38783,399.97765257058916
38784,395.3496222455316
38785,75.55221699989511
38786,435.5838594746841
38787,147.41321995220437
38788,476.45878609266117
38789,70.91382592531939
38790,140.9488506854208
38791,493.86968343772617
38792,348.663648597427
38793,500.0
38794,244.83481171193242
38795,100.04676843831552
38796,445.1521700242737
38797,340.4601590688601
38798,451.92319232049147
38799,101.76937018665808
38800,240.08918381577686
38801,183.97144117750136
38802,120.93512016811525
38803,263.4297696754061
38804,499.66746076278685
38805,121.73809734463975
38806,258.56346389197495
38807,60.71176407157574
38808,279.0073554801266
38809,73.79172452531114
38810,174.82317676454684
38811,63.75885380976466
38812,407.9646902910288
38813,500.0
38814,498.9801546883814
38815,360.95208606742295
38816,375.1677913729271
38817,467.2888064387563
38818,296.0270477723573
38819,150.487421121409
38820,494.4700681393524
38821,266.0519141141723
38822,500.0
38823,56.70913672862496
38824,212.78001093653648
38825,139.32720932078888
38826,500.0
38827,466.75133706769026
38828,45.99549907385235
38829,338.4334472615707
38830,184.38962170521847
38831,105.5333813867339
38832,149.63884633036128
38833,69.46836274149307
38834,98.47090635484835
38835,90.48901747656498
38836,138.44327085256748
38837,496.863728727118
38838,452.53840523327597
38839,499.9941599397311
38840,115.22370451023524
38841,487.432010070823
38842,63.45210446206701
38843,53.4862337330548
38844,343.3983019447837
38845,497.2118814253754
38846,424.6292886131321
38847,183.45954820180646
38848,500.0
38849,295.7805745175186
38850,452.4382061982715
38851,71.88370268801441
38852,101.4339914422317
38853,500.0
38854,431.5270979699691
38855,453.39204644982215
38856,354.2753735986463
38857,399.7284720718068
38858,499.29775303929773
38859,59.83419679651547
38860,454.8099431137489
38861,249.84422509040763
38862,140.13636973412704
38863,61.31966198365787
38864,53.903393256266405
38865,412.0491473840732
38866,371.7628289302087
38867,58.5422728814671
38868,128.17107934190022
38869,103.50816313411795
38870,177.39992798700752
38871,55.83397513977826
38872,425.45067445538507
38873,104.13128183495691
38874,491.58004646961393
38875,113.20182067921074
38876,341.7721301764061
38877,242.21258939140117
38878,496.0038825231306
38879,142.1689976823093
38880,76.86614446868269
38881,132.23304562491182
38882,134.3221412117797
38883,144.8720747901561
38884,149.4157175355664
38885,500.0
38886,435.29033507116355
38887,106.31547345386426
38888,84.01575842163686
38889,147.73604321960832
38890,270.7776936307878
38891,391.0126992890246
38892,119.36292181557481
38893,139.91797821256006
38894,52.370784922523924
38895,145.45973666304326
38896,59.58869456401651
38897,71.3280667570346
38898,479.78719089199717
38899,264.40912904469246
38900,500.0
38901,58.373371364938585
38902,55.02765551195587
38903,50.71224407789447
38904,246.61504151076508
38905,426.03387666152906
38906,381.40858147276
38907,176.42922950393847
38908,375.15291956669705
38909,59.09558275312901
38910,286.7062238054023
38911,108.63729933602843
38912,306.0599733900934
38913,134.67431079090855
38914,193.96529202180886
38915,347.63740017373607
38916,51.25540104302934
38917,96.85839806285112
38918,498.69757372734205
38919,359.9804125402819
38920,288.7021966030037
38921,470.77874209275393
38922,62.339299042356984
38923,499.95487562221115
38924,495.98211882437806
38925,159.8977899426049
38926,343.7081213210925
38927,394.72993239894464
38928,457.26266182759105
38929,127.74892513889236
38930,198.3168710423465
38931,467.1297238466857
38932,349.1781622451001
38933,500.0
38934,463.2432319920716
38935,498.9513111825819
38936,475.1519302702494
38937,69.4438490961202
38938,191.83571489729187
38939,102.89651306352295
38940,70.73021751589829
38941,57.61254525864486
38942,165.3039180840631
38943,381.69811292735614
38944,60.105827552476825
38945,252.4491538665045
38946,345.2179214792781
38947,499.58685288302866
38948,114.47532316914467
38949,438.08058839941646
38950,69.37809071114366
38951,319.2179786253678
38952,500.0
38953,292.94184566851874
38954,495.72052362626874
38955,497.5216078432722
38956,56.70493177491093
38957,117.85182162633524
38958,447.398894319821
38959,167.91031784347695
38960,57.9997231893439
38961,59.55941019067373
38962,277.24601551753193
38963,477.4403761749161
38964,470.00472825854587
38965,283.42818443505917
38966,178.91307149918993
38967,443.1797094089113
38968,500.0
38969,499.36148599231046
38970,421.92136988533423
38971,498.55066663668043
38972,50.614887833599
38973,266.9648870873648
38974,499.2854877706019
38975,331.1225460357872
38976,430.91138455060764
38977,53.089049242193
38978,188.5693660720098
38979,208.41447007903017
38980,352.08256017560507
38981,140.54622903737302
38982,500.0
38983,500.0
38984,374.73872198370026
38985,53.870886808647654
38986,113.62280514848945
38987,498.25169262846646
38988,395.1967477073072
38989,500.0
38990,72.21722926495941
38991,473.7060881378044
38992,67.60426647182194
38993,59.36790245363916
38994,340.6004413149822
38995,331.48745307681395
38996,362.96469382917974
38997,321.01579812950916
38998,194.44432834257526
38999,214.44349819724974
39000,90.51726880531601
39001,343.06811854906505
39002,491.54461349889215
39003,500.0
39004,73.4727550283198
39005,144.43970407797207
39006,407.0373732208152
39007,180.74732928775526
39008,439.50433319516173
39009,57.50968988913242
39010,156.2805868322611
39011,447.4062435854403
39012,146.70203584609322
39013,126.0952449855283
39014,79.01907773033811
39015,45.48445854093691
39016,274.9787015442745
39017,500.0
39018,47.33676685900435
39019,154.51298643398843
39020,187.298191395787
39021,116.75948230811156
39022,500.0
39023,115.33621792969494
39024,159.1584092378515
39025,205.5994681273672
39026,499.65047295880527
39027,296.0628512713522
39028,248.31770761359496
39029,73.8099304917682
39030,105.6776913398009
39031,229.25197427589165
39032,175.8355739982505
39033,460.4513219213926
39034,128.02086531222318
39035,114.6808255913857
39036,442.55991288295536
39037,289.4528068829523
39038,56.13324363830091
39039,481.7866763374881
39040,71.62517648079987
39041,468.12552873434026
39042,56.812071385110016
39043,499.6526456273749
39044,59.58603845243141
39045,419.967870485443
39046,72.05857962633624
39047,500.0
39048,66.74113154270577
39049,436.1085229898575
39050,114.23751090828517
39051,179.81145575845673
39052,491.1322508235978
39053,433.17728110701023
39054,339.0426647309343
39055,442.13060835014346
39056,54.03677569397486
39057,330.40821920857434
39058,55.40828862490338
39059,60.1591435888652
39060,270.76161795183754
39061,498.13586046764834
39062,497.25181224009106
39063,167.59718344196963
39064,500.0
39065,500.0
39066,452.7699628336245
39067,500.0
39068,493.25053250991476
39069,58.40657595801726
39070,334.24234416253995
39071,111.54222767948968
39072,110.92709779156687
39073,488.54794569149055
39074,133.58414049650062
39075,465.8836968714961
39076,71.02580937222206
39077,86.83729522894353
39078,91.68488051836643
39079,221.62670698793363
39080,141.21316346724723
39081,95.48989096281348
39082,500.0
39083,466.81757429659706
39084,249.0750812615835
39085,497.17766839296075
39086,197.4946679525649
39087,56.502505775387476
39088,455.93474407034296
39089,499.1879029589645
39090,499.6140746899
39091,343.4952455843114
39092,281.55203259903817
39093,294.2040020034999
39094,50.2114541803915
39095,57.95941510086254
39096,62.92468010468974
39097,171.04553642510405
39098,58.48643969081789
39099,484.93570341495047
39100,57.69244083328376
39101,497.77591290843975
39102,461.73278717875894
39103,499.52343381766866
39104,491.2377312247818
39105,296.5471723931814
39106,65.37679971292859
39107,139.60577944873205
39108,500.0
39109,57.90375233207337
39110,497.6265629052299
39111,75.30904544781654
39112,144.0168473353002
39113,452.0763854045198
39114,74.70770284972795
39115,288.83091362495844
39116,145.6762191231079
39117,47.00851840069243
39118,179.85450971032083
39119,58.972384437258256
39120,47.26220353968546
39121,207.7295337165334
39122,271.91473384471556
39123,136.16265353665383
39124,500.0
39125,489.01069089708744
39126,235.66225099319445
39127,69.76659572330371
39128,497.52566289953205
39129,98.0700054629034
39130,94.71841564944711
39131,446.06956349551666
39132,262.269739790377
39133,500.0
39134,97.31344230844955
39135,94.6869312621707
39136,497.848216026812
39137,333.8608631558442
39138,188.61767647664186
39139,352.21510820628293
39140,326.9895145956563
39141,273.95710153498237
39142,500.0
39143,500.0
39144,500.0
39145,418.47927575444874
39146,51.80360672476158
39147,58.6722826506545
39148,72.1857781584913
39149,140.1576772964854
39150,48.07460971053094
39151,464.5385163054212
39152,84.80267914562796
39153,61.19787412504002
39154,81.50145085298828
39155,499.6015345226642
39156,499.9032593878035
39157,465.5575944415016
39158,50.56408372954165
39159,419.60538489002363
39160,348.84200859915063
39161,439.602183159785
39162,499.51375096840246
39163,221.20241394006717
39164,58.34821577674818
39165,163.99815404096276
39166,276.6327529446644
39167,189.82870869222725
39168,264.1145046819596
39169,81.55984567991071
39170,55.311323204351
39171,91.89794426842992
39172,207.49892987167658
39173,428.06304565363905
39174,486.55368529801825
39175,243.83213920449464
39176,47.882434145236836
39177,61.43578165162508
39178,332.82549582064274
39179,500.0
39180,64.1057198235361
39181,497.5146719877758
39182,335.49124798321435
39183,224.15532146536603
39184,223.52088090218228
39185,402.87982687330543
39186,201.56930299287728
39187,354.17983328058517
39188,158.44097643075122
39189,136.54819227685297
39190,492.76003586578145
39191,192.9777701470491
39192,54.57690682613317
39193,495.2939488885612
39194,248.43934499456975
39195,49.35619537383431
39196,319.215739700106
39197,283.7487407365961
39198,500.0
39199,197.98659210227595
39200,488.8527613304899
39201,416.87364689215366
39202,295.6924217823873
39203,52.15778089812284
39204,185.19709236259834
39205,498.7196773389595
39206,53.55893368107842
39207,452.9263154603609
39208,335.9125282253298
39209,183.61068874976993
39210,69.7277750932442
39211,500.0
39212,86.6303804688185
39213,476.64259602607956
39214,499.98232136800056
39215,191.35060300039288
39216,103.39115174438797
39217,392.5823168486934
39218,500.0
39219,212.23362574271653
39220,147.35095990468972
39221,345.72492958226763
39222,500.0
39223,500.0
39224,108.6709815182694
39225,500.0
39226,105.46648914267709
39227,146.53222666884108
39228,141.1703754340491
39229,145.24031766977274
39230,499.5190266999673
39231,314.75423602844495
39232,55.72940648543866
39233,265.21550383695427
39234,364.0197292598135
39235,54.969610165342644
39236,293.4180196241774
39237,500.0
39238,499.571545160239
39239,370.4784911667436
39240,51.370418073578016
39241,123.28065877576253
39242,59.17974471989308
39243,271.9416903048291
39244,159.0051469658463
39245,96.92507331157063
39246,492.92411944035894
39247,500.0
39248,497.46543498911865
39249,452.1363456286175
39250,62.31203653657179
39251,131.22038166957606
39252,498.1502624361113
39253,300.7053758749073
39254,458.68996769870034
39255,61.852547739252344
39256,205.44236056056263
39257,55.56207680651569
39258,70.10655596277121
39259,127.06125596441183
39260,160.81545164832642
39261,500.0
39262,446.5472371368818
39263,253.4633863837292
39264,58.575165692533844
39265,163.09507081462417
39266,209.651919624726
39267,157.41093785939864
39268,378.40900768049244
39269,129.94013269670754
39270,499.94077366627675
39271,424.6299664525394
39272,60.98993932061965
39273,65.40129653071719
39274,155.17836388553297
39275,449.93540323503277
39276,240.3314612807003
39277,111.8460079379438
39278,169.7679414445659
39279,463.47499097860776
39280,155.07966291487932
39281,451.53459715332036
39282,466.0890483924618
39283,347.49930315215323
39284,265.81914721068154
39285,338.7399472058345
39286,498.1141425647255
39287,196.75542480760006
39288,279.31252065120214
39289,136.27186358786423
39290,283.501369430325
39291,64.61141616014885
39292,462.65229081419767
39293,62.87713330098143
39294,185.94957938689646
39295,99.81433382984572
39296,382.827647037139
39297,499.3967632257966
39298,71.16845601553466
39299,161.965856120539
39300,423.2512733507952
39301,53.570737967009954
39302,152.53644274459432
39303,499.39984713957546
39304,428.9687517857916
39305,397.3713579748892
39306,285.508936703832
39307,136.18014118812442
39308,264.06719867944014
39309,61.215315621187465
39310,277.3099113534901
39311,151.77639251978144
39312,486.1036137506967
39313,472.3288443240674
39314,226.32588317396784
39315,496.75191782663666
39316,354.8093597317577
39317,416.05247271657083
39318,499.9442255905187
39319,500.0
39320,493.35001955474604
39321,62.659709360065165
39322,333.8856816907719
39323,116.86123505550579
39324,56.573516988866864
39325,182.06102082794413
39326,276.3611761943096
39327,105.92001196099207
39328,435.8079993094915
39329,71.27982647919265
39330,57.78021998561783
39331,496.73966414313514
39332,415.37340278500295
39333,460.33550178493107
39334,203.29508646042825
39335,53.836516304991555
39336,430.4680214874767
39337,189.27460289684083
39338,498.5246573216285
39339,325.18484627974897
39340,61.05496502096072
39341,62.91959474794382
39342,334.3270841451857
39343,193.7814955880316
39344,68.5192513335995
39345,102.00638400477885
39346,183.40739866896533
39347,308.6164456193514
39348,429.85355311960086
39349,58.89290643465826
39350,117.47948600392148
39351,195.18076999960715
39352,166.13273711381873
39353,58.101920531670785
39354,48.57037029883787
39355,50.83530626600155
39356,371.95671726268546
39357,94.39041612320737
39358,266.5100425842107
39359,71.55454495660541
39360,493.398242420758
39361,167.1458905836407
39362,376.55965949309916
39363,299.82681900973677
39364,498.6401471006892
39365,333.27549011956387
39366,199.32542837620662
39367,407.9998798012882
39368,58.047148016509865
39369,63.20427620700059
39370,436.4260576609295
39371,491.2748941497874
39372,101.61421571215432
39373,492.3568538676594
39374,58.51801226205839
39375,74.63512509711654
39376,66.47380596740601
39377,439.2046252040475
39378,78.05165142791233
39379,96.4598024293143
39380,478.39683854079453
39381,499.8868989097642
39382,500.0
39383,173.7423309000378
39384,77.19505434746856
39385,328.0468876737534
39386,465.33818133730097
39387,345.9979514964895
39388,149.02751515167108
39389,62.10970988818188
39390,163.37126437831589
39391,57.2372816199954
39392,498.9840810847885
39393,322.3924594992344
39394,58.69864094144231
39395,474.0672918411841
39396,451.87937763480056
39397,74.88941712630235
39398,473.83919029461475
39399,485.6930608747207
39400,77.14595240119337
39401,254.43241978982888
39402,99.15580311069019
39403,176.15929922057853
39404,288.9130694202712
39405,100.21838359039685
39406,500.0
39407,282.66375491114155
39408,61.181295359842025
39409,54.95216756882884
39410,100.3126561590046
39411,189.89461047765633
39412,53.65468472162195
39413,111.11408191740327
39414,500.0
39415,388.30760096861366
39416,144.80491857462064
39417,104.55287046196585
39418,290.7918628154748
39419,137.95688481159993
39420,468.89343850737
39421,256.18077219207737
39422,144.96994318777607
39423,58.78401894634969
39424,303.804719992758
39425,190.5591446968799
39426,342.4999617851506
39427,485.8471461302323
39428,193.95726294524192
39429,142.3560906932584
39430,383.84566921764156
39431,58.56413174535452
39432,102.15730733604809
39433,306.7088645056162
39434,499.6535242247604
39435,121.87121827637543
39436,470.0413325323336
39437,497.16738204757524
39438,500.0
39439,127.72423073855745
39440,497.8338401160988
39441,117.22527629248562
39442,446.23784855117873
39443,416.75808741458036
39444,281.1162813955314
39445,408.4326370865951
39446,500.0
39447,491.6771111971754
39448,122.8248547895545
39449,490.65480906863183
39450,109.57972676285934
39451,43.47437677022235
39452,406.02415374333225
39453,340.06147746368845
39454,176.88703313387072
39455,352.74855128469784
39456,113.43923575043033
39457,56.53350718590197
39458,73.70341921187928
39459,72.15577575766211
39460,54.021206946193914
39461,156.70364694021896
39462,433.675968394038
39463,500.0
39464,333.72299561446187
39465,500.0
39466,305.16281744236426
39467,65.79601791589481
39468,53.18441365352514
39469,437.8861492688029
39470,162.67224952495843
39471,187.03291067015454
39472,410.156111175055
39473,42.96373725542544
39474,472.38569772284865
39475,354.7005182166229
39476,500.0
39477,322.3978674226106
39478,498.97627927338846
39479,440.18481889963857
39480,66.26957789465796
39481,56.20895405431949
39482,429.88711437632765
39483,480.6850104319883
39484,74.64757077632683
39485,424.44864653346394
39486,118.49356208296622
39487,57.067371352940356
39488,106.37914769264846
39489,490.83798237865136
39490,500.0
39491,50.962030607712336
39492,377.9549356594584
39493,380.3572247244721
39494,49.44670651823178
39495,499.8958450350616
39496,54.808317496416805
39497,171.75833221769025
39498,72.82650233058676
39499,312.7240423314728
39500,181.69364983602946
39501,500.0
39502,444.4504589941519
39503,89.380603414718
39504,324.4497606313772
39505,500.0
39506,61.307784752803606
39507,444.74342614767454
39508,217.52945860303979
39509,49.62646713951945
39510,349.3353013987759
39511,258.63493732389907
39512,295.7818435462487
39513,183.1286514097279
39514,496.8814590309132
39515,500.0
39516,325.24878383616016
39517,80.02094332180417
39518,273.84302238827496
39519,68.13017053741592
39520,142.98683079076852
39521,189.3981944506251
39522,273.65128623600344
39523,435.2665475550481
39524,59.21142767045565
39525,339.81405194855773
39526,432.3260184138783
39527,499.37652368118995
39528,450.33323703183135
39529,187.09019269749652
39530,184.7115888806283
39531,172.58486180988797
39532,70.65605151678398
39533,353.7783061959899
39534,53.311001437509944
39535,370.37560507089535
39536,72.63719051210609
39537,500.0
39538,333.99789286917655
39539,58.74216381651553
39540,352.7400157296315
39541,500.0
39542,173.3446223623015
39543,324.5945436760115
39544,500.0
39545,499.8640808831183
39546,498.9447362318417
39547,383.5035248499762
39548,104.38227608653206
39549,466.1401307344788
39550,355.97592700380915
39551,69.07034630111978
39552,478.5345724479467
39553,69.34966882341554
39554,490.37409151719754
39555,459.15534360028425
39556,419.82841385748065
39557,217.21066283026778
39558,346.27830462120517
39559,125.77486223873416
39560,329.41669159379717
39561,301.7135386656388
39562,421.98018686203204
39563,261.7822487931884
39564,201.7844501557995
39565,333.9017928090854
39566,348.5078850188361
39567,354.920404740374
39568,125.68946398076315
39569,294.7748375901806
39570,336.18504773762265
39571,424.74821024147496
39572,484.5131373427932
39573,120.95499390014453
39574,185.41108981444356
39575,169.31794298028785
39576,122.50335722436982
39577,498.6587969964363
39578,500.0
39579,192.01291969378212
39580,499.26512723836345
39581,142.12486405180846
39582,53.834119333534474
39583,70.6097519665966
39584,419.738659899421
39585,68.33183588148957
39586,100.42552749994212
39587,330.1744506519434
39588,500.0
39589,469.41321728321543
39590,496.6586763332798
39591,500.0
39592,58.19766159411846
39593,104.30130553514556
39594,307.12542836874275
39595,363.1688149778765
39596,151.84716766254326
39597,60.70801622194403
39598,396.35915571417644
39599,419.71686605577963
39600,112.84703894653165
39601,467.13265502754797
39602,347.26414308740743
39603,158.61192767117046
39604,79.32864553736529
39605,254.8934234503107
39606,275.2085231198549
39607,500.0
39608,208.01864904915283
39609,203.46934653847234
39610,55.479381692009326
39611,66.13635614196245
39612,457.634081275352
39613,393.2111900308936
39614,106.94092330636059
39615,131.09570600838953
39616,118.76815109166233
39617,148.26388253972203
39618,453.1833154245786
39619,47.79776291236432
39620,500.0
39621,118.48879617870921
39622,103.31996034912851
39623,103.39255769801912
39624,59.28695151723156
39625,296.0512514780352
39626,495.1364308074339
39627,198.85237826764472
39628,498.4657787271574
39629,500.0
39630,108.23090957387016
39631,450.0010603577289
39632,495.5966823601067
39633,364.86774610651366
39634,287.92749356228427
39635,184.66528764195257
39636,216.20316653727303
39637,264.67609141439743
39638,140.34714927074174
39639,149.52073729463467
39640,273.2475867860691
39641,308.24879082992106
39642,486.9696828188159
39643,326.2606733065048
39644,75.51261357736757
39645,499.60173410647053
39646,273.1669152988155
39647,326.2159637217492
39648,500.0
39649,282.14410207916467
39650,498.02386998532313
39651,461.8055395570492
39652,144.18169235471146
39653,499.066193622953
39654,284.4340546114978
39655,56.85983180452824
39656,191.36645876765238
39657,352.33463536574817
39658,105.47843331750074
39659,184.1400799647933
39660,75.86826037678033
39661,498.85023125863063
39662,58.116234425509774
39663,86.61454943584202
39664,340.4590628773271
39665,119.55122922345588
39666,344.5418128523124
39667,497.56201950181537
39668,255.3714225159705
39669,455.04821796088993
39670,391.13719967214695
39671,486.0619874015979
39672,477.3162624602165
39673,481.87133480925206
39674,60.168508512545564
39675,500.0
39676,330.64008665333074
39677,417.0658048736114
39678,500.0
39679,298.4844802205553
39680,56.811311480003944
39681,58.97101060956888
39682,369.7806193889663
39683,500.0
39684,500.0
39685,134.63009278485035
39686,103.78071717539493
39687,495.6516131172156
39688,106.96665234801492
39689,57.14867214246327
39690,146.42106983834645
39691,433.12801891241844
39692,103.35636552691608
39693,499.6824371796612
39694,500.0
39695,464.79096591018333
39696,500.0
39697,288.5786040769894
39698,354.97435412093773
39699,442.0729747224565
39700,346.50667375016417
39701,57.890318632112
39702,56.37689840134976
39703,498.61969789473153
39704,72.17740474472292
39705,195.07418541922132
39706,339.8227744823569
39707,190.6493462164372
39708,136.67901936287234
39709,499.1193903567423
39710,500.0
39711,234.83629102853232
39712,500.0
39713,491.7959358817055
39714,142.71761698334336
39715,499.4295363532734
39716,480.4048692176947
39717,380.30280920691473
39718,59.66327067211099
39719,300.38791975014016
39720,76.75096609902154
39721,442.65530407504514
39722,500.0
39723,105.00595994546106
39724,59.42385137019927
39725,497.02695219300836
39726,63.75009699354597
39727,146.93491970135298
39728,268.84611137721623
39729,493.73553999105184
39730,338.01033326511714
39731,167.70694274117355
39732,374.56340219420883
39733,161.7234476512144
39734,116.7954800515956
39735,336.5066300790894
39736,62.53744413895694
39737,119.78326567921124
39738,118.06659437565229
39739,54.469642281272804
39740,98.00199653327981
39741,199.753143502205
39742,492.8900407495982
39743,51.47255946037185
39744,500.0
39745,492.7624239828896
39746,207.6629197514883
39747,213.2214867773228
39748,453.72264314342317
39749,341.29950969968354
39750,56.85063745001051
39751,498.1541853618955
39752,452.6123367931131
39753,56.92129583054935
39754,169.58168094644878
39755,475.4625977760398
39756,113.92397738047927
39757,55.89149025975702
39758,94.29138983382282
39759,427.50950173776937
39760,54.01861740433765
39761,105.575562567759
39762,438.9840181756754
39763,330.49982915678754
39764,500.0
39765,492.4267642288204
39766,72.76354186072481
39767,372.51957458108666
39768,48.74735115590151
39769,184.71054041394183
39770,144.9843263102317
39771,444.15220696011136
39772,55.70594387606
39773,101.25473766431855
39774,448.1594329517534
39775,500.0
39776,337.66106639707834
39777,108.61647599883901
39778,107.37570742326024
39779,472.6302657011744
39780,192.98952695781747
39781,498.56205698063945
39782,436.07476144654674
39783,56.70608228155338
39784,500.0
39785,325.7946799591426
39786,73.13142187236946
39787,499.6083879564831
39788,500.0
39789,351.03089642604795
39790,130.9609330355255
39791,384.1097056557734
39792,56.88101099510217
39793,62.991325859456005
39794,276.9607451158463
39795,499.13004960068747
39796,60.32118092344987
39797,83.7017372784032
39798,61.251626184465835
39799,104.3898958553562
39800,437.0090937942182
39801,267.355910636304
39802,471.01682745820904
39803,499.6907626420211
39804,458.5694016343806
39805,500.0
39806,486.14968471005454
39807,500.0
39808,57.402087852631496
39809,498.8461214502726
39810,189.68591810503267
39811,59.38360148990421
39812,53.40576469168843
39813,500.0
39814,261.4586782592021
39815,500.0
39816,115.3262590143166
39817,140.7620445761051
39818,53.669494704352644
39819,59.03130064879796
39820,494.02425726987474
39821,301.8319601747757
39822,104.06157193177555
39823,219.5539774729495
39824,99.12477851968525
39825,140.98791529695364
39826,175.5419261325688
39827,484.6301927499009
39828,338.44262750746236
39829,439.88233216396
39830,459.2962804536344
39831,58.09319269232458
39832,307.95663868966494
39833,312.33654928494025
39834,104.47342135272461
39835,326.83326932586755
39836,498.7165641237891
39837,487.1528850991624
39838,344.17995364839743
39839,131.65171773910794
39840,497.4238476963906
39841,500.0
39842,355.4712579120022
39843,50.940724598795526
39844,420.0201062373458
39845,498.883966295463
39846,431.22437680775795
39847,438.65498738705907
39848,493.14530030121864
39849,482.75535296263536
39850,418.0828810830562
39851,99.80313206895431
39852,153.32424499985962
39853,258.27499112510395
39854,268.22703490834226
39855,495.975174946135
39856,125.14681328692899
39857,273.40057568583023
39858,92.2052382722751
39859,217.4168589962983
39860,343.29432063178274
39861,430.7125613272724
39862,105.18486015072988
39863,123.63321825160091
39864,59.17534885301906
39865,74.10335538617908
39866,102.22076947247626
39867,316.67876004355674
39868,419.7426499567588
39869,476.47196192857996
39870,100.45505957529576
39871,388.3544658563351
39872,120.59218127433836
39873,453.8723458666551
39874,55.780258035609336
39875,104.5364056431007
39876,450.10498873363076
39877,465.3085360205315
39878,151.53763488507013
39879,286.7493598073959
39880,118.8479769537856
39881,500.0
39882,262.06707550299313
39883,142.64840345912214
39884,391.5244779040862
39885,61.96516797753568
39886,293.32647369558845
39887,492.98101043300653
39888,189.07153856930358
39889,153.74172059417234
39890,476.0767483013605
39891,500.0
39892,414.0936900283941
39893,57.92498514406131
39894,61.88057303091368
39895,52.72870911087125
39896,73.21996988459233
39897,464.7220622864999
39898,332.9520409546158
39899,498.9546494039131
39900,58.96729316928846
39901,500.0
39902,335.7983867621463
39903,280.64027024997785
39904,446.026802411601
39905,54.493577789452466
39906,58.35678912756849
39907,206.2509740528406
39908,190.32986612076814
39909,499.2915015576665
39910,467.3475971273041
39911,196.83584470168518
39912,206.74458307054374
39913,432.2389544242542
39914,58.17653098688917
39915,106.94303767917216
39916,340.49396411607984
39917,76.9253659847444
39918,109.23132926914097
39919,148.7832758991974
39920,498.4540407085276
39921,255.05340113598527
39922,165.90623990933483
39923,65.61157660512472
39924,496.9801561927314
39925,73.69458394532384
39926,111.56552250006291
39927,172.64004605633096
39928,206.3865516681809
39929,341.6421075048347
39930,497.89090688139555
39931,76.46569482205962
39932,289.90069796209156
39933,295.6804284710291
39934,196.5434221858841
39935,153.23704512633353
39936,169.89832866829016
39937,351.0441400967228
39938,157.2051738955064
39939,498.07024466212636
39940,198.34274879107065
39941,489.13597086916945
39942,192.72154942248048
39943,124.66946174308532
39944,499.7078110048417
39945,334.6939089279757
39946,344.06829704748145
39947,146.4912735202986
39948,342.24271558501596
39949,464.5213658598391
39950,107.47685281773832
39951,71.77888446822563
39952,102.69494359615774
39953,73.96921983046249
39954,173.5110159208819
39955,498.7560304227471
39956,499.3937141910758
39957,369.8244717002352
39958,95.64964345788985
39959,500.0
39960,433.77942216766417
39961,314.1216671891117
39962,179.4093542061682
39963,432.5723575841508
39964,195.54796159568977
39965,443.95068900311617
39966,81.7662528082754
39967,50.847197245270436
39968,481.60743300305086
39969,416.13445026017223
39970,500.0
39971,114.80531718163519
39972,142.45253390632945
39973,153.02947328791794
39974,492.5920449792437
39975,100.50647127402624
39976,72.9200891920949
39977,447.4905725385714
39978,350.1515227134536
39979,491.9912612615558
39980,471.568150515052
39981,74.5017317064549
39982,497.03115467902217
39983,60.118506084103004
39984,396.10694447037235
39985,318.2715045130662
39986,61.795746868796286
39987,500.0
39988,93.69870490858325
39989,66.56564408823809
39990,250.21852136020402
39991,453.71237178646277
39992,147.7980025173325
39993,176.96059520754338
39994,480.97719384339223
39995,500.0
39996,452.13104862694934
39997,488.9952343492557
39998,275.49936578020595
39999,110.0926707389689
40000,462.58315242918275
40001,461.46016242200085
40002,105.57353530086567
40003,148.35405711588055
40004,498.7191101998564
40005,66.15521610068267
40006,500.0
40007,262.9991318178314
40008,498.77043309568853
40009,455.8415060277731
40010,496.19837036938975
40011,59.064112124116164
40012,141.99884140724396
40013,490.51840631938353
40014,500.0
40015,164.95589460996555
40016,128.55095423097333
40017,459.02177442479245
40018,494.5166791331935
40019,435.7965410183597
40020,52.57248494943643
40021,309.9569809925813
40022,498.3159880436519
40023,97.28080360721532
40024,499.05573892251005
40025,98.32961900638875
40026,102.38930183487352
40027,329.8589425177845
40028,428.293500930778
40029,209.6897891968717
40030,264.13935887379387
40031,497.99082971028065
40032,500.0
40033,325.2218251071172
40034,70.41979273300413
40035,144.24143656091601
40036,60.70268916213999
40037,471.97124923324384
40038,500.0
40039,493.7805804936303
40040,438.29806687615917
40041,479.721545013508
40042,351.92477668423163
40043,351.3925101172799
40044,491.45801508669126
40045,500.0
40046,500.0
40047,424.6243110109294
40048,497.94883589184195
40049,436.1914666736287
40050,335.7267747685263
40051,500.0
40052,62.293088839733535
40053,185.01876121722023
40054,391.9250017149318
40055,492.1036536215106
40056,443.8927266843653
40057,194.07830422522267
40058,310.9020017237367
40059,164.31303283158988
40060,461.2439945249408
40061,448.1621832157683
40062,157.6839160005845
40063,116.50740710766226
40064,392.33822250265916
40065,65.60928422250367
40066,72.02626759998358
40067,155.24087389042043
40068,70.04513060203621
40069,500.0
40070,50.505268130960886
40071,500.0
40072,209.003372677578
40073,58.903960953715895
40074,53.074668211093226
40075,59.90210114669139
40076,109.78300413135156
40077,414.4327985303629
40078,500.0
40079,175.77151690531005
40080,136.4010203172131
40081,357.1390237711663
40082,67.90438956150385
40083,279.2016486066157
40084,237.74439371801532
40085,153.29489428188188
40086,483.5322212920803
40087,489.20983002020813
40088,500.0
40089,243.27905968535813
40090,91.79288443224544
40091,293.55481526751424
40092,189.4146416969366
40093,495.4954659700227
40094,298.8025040870587
40095,301.85296757484156
40096,74.05948747271742
40097,499.9856337954764
40098,453.0458526969886
40099,279.0312772971308
40100,468.0918730463406
40101,132.15811916081725
40102,139.11648668978046
40103,104.32075442042768
40104,465.0665133120673
40105,68.7119464223711
40106,500.0
40107,499.804099670391
40108,73.37165098247631
40109,339.46389460019674
40110,468.4885823737161
40111,418.70100620241305
40112,148.77444796220328
40113,342.71722845076323
40114,147.46648427534933
40115,72.61854750574969
40116,343.5700102496596
40117,362.41973696912976
40118,150.71030699480647
40119,64.02359505067905
40120,499.88489350215775
40121,180.4570789625653
40122,259.9836312896546
40123,485.9127996029674
40124,137.7717860319535
40125,468.12119158935053
40126,123.71854942853739
40127,499.75324103403455
40128,210.30186513149408
40129,189.770663748506
40130,401.84113885123077
40131,193.63517380467846
40132,143.56896174578878
40133,58.46591877309203
40134,110.48852914721219
40135,462.63916926261277
40136,492.4143333498495
40137,329.1787300043793
40138,453.7649566904752
40139,336.3812383651636
40140,464.85801457238745
40141,304.8601883167488
40142,60.43316468286666
40143,307.0136404279441
40144,202.12805191832769
40145,319.9714240190847
40146,68.40278642271466
40147,111.97685085025273
40148,71.7253160814784
40149,279.5851759586963
40150,57.576568929759254
40151,153.67359994003368
40152,52.78874752729588
40153,463.67358635180983
40154,54.89303447954332
40155,402.39308566852196
40156,338.3017332730812
40157,457.8370958210053
40158,322.45086037006433
40159,377.9861826047519
40160,59.25019323514604
40161,55.239746463009965
40162,438.37061317424104
40163,466.65171851628963
40164,348.32049376349744
40165,73.20545111556487
40166,93.7385034684755
40167,51.267387224630504
40168,59.56228757275715
40169,107.211149162392
40170,500.0
40171,258.8987794892342
40172,456.13871317674517
40173,68.67057959533291
40174,431.9981094874279
40175,493.0899771004726
40176,80.59498724025522
40177,65.79436188423327
40178,215.20094346326346
40179,477.2516743563867
40180,70.48209110245975
40181,109.78284187359854
40182,103.76975609629147
40183,408.224692541331
40184,465.7611674443365
40185,334.6055462256351
40186,120.8689539480669
40187,443.4682589599249
40188,202.96271590852015
40189,122.3479576765051
40190,165.72040241884895
40191,55.6315914221518
40192,496.34738615844896
40193,110.30818834435127
40194,44.277120642486935
40195,135.11754166797482
40196,453.03310567409153
40197,500.0
40198,72.7481225655961
40199,161.95749343209712
40200,446.3531995791725
40201,151.16226081930049
40202,277.4026980553522
40203,479.5409841203568
40204,494.1675883978403
40205,68.97192344829368
40206,499.8272637166109
40207,216.20783383398694
40208,169.65044786307263
40209,396.2133438881376
40210,58.36345743233858
40211,132.93185089690184
40212,498.98390476144726
40213,52.76026643777681
40214,262.1878769404607
40215,338.3986668285606
40216,140.53440740409494
40217,447.64003040403475
40218,121.3487402443734
40219,487.1880950946447
40220,277.13551221490957
40221,187.96686808443806
40222,500.0
40223,417.9973873369812
40224,497.99541255485843
40225,500.0
40226,497.6936111076461
40227,84.46375894555106
40228,150.15245422415086
40229,489.04452383869364
40230,70.01049026078798
40231,408.7661537325615
40232,69.74484019194105
40233,129.77213110538042
40234,268.8819821398334
40235,465.02250693282974
40236,157.88275975443065
40237,73.78984553860421
40238,58.27555158755067
40239,500.0
40240,70.95257438960351
40241,111.22548518811902
40242,460.75577899489053
40243,499.83915129681003
40244,500.0
40245,427.451422593333
40246,465.1980337239367
40247,85.7555117053985
40248,104.88808946741204
40249,304.10196234816976
40250,458.25617541665565
40251,120.62006334995664
40252,498.16336033080995
40253,462.686322036559
40254,221.0260018262563
40255,45.55512759638705
40256,498.7989188989676
40257,51.728341474158384
40258,69.46788855713582
40259,59.427063798837395
40260,471.06742783874375
40261,71.75479418770652
40262,139.6312543019048
40263,111.776939558082
40264,67.71986395413364
40265,171.9679930271841
40266,111.629012878118
40267,213.5381056580585
40268,349.61131793406474
40269,318.1221380456276
40270,55.34905846290307
40271,108.75563911891746
40272,109.3193447734094
40273,500.0
40274,213.49981333552236
40275,500.0
40276,185.45615086718124
40277,160.37457913580724
40278,274.95631818613674
40279,276.90273439180584
40280,395.6347300914044
40281,415.36882620948336
40282,330.33878304842506
40283,169.68887999077333
40284,500.0
40285,91.5441102716416
40286,185.6328326053553
40287,484.5858761372908
40288,500.0
40289,60.15019897095926
40290,98.55602209741964
40291,413.8084702456126
40292,193.39852891703617
40293,500.0
40294,55.25309304803562
40295,147.01171660221334
40296,396.00725275094817
40297,499.732784701157
40298,71.0967663145557
40299,325.62504812537736
40300,138.74490947469192
40301,111.98940620807988
40302,60.82749927263133
40303,108.61583455688167
40304,186.8808660140105
40305,442.99704160431736
40306,107.71896108010748
40307,498.4687045922649
40308,322.96932750710835
40309,148.23174484562054
40310,498.3914343132194
40311,478.55259340828974
40312,53.94369243177158
40313,181.63412357456613
40314,358.780181663455
40315,135.70101763371918
40316,297.3642958617228
40317,206.1598181491222
40318,294.0084209037343
40319,355.01658813299343
40320,406.0470252032232
40321,123.29928388494181
40322,459.82806669042515
40323,173.71067565887103
40324,480.58342502087663
40325,52.506271218552115
40326,473.8961526553109
40327,418.41884092935146
40328,60.5031752992694
40329,448.30201631664124
40330,158.3459696326438
40331,500.0
40332,357.80771037176976
