id,aqi
0,432
1,432
2,432
3,432
4,432
5,432
6,432
7,432
8,432
9,432
10,432
11,432
12,432
13,432
14,432
15,432
16,432
17,432
18,432
19,432
20,432
21,432
22,432
23,432
24,432
25,432
26,432
27,432
28,432
29,432
30,432
31,432
32,432
33,432
34,432
35,432
36,432
37,432
38,432
39,432
40,432
41,432
42,432
43,432
44,432
45,432
46,432
47,432
48,432
49,432
50,432
51,432
52,432
53,432
54,432
55,432
56,432
57,432
58,432
59,432
60,432
61,432
62,432
63,432
64,432
65,432
66,432
67,432
68,432
69,432
70,432
71,432
72,432
73,432
74,432
75,432
76,432
77,432
78,432
79,432
80,432
81,432
82,432
83,432
84,432
85,432
86,432
87,432
88,432
89,432
90,432
91,432
92,432
93,432
94,432
95,432
96,432
97,432
98,432
99,432
100,432
101,432
102,432
103,432
104,432
105,432
106,432
107,432
108,432
109,432
110,432
111,432
112,432
113,432
114,432
115,432
116,432
117,432
118,432
119,432
120,432
121,432
122,432
123,432
124,432
125,432
126,432
127,432
128,432
129,432
130,432
131,432
132,432
133,432
134,432
135,432
136,432
137,432
138,432
139,432
140,432
141,432
142,432
143,432
144,432
145,432
146,432
147,432
148,432
149,432
150,432
151,432
152,432
153,432
154,432
155,432
156,432
157,432
158,432
159,432
160,432
161,432
162,432
163,432
164,432
165,432
166,432
167,432
168,432
169,432
170,432
171,432
172,432
173,432
174,432
175,432
176,432
177,432
178,432
179,432
180,432
181,432
182,432
183,432
184,432
185,432
186,432
187,432
188,432
189,432
190,432
191,432
192,432
193,432
194,432
195,432
196,432
197,432
198,432
199,432
200,432
201,432
202,432
203,432
204,432
205,432
206,432
207,432
208,432
209,432
210,432
211,432
212,432
213,432
214,432
215,432
216,432
217,432
218,432
219,432
220,432
221,432
222,432
223,432
224,432
225,432
226,432
227,432
228,432
229,432
230,432
231,432
232,432
233,432
234,432
235,432
236,432
237,432
238,432
239,432
240,432
241,432
242,432
243,432
244,432
245,432
246,432
247,432
248,432
249,432
250,432
251,432
252,432
253,432
254,432
255,432
256,432
257,432
258,432
259,432
260,432
261,432
262,432
263,432
264,432
265,432
266,432
267,432
268,432
269,432
270,432
271,432
272,432
273,432
274,432
275,432
276,432
277,432
278,432
279,432
280,432
281,432
282,432
283,432
284,432
285,432
286,432
287,432
288,432
289,432
290,432
291,432
292,432
293,432
294,432
295,432
296,432
297,432
298,432
299,432
300,432
301,432
302,432
303,432
304,432
305,432
306,432
307,432
308,432
309,432
310,432
311,432
312,432
313,432
314,432
315,432
316,432
317,432
318,432
319,432
320,432
321,432
322,432
323,432
324,432
325,432
326,432
327,432
328,432
329,432
330,432
331,432
332,432
333,432
334,432
335,432
336,432
337,432
338,432
339,432
340,432
341,432
342,432
343,432
344,432
345,432
346,432
347,432
348,432
349,432
350,432
351,432
352,432
353,432
354,432
355,432
356,432
357,432
358,432
359,432
360,432
361,432
362,432
363,432
364,432
365,432
366,432
367,432
368,432
369,432
370,432
371,432
372,432
373,432
374,432
375,432
376,432
377,432
378,432
379,432
380,432
381,432
382,432
383,432
384,432
385,432
386,432
387,432
388,432
389,432
390,432
391,432
392,432
393,432
394,432
395,432
396,432
397,432
398,432
399,432
400,432
401,432
402,432
403,432
404,432
405,432
406,432
407,432
408,432
409,432
410,432
411,432
412,432
413,432
414,432
415,432
416,432
417,432
418,432
419,432
420,432
421,432
422,432
423,432
424,432
425,432
426,432
427,432
428,432
429,432
430,432
431,432
432,432
433,432
434,432
435,432
436,432
437,432
438,432
439,432
440,432
441,432
442,432
443,432
444,432
445,432
446,432
447,432
448,432
449,432
450,432
451,432
452,432
453,432
454,432
455,432
456,432
457,432
458,432
459,432
460,432
461,432
462,432
463,432
464,432
465,432
466,432
467,432
468,432
469,432
470,432
471,432
472,432
473,432
474,432
475,432
476,432
477,432
478,432
479,432
480,432
481,432
482,432
483,432
484,432
485,432
486,432
487,432
488,432
489,432
490,432
491,432
492,432
493,432
494,432
495,432
496,432
497,432
498,432
499,432
500,432
501,432
502,432
503,432
504,432
505,432
506,432
507,432
508,432
509,432
510,432
511,432
512,432
513,432
514,432
515,432
516,432
517,432
518,432
519,432
520,432
521,432
522,432
523,432
524,432
525,432
526,432
527,432
528,432
529,432
530,432
531,432
532,432
533,432
534,432
535,432
536,432
537,432
538,432
539,432
540,432
541,432
542,432
543,432
544,432
545,432
546,432
547,432
548,432
549,432
550,432
551,432
552,432
553,432
554,432
555,432
556,432
557,432
558,432
559,432
560,432
561,432
562,432
563,432
564,432
565,432
566,432
567,432
568,432
569,432
570,432
571,432
572,432
573,432
574,432
575,432
576,432
577,432
578,432
579,432
580,432
581,432
582,432
583,432
584,432
585,432
586,432
587,432
588,432
589,432
590,432
591,432
592,432
593,432
594,432
595,432
596,432
597,432
598,432
599,432
600,432
601,432
602,432
603,432
604,432
605,432
606,432
607,432
608,432
609,432
610,432
611,432
612,432
613,432
614,432
615,432
616,432
617,432
618,432
619,432
620,432
621,432
622,432
623,432
624,432
625,432
626,432
627,432
628,432
629,432
630,432
631,432
632,432
633,432
634,432
635,432
636,432
637,432
638,432
639,432
640,432
641,432
642,432
643,432
644,432
645,432
646,432
647,432
648,432
649,432
650,432
651,432
652,432
653,432
654,432
655,432
656,432
657,432
658,432
659,432
660,432
661,432
662,432
663,432
664,432
665,432
666,432
667,432
668,432
669,432
670,432
671,432
672,432
673,432
674,432
675,432
676,432
677,432
678,432
679,432
680,432
681,432
682,432
683,432
684,432
685,432
686,432
687,432
688,432
689,432
690,432
691,432
692,432
693,432
694,432
695,432
696,432
697,432
698,432
699,432
700,432
701,432
702,432
703,432
704,432
705,432
706,432
707,432
708,432
709,432
710,432
711,432
712,432
713,432
714,432
715,432
716,432
717,432
718,432
719,432
720,432
721,432
722,432
723,432
724,432
725,432
726,432
727,432
728,432
729,432
730,432
731,432
732,432
733,432
734,432
735,432
736,432
737,432
738,432
739,432
740,432
741,432
742,432
743,432
744,432
745,432
746,432
747,432
748,432
749,432
750,432
751,432
752,432
753,432
754,432
755,432
756,432
757,432
758,432
759,432
760,432
761,432
762,432
763,432
764,432
765,432
766,432
767,432
768,432
769,432
770,432
771,432
772,432
773,432
774,432
775,432
776,432
777,432
778,432
779,432
780,432
781,432
782,432
783,432
784,432
785,432
786,432
787,432
788,432
789,432
790,432
791,432
792,432
793,432
794,432
795,432
796,432
797,432
798,432
799,432
800,432
801,432
802,432
803,432
804,432
805,432
806,432
807,432
808,432
809,432
810,432
811,432
812,432
813,432
814,432
815,432
816,432
817,432
818,432
819,432
820,432
821,432
822,432
823,432
824,432
825,432
826,432
827,432
828,432
829,432
830,432
831,432
832,432
833,432
834,432
835,432
836,432
837,432
838,432
839,432
840,432
841,432
842,432
843,432
844,432
845,432
846,432
847,432
848,432
849,432
850,432
851,432
852,432
853,432
854,432
855,432
856,432
857,432
858,432
859,432
860,432
861,432
862,432
863,432
864,432
865,432
866,432
867,432
868,432
869,432
870,432
871,432
872,432
873,432
874,432
875,432
876,432
877,432
878,432
879,432
880,432
881,432
882,432
883,432
884,432
885,432
886,432
887,432
888,432
889,432
890,432
891,432
892,432
893,432
894,432
895,432
896,432
897,432
898,432
899,432
900,432
901,432
902,432
903,432
904,432
905,432
906,432
907,432
908,432
909,432
910,432
911,432
912,432
913,432
914,432
915,432
916,432
917,432
918,432
919,432
920,432
921,432
922,432
923,432
924,432
925,432
926,432
927,432
928,432
929,432
930,432
931,432
932,432
933,432
934,432
935,432
936,432
937,432
938,432
939,432
940,432
941,432
942,432
943,432
944,432
945,432
946,432
947,432
948,432
949,432
950,432
951,432
952,432
953,432
954,432
955,432
956,432
957,432
958,432
959,432
960,432
961,432
962,432
963,432
964,432
965,432
966,432
967,432
968,432
969,432
970,432
971,432
972,432
973,432
974,432
975,432
976,432
977,432
978,432
979,432
980,432
981,432
982,432
983,432
984,432
985,432
986,432
987,432
988,432
989,432
990,432
991,432
992,432
993,432
994,432
995,432
996,432
997,432
998,432
999,432
1000,432
1001,432
1002,432
1003,432
1004,432
1005,432
1006,432
1007,432
1008,432
1009,432
1010,432
1011,432
1012,432
1013,432
1014,432
1015,432
1016,432
1017,432
1018,432
1019,432
1020,432
1021,432
1022,432
1023,432
1024,432
1025,432
1026,432
1027,432
1028,432
1029,432
1030,432
1031,432
1032,432
1033,432
1034,432
1035,432
1036,432
1037,432
1038,432
1039,432
1040,432
1041,432
1042,432
1043,432
1044,432
1045,432
1046,432
1047,432
1048,432
1049,432
1050,432
1051,432
1052,432
1053,432
1054,432
1055,432
1056,432
1057,432
1058,432
1059,432
1060,432
1061,432
1062,432
1063,432
1064,432
1065,432
1066,432
1067,432
1068,432
1069,432
1070,432
1071,432
1072,432
1073,432
1074,432
1075,432
1076,432
1077,432
1078,432
1079,432
1080,432
1081,432
1082,432
1083,432
1084,432
1085,432
1086,432
1087,432
1088,432
1089,432
1090,432
1091,432
1092,432
1093,432
1094,432
1095,432
1096,432
1097,432
1098,432
1099,432
1100,432
1101,432
1102,432
1103,432
1104,432
1105,432
1106,432
1107,432
1108,432
1109,432
1110,432
1111,432
1112,432
1113,432
1114,432
1115,432
1116,432
1117,432
1118,432
1119,432
1120,432
1121,432
1122,432
1123,432
1124,432
1125,432
1126,432
1127,432
1128,432
1129,432
1130,432
1131,432
1132,432
1133,432
1134,432
1135,432
1136,432
1137,432
1138,432
1139,432
1140,432
1141,432
1142,432
1143,432
1144,432
1145,432
1146,432
1147,432
1148,432
1149,432
1150,432
1151,432
1152,432
1153,432
1154,432
1155,432
1156,432
1157,432
1158,432
1159,432
1160,432
1161,432
1162,432
1163,432
1164,432
1165,432
1166,432
1167,432
1168,432
1169,432
1170,432
1171,432
1172,432
1173,432
1174,432
1175,432
1176,432
1177,432
1178,432
1179,432
1180,432
1181,432
1182,432
1183,432
1184,432
1185,432
1186,432
1187,432
1188,432
1189,432
1190,432
1191,432
1192,432
1193,432
1194,432
1195,432
1196,432
1197,432
1198,432
1199,432
1200,432
1201,432
1202,432
1203,432
1204,432
1205,432
1206,432
1207,432
1208,432
1209,432
1210,432
1211,432
1212,432
1213,432
1214,432
1215,432
1216,432
1217,432
1218,432
1219,432
1220,432
1221,432
1222,432
1223,432
1224,432
1225,432
1226,432
1227,432
1228,432
1229,432
1230,432
1231,432
1232,432
1233,432
1234,432
1235,432
1236,432
1237,432
1238,432
1239,432
1240,432
1241,432
1242,432
1243,432
1244,432
1245,432
1246,432
1247,432
1248,432
1249,432
1250,432
1251,432
1252,432
1253,432
1254,432
1255,432
1256,432
1257,432
1258,432
1259,432
1260,432
1261,432
1262,432
1263,432
1264,432
1265,432
1266,432
1267,432
1268,432
1269,432
1270,432
1271,432
1272,432
1273,432
1274,432
1275,432
1276,432
1277,432
1278,432
1279,432
1280,432
1281,432
1282,432
1283,432
1284,432
1285,432
1286,432
1287,432
1288,432
1289,432
1290,432
1291,432
1292,432
1293,432
1294,432
1295,432
1296,432
1297,432
1298,432
1299,432
1300,432
1301,432
1302,432
1303,432
1304,432
1305,432
1306,432
1307,432
1308,432
1309,432
1310,432
1311,432
1312,432
1313,432
1314,432
1315,432
1316,432
1317,432
1318,432
1319,432
1320,432
1321,432
1322,432
1323,432
1324,432
1325,432
1326,432
1327,432
1328,432
1329,432
1330,432
1331,432
1332,432
1333,432
1334,432
1335,432
1336,432
1337,432
1338,432
1339,432
1340,432
1341,432
1342,432
1343,432
1344,432
1345,432
1346,432
1347,432
1348,432
1349,432
1350,432
1351,432
1352,432
1353,432
1354,432
1355,432
1356,432
1357,432
1358,432
1359,432
1360,432
1361,432
1362,432
1363,432
1364,432
1365,432
1366,432
1367,432
1368,432
1369,432
1370,432
1371,432
1372,432
1373,432
1374,432
1375,432
1376,432
1377,432
1378,432
1379,432
1380,432
1381,432
1382,432
1383,432
1384,432
1385,432
1386,432
1387,432
1388,432
1389,432
1390,432
1391,432
1392,432
1393,432
1394,432
1395,432
1396,432
1397,432
1398,432
1399,432
1400,432
1401,432
1402,432
1403,432
1404,432
1405,432
1406,432
1407,432
1408,432
1409,432
1410,432
1411,432
1412,432
1413,432
1414,432
1415,432
1416,432
1417,432
1418,432
1419,432
1420,432
1421,432
1422,432
1423,432
1424,432
1425,432
1426,432
1427,432
1428,432
1429,432
1430,432
1431,432
1432,432
1433,432
1434,432
1435,432
1436,432
1437,432
1438,432
1439,432
1440,432
1441,432
1442,432
1443,432
1444,432
1445,432
1446,432
1447,432
1448,432
1449,432
1450,432
1451,432
1452,432
1453,432
1454,432
1455,432
1456,432
1457,432
1458,432
1459,432
1460,432
1461,432
1462,432
1463,432
1464,432
1465,432
1466,432
1467,432
1468,432
1469,432
1470,432
1471,432
1472,432
1473,432
1474,432
1475,432
1476,432
1477,432
1478,432
1479,432
1480,432
1481,432
1482,432
1483,432
1484,432
1485,432
1486,432
1487,432
1488,432
1489,432
1490,432
1491,432
1492,432
1493,432
1494,432
1495,432
1496,432
1497,432
1498,432
1499,432
1500,432
1501,432
1502,432
1503,432
1504,432
1505,432
1506,432
1507,432
1508,432
1509,432
1510,432
1511,432
1512,432
1513,432
1514,432
1515,432
1516,432
1517,432
1518,432
1519,432
1520,432
1521,432
1522,432
1523,432
1524,432
1525,432
1526,432
1527,432
1528,432
1529,432
1530,432
1531,432
1532,432
1533,432
1534,432
1535,432
1536,432
1537,432
1538,432
1539,432
1540,432
1541,432
1542,432
1543,432
1544,432
1545,432
1546,432
1547,432
1548,432
1549,432
1550,432
1551,432
1552,432
1553,432
1554,432
1555,432
1556,432
1557,432
1558,432
1559,432
1560,432
1561,432
1562,432
1563,432
1564,432
1565,432
1566,432
1567,432
1568,432
1569,432
1570,432
1571,432
1572,432
1573,432
1574,432
1575,432
1576,432
1577,432
1578,432
1579,432
1580,432
1581,432
1582,432
1583,432
1584,432
1585,432
1586,432
1587,432
1588,432
1589,432
1590,432
1591,432
1592,432
1593,432
1594,432
1595,432
1596,432
1597,432
1598,432
1599,432
1600,432
1601,432
1602,432
1603,432
1604,432
1605,432
1606,432
1607,432
1608,432
1609,432
1610,432
1611,432
1612,432
1613,432
1614,432
1615,432
1616,432
1617,432
1618,432
1619,432
1620,432
1621,432
1622,432
1623,432
1624,432
1625,432
1626,432
1627,432
1628,432
1629,432
1630,432
1631,432
1632,432
1633,432
1634,432
1635,432
1636,432
1637,432
1638,432
1639,432
1640,432
1641,432
1642,432
1643,432
1644,432
1645,432
1646,432
1647,432
1648,432
1649,432
1650,432
1651,432
1652,432
1653,432
1654,432
1655,432
1656,432
1657,432
1658,432
1659,432
1660,432
1661,432
1662,432
1663,432
1664,432
1665,432
1666,432
1667,432
1668,432
1669,432
1670,432
1671,432
1672,432
1673,432
1674,432
1675,432
1676,432
1677,432
1678,432
1679,432
1680,432
1681,432
1682,432
1683,432
1684,432
1685,432
1686,432
1687,432
1688,432
1689,432
1690,432
1691,432
1692,432
1693,432
1694,432
1695,432
1696,432
1697,432
1698,432
1699,432
1700,432
1701,432
1702,432
1703,432
1704,432
1705,432
1706,432
1707,432
1708,432
1709,432
1710,432
1711,432
1712,432
1713,432
1714,432
1715,432
1716,432
1717,432
1718,432
1719,432
1720,432
1721,432
1722,432
1723,432
1724,432
1725,432
1726,432
1727,432
1728,432
1729,432
1730,432
1731,432
1732,432
1733,432
1734,432
1735,432
1736,432
1737,432
1738,432
1739,432
1740,432
1741,432
1742,432
1743,432
1744,432
1745,432
1746,432
1747,432
1748,432
1749,432
1750,432
1751,432
1752,432
1753,432
1754,432
1755,432
1756,432
1757,432
1758,432
1759,432
1760,432
1761,432
1762,432
1763,432
1764,432
1765,432
1766,432
1767,432
1768,432
1769,432
1770,432
1771,432
1772,432
1773,432
1774,432
1775,432
1776,432
1777,432
1778,432
1779,432
1780,432
1781,432
1782,432
1783,432
1784,432
1785,432
1786,432
1787,432
1788,432
1789,432
1790,432
1791,432
1792,432
1793,432
1794,432
1795,432
1796,432
1797,432
1798,432
1799,432
1800,432
1801,432
1802,432
1803,432
1804,432
1805,432
1806,432
1807,432
1808,432
1809,432
1810,432
1811,432
1812,432
1813,432
1814,432
1815,432
1816,432
1817,432
1818,432
1819,432
1820,432
1821,432
1822,432
1823,432
1824,432
1825,432
1826,432
1827,432
1828,432
1829,432
1830,432
1831,432
1832,432
1833,432
1834,432
1835,432
1836,432
1837,432
1838,432
1839,432
1840,432
1841,432
1842,432
1843,432
1844,432
1845,432
1846,432
1847,432
1848,432
1849,432
1850,432
1851,432
1852,432
1853,432
1854,432
1855,432
1856,432
1857,432
1858,432
1859,432
1860,432
1861,432
1862,432
1863,432
1864,432
1865,432
1866,432
1867,432
1868,432
1869,432
1870,432
1871,432
1872,432
1873,432
1874,432
1875,432
1876,432
1877,432
1878,432
1879,432
1880,432
1881,432
1882,432
1883,432
1884,432
1885,432
1886,432
1887,432
1888,432
1889,432
1890,432
1891,432
1892,432
1893,432
1894,432
1895,432
1896,432
1897,432
1898,432
1899,432
1900,432
1901,432
1902,432
1903,432
1904,432
1905,432
1906,432
1907,432
1908,432
1909,432
1910,432
1911,432
1912,432
1913,432
1914,432
1915,432
1916,432
1917,432
1918,432
1919,432
1920,432
1921,432
1922,432
1923,432
1924,432
1925,432
1926,432
1927,432
1928,432
1929,432
1930,432
1931,432
1932,432
1933,432
1934,432
1935,432
1936,432
1937,432
1938,432
1939,432
1940,432
1941,432
1942,432
1943,432
1944,432
1945,432
1946,432
1947,432
1948,432
1949,432
1950,432
1951,432
1952,432
1953,432
1954,432
1955,432
1956,432
1957,432
1958,432
1959,432
1960,432
1961,432
1962,432
1963,432
1964,432
1965,432
1966,432
1967,432
1968,432
1969,432
1970,432
1971,432
1972,432
1973,432
1974,432
1975,432
1976,432
1977,432
1978,432
1979,432
1980,432
1981,432
1982,432
1983,432
1984,432
1985,432
1986,432
1987,432
1988,432
1989,432
1990,432
1991,432
1992,432
1993,432
1994,432
1995,432
1996,432
1997,432
1998,432
1999,432
2000,432
2001,432
2002,432
2003,432
2004,432
2005,432
2006,432
2007,432
2008,432
2009,432
2010,432
2011,432
2012,432
2013,432
2014,432
2015,432
2016,432
2017,432
2018,432
2019,432
2020,432
2021,432
2022,432
2023,432
2024,432
2025,432
2026,432
2027,432
2028,432
2029,432
2030,432
2031,432
2032,432
2033,432
2034,432
2035,432
2036,432
2037,432
2038,432
2039,432
2040,432
2041,432
2042,432
2043,432
2044,432
2045,432
2046,432
2047,432
2048,432
2049,432
2050,432
2051,432
2052,432
2053,432
2054,432
2055,432
2056,432
2057,432
2058,432
2059,432
2060,432
2061,432
2062,432
2063,432
2064,432
2065,432
2066,432
2067,432
2068,432
2069,432
2070,432
2071,432
2072,432
2073,432
2074,432
2075,432
2076,432
2077,432
2078,432
2079,432
2080,432
2081,432
2082,432
2083,432
2084,432
2085,432
2086,432
2087,432
2088,432
2089,432
2090,432
2091,432
2092,432
2093,432
2094,432
2095,432
2096,432
2097,432
2098,432
2099,432
2100,432
2101,432
2102,432
2103,432
2104,432
2105,432
2106,432
2107,432
2108,432
2109,432
2110,432
2111,432
2112,432
2113,432
2114,432
2115,432
2116,432
2117,432
2118,432
2119,432
2120,432
2121,432
2122,432
2123,432
2124,432
2125,432
2126,432
2127,432
2128,432
2129,432
2130,432
2131,432
2132,432
2133,432
2134,432
2135,432
2136,432
2137,432
2138,432
2139,432
2140,432
2141,432
2142,432
2143,432
2144,432
2145,432
2146,432
2147,432
2148,432
2149,432
2150,432
2151,432
2152,432
2153,432
2154,432
2155,432
2156,432
2157,432
2158,432
2159,432
2160,432
2161,432
2162,432
2163,432
2164,432
2165,432
2166,432
2167,432
2168,432
2169,432
2170,432
2171,432
2172,432
2173,432
2174,432
2175,432
2176,432
2177,432
2178,432
2179,432
2180,432
2181,432
2182,432
2183,432
2184,432
2185,432
2186,432
2187,432
2188,432
2189,432
2190,432
2191,432
2192,432
2193,432
2194,432
2195,432
2196,432
2197,432
2198,432
2199,432
2200,432
2201,432
2202,432
2203,432
2204,432
2205,432
2206,432
2207,432
2208,432
2209,432
2210,432
2211,432
2212,432
2213,432
2214,432
2215,432
2216,432
2217,432
2218,432
2219,432
2220,432
2221,432
2222,432
2223,432
2224,432
2225,432
2226,432
2227,432
2228,432
2229,432
2230,432
2231,432
2232,432
2233,432
2234,432
2235,432
2236,432
2237,432
2238,432
2239,432
2240,432
2241,432
2242,432
2243,432
2244,432
2245,432
2246,432
2247,432
2248,432
2249,432
2250,432
2251,432
2252,432
2253,432
2254,432
2255,432
2256,432
2257,432
2258,432
2259,432
2260,432
2261,432
2262,432
2263,432
2264,432
2265,432
2266,432
2267,432
2268,432
2269,432
2270,432
2271,432
2272,432
2273,432
2274,432
2275,432
2276,432
2277,432
2278,432
2279,432
2280,432
2281,432
2282,432
2283,432
2284,432
2285,432
2286,432
2287,432
2288,432
2289,432
2290,432
2291,432
2292,432
2293,432
2294,432
2295,432
2296,432
2297,432
2298,432
2299,432
2300,432
2301,432
2302,432
2303,432
2304,432
2305,432
2306,432
2307,432
2308,432
2309,432
2310,432
2311,432
2312,432
2313,432
2314,432
2315,432
2316,432
2317,432
2318,432
2319,432
2320,432
2321,432
2322,432
2323,432
2324,432
2325,432
2326,432
2327,432
2328,432
2329,432
2330,432
2331,432
2332,432
2333,432
2334,432
2335,432
2336,432
2337,432
2338,432
2339,432
2340,432
2341,432
2342,432
2343,432
2344,432
2345,432
2346,432
2347,432
2348,432
2349,432
2350,432
2351,432
2352,432
2353,432
2354,432
2355,432
2356,432
2357,432
2358,432
2359,432
2360,432
2361,432
2362,432
2363,432
2364,432
2365,432
2366,432
2367,432
2368,432
2369,432
2370,432
2371,432
2372,432
2373,432
2374,432
2375,432
2376,432
2377,432
2378,432
2379,432
2380,432
2381,432
2382,432
2383,432
2384,432
2385,432
2386,432
2387,432
2388,432
2389,432
2390,432
2391,432
2392,432
2393,432
2394,432
2395,432
2396,432
2397,432
2398,432
2399,432
2400,432
2401,432
2402,432
2403,432
2404,432
2405,432
2406,432
2407,432
2408,432
2409,432
2410,432
2411,432
2412,432
2413,432
2414,432
2415,432
2416,432
2417,432
2418,432
2419,432
2420,432
2421,432
2422,432
2423,432
2424,432
2425,432
2426,432
2427,432
2428,432
2429,432
2430,432
2431,432
2432,432
2433,432
2434,432
2435,432
2436,432
2437,432
2438,432
2439,432
2440,432
2441,432
2442,432
2443,432
2444,432
2445,432
2446,432
2447,432
2448,432
2449,432
2450,432
2451,432
2452,432
2453,432
2454,432
2455,432
2456,432
2457,432
2458,432
2459,432
2460,432
2461,432
2462,432
2463,432
2464,432
2465,432
2466,432
2467,432
2468,432
2469,432
2470,432
2471,432
2472,432
2473,432
2474,432
2475,432
2476,432
2477,432
2478,432
2479,432
2480,432
2481,432
2482,432
2483,432
2484,432
2485,432
2486,432
2487,432
2488,432
2489,432
2490,432
2491,432
2492,432
2493,432
2494,432
2495,432
2496,432
2497,432
2498,432
2499,432
2500,432
2501,432
2502,432
2503,432
2504,432
2505,432
2506,432
2507,432
2508,432
2509,432
2510,432
2511,432
2512,432
2513,432
2514,432
2515,432
2516,432
2517,432
2518,432
2519,432
2520,432
2521,432
2522,432
2523,432
2524,432
2525,432
2526,432
2527,432
2528,432
2529,432
2530,432
2531,432
2532,432
2533,432
2534,432
2535,432
2536,432
2537,432
2538,432
2539,432
2540,432
2541,432
2542,432
2543,432
2544,432
2545,432
2546,432
2547,432
2548,432
2549,432
2550,432
2551,432
2552,432
2553,432
2554,432
2555,432
2556,432
2557,432
2558,432
2559,432
2560,432
2561,432
2562,432
2563,432
2564,432
2565,432
2566,432
2567,432
2568,432
2569,432
2570,432
2571,432
2572,432
2573,432
2574,432
2575,432
2576,432
2577,432
2578,432
2579,432
2580,432
2581,432
2582,432
2583,432
2584,432
2585,432
2586,432
2587,432
2588,432
2589,432
2590,432
2591,432
2592,432
2593,432
2594,432
2595,432
2596,432
2597,432
2598,432
2599,432
2600,432
2601,432
2602,432
2603,432
2604,432
2605,432
2606,432
2607,432
2608,432
2609,432
2610,432
2611,432
2612,432
2613,432
2614,432
2615,432
2616,432
2617,432
2618,432
2619,432
2620,432
2621,432
2622,432
2623,432
2624,432
2625,432
2626,432
2627,432
2628,432
2629,432
2630,432
2631,432
2632,432
2633,432
2634,432
2635,432
2636,432
2637,432
2638,432
2639,432
2640,432
2641,432
2642,432
2643,432
2644,432
2645,432
2646,432
2647,432
2648,432
2649,432
2650,432
2651,432
2652,432
2653,432
2654,432
2655,432
2656,432
2657,432
2658,432
2659,432
2660,432
2661,432
2662,432
2663,432
2664,432
2665,432
2666,432
2667,432
2668,432
2669,432
2670,432
2671,432
2672,432
2673,432
2674,432
2675,432
2676,432
2677,432
2678,432
2679,432
2680,432
2681,432
2682,432
2683,432
2684,432
2685,432
2686,432
2687,432
2688,432
2689,432
2690,432
2691,432
2692,432
2693,432
2694,432
2695,432
2696,432
2697,432
2698,432
2699,432
2700,432
2701,432
2702,432
2703,432
2704,432
2705,432
2706,432
2707,432
2708,432
2709,432
2710,432
2711,432
2712,432
2713,432
2714,432
2715,432
2716,432
2717,432
2718,432
2719,432
2720,432
2721,432
2722,432
2723,432
2724,432
2725,432
2726,432
2727,432
2728,432
2729,432
2730,432
2731,432
2732,432
2733,432
2734,432
2735,432
2736,432
2737,432
2738,432
2739,432
2740,432
2741,432
2742,432
2743,432
2744,432
2745,432
2746,432
2747,432
2748,432
2749,432
2750,432
2751,432
2752,432
2753,432
2754,432
2755,432
2756,432
2757,432
2758,432
2759,432
2760,432
2761,432
2762,432
2763,432
2764,432
2765,432
2766,432
2767,432
2768,432
2769,432
2770,432
2771,432
2772,432
2773,432
2774,432
2775,432
2776,432
2777,432
2778,432
2779,432
2780,432
2781,432
2782,432
2783,432
2784,432
2785,432
2786,432
2787,432
2788,432
2789,432
2790,432
2791,432
2792,432
2793,432
2794,432
2795,432
2796,432
2797,432
2798,432
2799,432
2800,432
2801,432
2802,432
2803,432
2804,432
2805,432
2806,432
2807,432
2808,432
2809,432
2810,432
2811,432
2812,432
2813,432
2814,432
2815,432
2816,432
2817,432
2818,432
2819,432
2820,432
2821,432
2822,432
2823,432
2824,432
2825,432
2826,432
2827,432
2828,432
2829,432
2830,432
2831,432
2832,432
2833,432
2834,432
2835,432
2836,432
2837,432
2838,432
2839,432
2840,432
2841,432
2842,432
2843,432
2844,432
2845,432
2846,432
2847,432
2848,432
2849,432
2850,432
2851,432
2852,432
2853,432
2854,432
2855,432
2856,432
2857,432
2858,432
2859,432
2860,432
2861,432
2862,432
2863,432
2864,432
2865,432
2866,432
2867,432
2868,432
2869,432
2870,432
2871,432
2872,432
2873,432
2874,432
2875,432
2876,432
2877,432
2878,432
2879,432
2880,432
2881,432
2882,432
2883,432
2884,432
2885,432
2886,432
2887,432
2888,432
2889,432
2890,432
2891,432
2892,432
2893,432
2894,432
2895,432
2896,432
2897,432
2898,432
2899,432
2900,432
2901,432
2902,432
2903,432
2904,432
2905,432
2906,432
2907,432
2908,432
2909,432
2910,432
2911,432
2912,432
2913,432
2914,432
2915,432
2916,432
2917,432
2918,432
2919,432
2920,432
2921,432
2922,432
2923,432
2924,432
2925,432
2926,432
2927,432
2928,432
2929,432
2930,432
2931,432
2932,432
2933,432
2934,432
2935,432
2936,432
2937,432
2938,432
2939,432
2940,432
2941,432
2942,432
2943,432
2944,432
2945,432
2946,432
2947,432
2948,432
2949,432
2950,432
2951,432
2952,432
2953,432
2954,432
2955,432
2956,432
2957,432
2958,432
2959,432
2960,432
2961,432
2962,432
2963,432
2964,432
2965,432
2966,432
2967,432
2968,432
2969,432
2970,432
2971,432
2972,432
2973,432
2974,432
2975,432
2976,432
2977,432
2978,432
2979,432
2980,432
2981,432
2982,432
2983,432
2984,432
2985,432
2986,432
2987,432
2988,432
2989,432
2990,432
2991,432
2992,432
2993,432
2994,432
2995,432
2996,432
2997,432
2998,432
2999,432
3000,432
3001,432
3002,432
3003,432
3004,432
3005,432
3006,432
3007,432
3008,432
3009,432
3010,432
3011,432
3012,432
3013,432
3014,432
3015,432
3016,432
3017,432
3018,432
3019,432
3020,432
3021,432
3022,432
3023,432
3024,432
3025,432
3026,432
3027,432
3028,432
3029,432
3030,432
3031,432
3032,432
3033,432
3034,432
3035,432
3036,432
3037,432
3038,432
3039,432
3040,432
3041,432
3042,432
3043,432
3044,432
3045,432
3046,432
3047,432
3048,432
3049,432
3050,432
3051,432
3052,432
3053,432
3054,432
3055,432
3056,432
3057,432
3058,432
3059,432
3060,432
3061,432
3062,432
3063,432
3064,432
3065,432
3066,432
3067,432
3068,432
3069,432
3070,432
3071,432
3072,432
3073,432
3074,432
3075,432
3076,432
3077,432
3078,432
3079,432
3080,432
3081,432
3082,432
3083,432
3084,432
3085,432
3086,432
3087,432
3088,432
3089,432
3090,432
3091,432
3092,432
3093,432
3094,432
3095,432
3096,432
3097,432
3098,432
3099,432
3100,432
3101,432
3102,432
3103,432
3104,432
3105,432
3106,432
3107,432
3108,432
3109,432
3110,432
3111,432
3112,432
3113,432
3114,432
3115,432
3116,432
3117,432
3118,432
3119,432
3120,432
3121,432
3122,432
3123,432
3124,432
3125,432
3126,432
3127,432
3128,432
3129,432
3130,432
3131,432
3132,432
3133,432
3134,432
3135,432
3136,432
3137,432
3138,432
3139,432
3140,432
3141,432
3142,432
3143,432
3144,432
3145,432
3146,432
3147,432
3148,432
3149,432
3150,432
3151,432
3152,432
3153,432
3154,432
3155,432
3156,432
3157,432
3158,432
3159,432
3160,432
3161,432
3162,432
3163,432
3164,432
3165,432
3166,432
3167,432
3168,432
3169,432
3170,432
3171,432
3172,432
3173,432
3174,432
3175,432
3176,432
3177,432
3178,432
3179,432
3180,432
3181,432
3182,432
3183,432
3184,432
3185,432
3186,432
3187,432
3188,432
3189,432
3190,432
3191,432
3192,432
3193,432
3194,432
3195,432
3196,432
3197,432
3198,432
3199,432
3200,432
3201,432
3202,432
3203,432
3204,432
3205,432
3206,432
3207,432
3208,432
3209,432
3210,432
3211,432
3212,432
3213,432
3214,432
3215,432
3216,432
3217,432
3218,432
3219,432
3220,432
3221,432
3222,432
3223,432
3224,432
3225,432
3226,432
3227,432
3228,432
3229,432
3230,432
3231,432
3232,432
3233,432
3234,432
3235,432
3236,432
3237,432
3238,432
3239,432
3240,432
3241,432
3242,432
3243,432
3244,432
3245,432
3246,432
3247,432
3248,432
3249,432
3250,432
3251,432
3252,432
3253,432
3254,432
3255,432
3256,432
3257,432
3258,432
3259,432
3260,432
3261,432
3262,432
3263,432
3264,432
3265,432
3266,432
3267,432
3268,432
3269,432
3270,432
3271,432
3272,432
3273,432
3274,432
3275,432
3276,432
3277,432
3278,432
3279,432
3280,432
3281,432
3282,432
3283,432
3284,432
3285,432
3286,432
3287,432
3288,432
3289,432
3290,432
3291,432
3292,432
3293,432
3294,432
3295,432
3296,432
3297,432
3298,432
3299,432
3300,432
3301,432
3302,432
3303,432
3304,432
3305,432
3306,432
3307,432
3308,432
3309,432
3310,432
3311,432
3312,432
3313,432
3314,432
3315,432
3316,432
3317,432
3318,432
3319,432
3320,432
3321,432
3322,432
3323,432
3324,432
3325,432
3326,432
3327,432
3328,432
3329,432
3330,432
3331,432
3332,432
3333,432
3334,432
3335,432
3336,432
3337,432
3338,432
3339,432
3340,432
3341,432
3342,432
3343,432
3344,432
3345,432
3346,432
3347,432
3348,432
3349,432
3350,432
3351,432
3352,432
3353,432
3354,432
3355,432
3356,432
3357,432
3358,432
3359,432
3360,432
3361,432
3362,432
3363,432
3364,432
3365,432
3366,432
3367,432
3368,432
3369,432
3370,432
3371,432
3372,432
3373,432
3374,432
3375,432
3376,432
3377,432
3378,432
3379,432
3380,432
3381,432
3382,432
3383,432
3384,432
3385,432
3386,432
3387,432
3388,432
3389,432
3390,432
3391,432
3392,432
3393,432
3394,432
3395,432
3396,432
3397,432
3398,432
3399,432
3400,432
3401,432
3402,432
3403,432
3404,432
3405,432
3406,432
3407,432
3408,432
3409,432
3410,432
3411,432
3412,432
3413,432
3414,432
3415,432
3416,432
3417,432
3418,432
3419,432
3420,432
3421,432
3422,432
3423,432
3424,432
3425,432
3426,432
3427,432
3428,432
3429,432
3430,432
3431,432
3432,432
3433,432
3434,432
3435,432
3436,432
3437,432
3438,432
3439,432
3440,432
3441,432
3442,432
3443,432
3444,432
3445,432
3446,432
3447,432
3448,432
3449,432
3450,432
3451,432
3452,432
3453,432
3454,432
3455,432
3456,432
3457,432
3458,432
3459,432
3460,432
3461,432
3462,432
3463,432
3464,432
3465,432
3466,432
3467,432
3468,432
3469,432
3470,432
3471,432
3472,432
3473,432
3474,432
3475,432
3476,432
3477,432
3478,432
3479,432
3480,432
3481,432
3482,432
3483,432
3484,432
3485,432
3486,432
3487,432
3488,432
3489,432
3490,432
3491,432
3492,432
3493,432
3494,432
3495,432
3496,432
3497,432
3498,432
3499,432
3500,432
3501,432
3502,432
3503,432
3504,432
3505,432
3506,432
3507,432
3508,432
3509,432
3510,432
3511,432
3512,432
3513,432
3514,432
3515,432
3516,432
3517,432
3518,432
3519,432
3520,432
3521,432
3522,432
3523,432
3524,432
3525,432
3526,432
3527,432
3528,432
3529,432
3530,432
3531,432
3532,432
3533,432
3534,432
3535,432
3536,432
3537,432
3538,432
3539,432
3540,432
3541,432
3542,432
3543,432
3544,432
3545,432
3546,432
3547,432
3548,432
3549,432
3550,432
3551,432
3552,432
3553,432
3554,432
3555,432
3556,432
3557,432
3558,432
3559,432
3560,432
3561,432
3562,432
3563,432
3564,432
3565,432
3566,432
3567,432
3568,432
3569,432
3570,432
3571,432
3572,432
3573,432
3574,432
3575,432
3576,432
3577,432
3578,432
3579,432
3580,432
3581,432
3582,432
3583,432
3584,432
3585,432
3586,432
3587,432
3588,432
3589,432
3590,432
3591,432
3592,432
3593,432
3594,432
3595,432
3596,432
3597,432
3598,432
3599,432
3600,432
3601,432
3602,432
3603,432
3604,432
3605,432
3606,432
3607,432
3608,432
3609,432
3610,432
3611,432
3612,432
3613,432
3614,432
3615,432
3616,432
3617,432
3618,432
3619,432
3620,432
3621,432
3622,432
3623,432
3624,432
3625,432
3626,432
3627,432
3628,432
3629,432
3630,432
3631,432
3632,432
3633,432
3634,432
3635,432
3636,432
3637,432
3638,432
3639,432
3640,432
3641,432
3642,432
3643,432
3644,432
3645,432
3646,432
3647,432
3648,432
3649,432
3650,432
3651,432
3652,432
3653,432
3654,432
3655,432
3656,432
3657,432
3658,432
3659,432
3660,432
3661,432
3662,432
3663,432
3664,432
3665,432
3666,432
3667,432
3668,432
3669,432
3670,432
3671,432
3672,432
3673,432
3674,432
3675,432
3676,432
3677,432
3678,432
3679,432
3680,432
3681,432
3682,432
3683,432
3684,432
3685,432
3686,432
3687,432
3688,432
3689,432
3690,432
3691,432
3692,432
3693,432
3694,432
3695,432
3696,432
3697,432
3698,432
3699,432
3700,432
3701,432
3702,432
3703,432
3704,432
3705,432
3706,432
3707,432
3708,432
3709,432
3710,432
3711,432
3712,432
3713,432
3714,432
3715,432
3716,432
3717,432
3718,432
3719,432
3720,432
3721,432
3722,432
3723,432
3724,432
3725,432
3726,432
3727,432
3728,432
3729,432
3730,432
3731,432
3732,432
3733,432
3734,432
3735,432
3736,432
3737,432
3738,432
3739,432
3740,432
3741,432
3742,432
3743,432
3744,432
3745,432
3746,432
3747,432
3748,432
3749,432
3750,432
3751,432
3752,432
3753,432
3754,432
3755,432
3756,432
3757,432
3758,432
3759,432
3760,432
3761,432
3762,432
3763,432
3764,432
3765,432
3766,432
3767,432
3768,432
3769,432
3770,432
3771,432
3772,432
3773,432
3774,432
3775,432
3776,432
3777,432
3778,432
3779,432
3780,432
3781,432
3782,432
3783,432
3784,432
3785,432
3786,432
3787,432
3788,432
3789,432
3790,432
3791,432
3792,432
3793,432
3794,432
3795,432
3796,432
3797,432
3798,432
3799,432
3800,432
3801,432
3802,432
3803,432
3804,432
3805,432
3806,432
3807,432
3808,432
3809,432
3810,432
3811,432
3812,432
3813,432
3814,432
3815,432
3816,432
3817,432
3818,432
3819,432
3820,432
3821,432
3822,432
3823,432
3824,432
3825,432
3826,432
3827,432
3828,432
3829,432
3830,432
3831,432
3832,432
3833,432
3834,432
3835,432
3836,432
3837,432
3838,432
3839,432
3840,432
3841,432
3842,432
3843,432
3844,432
3845,432
3846,432
3847,432
3848,432
3849,432
3850,432
3851,432
3852,432
3853,432
3854,432
3855,432
3856,432
3857,432
3858,432
3859,432
3860,432
3861,432
3862,432
3863,432
3864,432
3865,432
3866,432
3867,432
3868,432
3869,432
3870,432
3871,432
3872,432
3873,432
3874,432
3875,432
3876,432
3877,432
3878,432
3879,432
3880,432
3881,432
3882,432
3883,432
3884,432
3885,432
3886,432
3887,432
3888,432
3889,432
3890,432
3891,432
3892,432
3893,432
3894,432
3895,432
3896,432
3897,432
3898,432
3899,432
3900,432
3901,432
3902,432
3903,432
3904,432
3905,432
3906,432
3907,432
3908,432
3909,432
3910,432
3911,432
3912,432
3913,432
3914,432
3915,432
3916,432
3917,432
3918,432
3919,432
3920,432
3921,432
3922,432
3923,432
3924,432
3925,432
3926,432
3927,432
3928,432
3929,432
3930,432
3931,432
3932,432
3933,432
3934,432
3935,432
3936,432
3937,432
3938,432
3939,432
3940,432
3941,432
3942,432
3943,432
3944,432
3945,432
3946,432
3947,432
3948,432
3949,432
3950,432
3951,432
3952,432
3953,432
3954,432
3955,432
3956,432
3957,432
3958,432
3959,432
3960,432
3961,432
3962,432
3963,432
3964,432
3965,432
3966,432
3967,432
3968,432
3969,432
3970,432
3971,432
3972,432
3973,432
3974,432
3975,432
3976,432
3977,432
3978,432
3979,432
3980,432
3981,432
3982,432
3983,432
3984,432
3985,432
3986,432
3987,432
3988,432
3989,432
3990,432
3991,432
3992,432
3993,432
3994,432
3995,432
3996,432
3997,432
3998,432
3999,432
4000,432
4001,432
4002,432
4003,432
4004,432
4005,432
4006,432
4007,432
4008,432
4009,432
4010,432
4011,432
4012,432
4013,432
4014,432
4015,432
4016,432
4017,432
4018,432
4019,432
4020,432
4021,432
4022,432
4023,432
4024,432
4025,432
4026,432
4027,432
4028,432
4029,432
4030,432
4031,432
4032,432
4033,432
4034,432
4035,432
4036,432
4037,432
4038,432
4039,432
4040,432
4041,432
4042,432
4043,432
4044,432
4045,432
4046,432
4047,432
4048,432
4049,432
4050,432
4051,432
4052,432
4053,432
4054,432
4055,432
4056,432
4057,432
4058,432
4059,432
4060,432
4061,432
4062,432
4063,432
4064,432
4065,432
4066,432
4067,432
4068,432
4069,432
4070,432
4071,432
4072,432
4073,432
4074,432
4075,432
4076,432
4077,432
4078,432
4079,432
4080,432
4081,432
4082,432
4083,432
4084,432
4085,432
4086,432
4087,432
4088,432
4089,432
4090,432
4091,432
4092,432
4093,432
4094,432
4095,432
4096,432
4097,432
4098,432
4099,432
4100,432
4101,432
4102,432
4103,432
4104,432
4105,432
4106,432
4107,432
4108,432
4109,432
4110,432
4111,432
4112,432
4113,432
4114,432
4115,432
4116,432
4117,432
4118,432
4119,432
4120,432
4121,432
4122,432
4123,432
4124,432
4125,432
4126,432
4127,432
4128,432
4129,432
4130,432
4131,432
4132,432
4133,432
4134,432
4135,432
4136,432
4137,432
4138,432
4139,432
4140,432
4141,432
4142,432
4143,432
4144,432
4145,432
4146,432
4147,432
4148,432
4149,432
4150,432
4151,432
4152,432
4153,432
4154,432
4155,432
4156,432
4157,432
4158,432
4159,432
4160,432
4161,432
4162,432
4163,432
4164,432
4165,432
4166,432
4167,432
4168,432
4169,432
4170,432
4171,432
4172,432
4173,432
4174,432
4175,432
4176,432
4177,432
4178,432
4179,432
4180,432
4181,432
4182,432
4183,432
4184,432
4185,432
4186,432
4187,432
4188,432
4189,432
4190,432
4191,432
4192,432
4193,432
4194,432
4195,432
4196,432
4197,432
4198,432
4199,432
4200,432
4201,432
4202,432
4203,432
4204,432
4205,432
4206,432
4207,432
4208,432
4209,432
4210,432
4211,432
4212,432
4213,432
4214,432
4215,432
4216,432
4217,432
4218,432
4219,432
4220,432
4221,432
4222,432
4223,432
4224,432
4225,432
4226,432
4227,432
4228,432
4229,432
4230,432
4231,432
4232,432
4233,432
4234,432
4235,432
4236,432
4237,432
4238,432
4239,432
4240,432
4241,432
4242,432
4243,432
4244,432
4245,432
4246,432
4247,432
4248,432
4249,432
4250,432
4251,432
4252,432
4253,432
4254,432
4255,432
4256,432
4257,432
4258,432
4259,432
4260,432
4261,432
4262,432
4263,432
4264,432
4265,432
4266,432
4267,432
4268,432
4269,432
4270,432
4271,432
4272,432
4273,432
4274,432
4275,432
4276,432
4277,432
4278,432
4279,432
4280,432
4281,432
4282,432
4283,432
4284,432
4285,432
4286,432
4287,432
4288,432
4289,432
4290,432
4291,432
4292,432
4293,432
4294,432
4295,432
4296,432
4297,432
4298,432
4299,432
4300,432
4301,432
4302,432
4303,432
4304,432
4305,432
4306,432
4307,432
4308,432
4309,432
4310,432
4311,432
4312,432
4313,432
4314,432
4315,432
4316,432
4317,432
4318,432
4319,432
4320,432
4321,432
4322,432
4323,432
4324,432
4325,432
4326,432
4327,432
4328,432
4329,432
4330,432
4331,432
4332,432
4333,432
4334,432
4335,432
4336,432
4337,432
4338,432
4339,432
4340,432
4341,432
4342,432
4343,432
4344,432
4345,432
4346,432
4347,432
4348,432
4349,432
4350,432
4351,432
4352,432
4353,432
4354,432
4355,432
4356,432
4357,432
4358,432
4359,432
4360,432
4361,432
4362,432
4363,432
4364,432
4365,432
4366,432
4367,432
4368,432
4369,432
4370,432
4371,432
4372,432
4373,432
4374,432
4375,432
4376,432
4377,432
4378,432
4379,432
4380,432
4381,432
4382,432
4383,432
4384,432
4385,432
4386,432
4387,432
4388,432
4389,432
4390,432
4391,432
4392,432
4393,432
4394,432
4395,432
4396,432
4397,432
4398,432
4399,432
4400,432
4401,432
4402,432
4403,432
4404,432
4405,432
4406,432
4407,432
4408,432
4409,432
4410,432
4411,432
4412,432
4413,432
4414,432
4415,432
4416,432
4417,432
4418,432
4419,432
4420,432
4421,432
4422,432
4423,432
4424,432
4425,432
4426,432
4427,432
4428,432
4429,432
4430,432
4431,432
4432,432
4433,432
4434,432
4435,432
4436,432
4437,432
4438,432
4439,432
4440,432
4441,432
4442,432
4443,432
4444,432
4445,432
4446,432
4447,432
4448,432
4449,432
4450,432
4451,432
4452,432
4453,432
4454,432
4455,432
4456,432
4457,432
4458,432
4459,432
4460,432
4461,432
4462,432
4463,432
4464,432
4465,432
4466,432
4467,432
4468,432
4469,432
4470,432
4471,432
4472,432
4473,432
4474,432
4475,432
4476,432
4477,432
4478,432
4479,432
4480,432
4481,432
4482,432
4483,432
4484,432
4485,432
4486,432
4487,432
4488,432
4489,432
4490,432
4491,432
4492,432
4493,432
4494,432
4495,432
4496,432
4497,432
4498,432
4499,432
4500,432
4501,432
4502,432
4503,432
4504,432
4505,432
4506,432
4507,432
4508,432
4509,432
4510,432
4511,432
4512,432
4513,432
4514,432
4515,432
4516,432
4517,432
4518,432
4519,432
4520,432
4521,432
4522,432
4523,432
4524,432
4525,432
4526,432
4527,432
4528,432
4529,432
4530,432
4531,432
4532,432
4533,432
4534,432
4535,432
4536,432
4537,432
4538,432
4539,432
4540,432
4541,432
4542,432
4543,432
4544,432
4545,432
4546,432
4547,432
4548,432
4549,432
4550,432
4551,432
4552,432
4553,432
4554,432
4555,432
4556,432
4557,432
4558,432
4559,432
4560,432
4561,432
4562,432
4563,432
4564,432
4565,432
4566,432
4567,432
4568,432
4569,432
4570,432
4571,432
4572,432
4573,432
4574,432
4575,432
4576,432
4577,432
4578,432
4579,432
4580,432
4581,432
4582,432
4583,432
4584,432
4585,432
4586,432
4587,432
4588,432
4589,432
4590,432
4591,432
4592,432
4593,432
4594,432
4595,432
4596,432
4597,432
4598,432
4599,432
4600,432
4601,432
4602,432
4603,432
4604,432
4605,432
4606,432
4607,432
4608,432
4609,432
4610,432
4611,432
4612,432
4613,432
4614,432
4615,432
4616,432
4617,432
4618,432
4619,432
4620,432
4621,432
4622,432
4623,432
4624,432
4625,432
4626,432
4627,432
4628,432
4629,432
4630,432
4631,432
4632,432
4633,432
4634,432
4635,432
4636,432
4637,432
4638,432
4639,432
4640,432
4641,432
4642,432
4643,432
4644,432
4645,432
4646,432
4647,432
4648,432
4649,432
4650,432
4651,432
4652,432
4653,432
4654,432
4655,432
4656,432
4657,432
4658,432
4659,432
4660,432
4661,432
4662,432
4663,432
4664,432
4665,432
4666,432
4667,432
4668,432
4669,432
4670,432
4671,432
4672,432
4673,432
4674,432
4675,432
4676,432
4677,432
4678,432
4679,432
4680,432
4681,432
4682,432
4683,432
4684,432
4685,432
4686,432
4687,432
4688,432
4689,432
4690,432
4691,432
4692,432
4693,432
4694,432
4695,432
4696,432
4697,432
4698,432
4699,432
4700,432
4701,432
4702,432
4703,432
4704,432
4705,432
4706,432
4707,432
4708,432
4709,432
4710,432
4711,432
4712,432
4713,432
4714,432
4715,432
4716,432
4717,432
4718,432
4719,432
4720,432
4721,432
4722,432
4723,432
4724,432
4725,432
4726,432
4727,432
4728,432
4729,432
4730,432
4731,432
4732,432
4733,432
4734,432
4735,432
4736,432
4737,432
4738,432
4739,432
4740,432
4741,432
4742,432
4743,432
4744,432
4745,432
4746,432
4747,432
4748,432
4749,432
4750,432
4751,432
4752,432
4753,432
4754,432
4755,432
4756,432
4757,432
4758,432
4759,432
4760,432
4761,432
4762,432
4763,432
4764,432
4765,432
4766,432
4767,432
4768,432
4769,432
4770,432
4771,432
4772,432
4773,432
4774,432
4775,432
4776,432
4777,432
4778,432
4779,432
4780,432
4781,432
4782,432
4783,432
4784,432
4785,432
4786,432
4787,432
4788,432
4789,432
4790,432
4791,432
4792,432
4793,432
4794,432
4795,432
4796,432
4797,432
4798,432
4799,432
4800,432
4801,432
4802,432
4803,432
4804,432
4805,432
4806,432
4807,432
4808,432
4809,432
4810,432
4811,432
4812,432
4813,432
4814,432
4815,432
4816,432
4817,432
4818,432
4819,432
4820,432
4821,432
4822,432
4823,432
4824,432
4825,432
4826,432
4827,432
4828,432
4829,432
4830,432
4831,432
4832,432
4833,432
4834,432
4835,432
4836,432
4837,432
4838,432
4839,432
4840,432
4841,432
4842,432
4843,432
4844,432
4845,432
4846,432
4847,432
4848,432
4849,432
4850,432
4851,432
4852,432
4853,432
4854,432
4855,432
4856,432
4857,432
4858,432
4859,432
4860,432
4861,432
4862,432
4863,432
4864,432
4865,432
4866,432
4867,432
4868,432
4869,432
4870,432
4871,432
4872,432
4873,432
4874,432
4875,432
4876,432
4877,432
4878,432
4879,432
4880,432
4881,432
4882,432
4883,432
4884,432
4885,432
4886,432
4887,432
4888,432
4889,432
4890,432
4891,432
4892,432
4893,432
4894,432
4895,432
4896,432
4897,432
4898,432
4899,432
4900,432
4901,432
4902,432
4903,432
4904,432
4905,432
4906,432
4907,432
4908,432
4909,432
4910,432
4911,432
4912,432
4913,432
4914,432
4915,432
4916,432
4917,432
4918,432
4919,432
4920,432
4921,432
4922,432
4923,432
4924,432
4925,432
4926,432
4927,432
4928,432
4929,432
4930,432
4931,432
4932,432
4933,432
4934,432
4935,432
4936,432
4937,432
4938,432
4939,432
4940,432
4941,432
4942,432
4943,432
4944,432
4945,432
4946,432
4947,432
4948,432
4949,432
4950,432
4951,432
4952,432
4953,432
4954,432
4955,432
4956,432
4957,432
4958,432
4959,432
4960,432
4961,432
4962,432
4963,432
4964,432
4965,432
4966,432
4967,432
4968,432
4969,432
4970,432
4971,432
4972,432
4973,432
4974,432
4975,432
4976,432
4977,432
4978,432
4979,432
4980,432
4981,432
4982,432
4983,432
4984,432
4985,432
4986,432
4987,432
4988,432
4989,432
4990,432
4991,432
4992,432
4993,432
4994,432
4995,432
4996,432
4997,432
4998,432
4999,432
5000,432
5001,432
5002,432
5003,432
5004,432
5005,432
5006,432
5007,432
5008,432
5009,432
5010,432
5011,432
5012,432
5013,432
5014,432
5015,432
5016,432
5017,432
5018,432
5019,432
5020,432
5021,432
5022,432
5023,432
5024,432
5025,432
5026,432
5027,432
5028,432
5029,432
5030,432
5031,432
5032,432
5033,432
5034,432
5035,432
5036,432
5037,432
5038,432
5039,432
5040,432
5041,432
5042,432
5043,432
5044,432
5045,432
5046,432
5047,432
5048,432
5049,432
5050,432
5051,432
5052,432
5053,432
5054,432
5055,432
5056,432
5057,432
5058,432
5059,432
5060,432
5061,432
5062,432
5063,432
5064,432
5065,432
5066,432
5067,432
5068,432
5069,432
5070,432
5071,432
5072,432
5073,432
5074,432
5075,432
5076,432
5077,432
5078,432
5079,432
5080,432
5081,432
5082,432
5083,432
5084,432
5085,432
5086,432
5087,432
5088,432
5089,432
5090,432
5091,432
5092,432
5093,432
5094,432
5095,432
5096,432
5097,432
5098,432
5099,432
5100,432
5101,432
5102,432
5103,432
5104,432
5105,432
5106,432
5107,432
5108,432
5109,432
5110,432
5111,432
5112,432
5113,432
5114,432
5115,432
5116,432
5117,432
5118,432
5119,432
5120,432
5121,432
5122,432
5123,432
5124,432
5125,432
5126,432
5127,432
5128,432
5129,432
5130,432
5131,432
5132,432
5133,432
5134,432
5135,432
5136,432
5137,432
5138,432
5139,432
5140,432
5141,432
5142,432
5143,432
5144,432
5145,432
5146,432
5147,432
5148,432
5149,432
5150,432
5151,432
5152,432
5153,432
5154,432
5155,432
5156,432
5157,432
5158,432
5159,432
5160,432
5161,432
5162,432
5163,432
5164,432
5165,432
5166,432
5167,432
5168,432
5169,432
5170,432
5171,432
5172,432
5173,432
5174,432
5175,432
5176,432
5177,432
5178,432
5179,432
5180,432
5181,432
5182,432
5183,432
5184,432
5185,432
5186,432
5187,432
5188,432
5189,432
5190,432
5191,432
5192,432
5193,432
5194,432
5195,432
5196,432
5197,432
5198,432
5199,432
5200,432
5201,432
5202,432
5203,432
5204,432
5205,432
5206,432
5207,432
5208,432
5209,432
5210,432
5211,432
5212,432
5213,432
5214,432
5215,432
5216,432
5217,432
5218,432
5219,432
5220,432
5221,432
5222,432
5223,432
5224,432
5225,432
5226,432
5227,432
5228,432
5229,432
5230,432
5231,432
5232,432
5233,432
5234,432
5235,432
5236,432
5237,432
5238,432
5239,432
5240,432
5241,432
5242,432
5243,432
5244,432
5245,432
5246,432
5247,432
5248,432
5249,432
5250,432
5251,432
5252,432
5253,432
5254,432
5255,432
5256,432
5257,432
5258,432
5259,432
5260,432
5261,432
5262,432
5263,432
5264,432
5265,432
5266,432
5267,432
5268,432
5269,432
5270,432
5271,432
5272,432
5273,432
5274,432
5275,432
5276,432
5277,432
5278,432
5279,432
5280,432
5281,432
5282,432
5283,432
5284,432
5285,432
5286,432
5287,432
5288,432
5289,432
5290,432
5291,432
5292,432
5293,432
5294,432
5295,432
5296,432
5297,432
5298,432
5299,432
5300,432
5301,432
5302,432
5303,432
5304,432
5305,432
5306,432
5307,432
5308,432
5309,432
5310,432
5311,432
5312,432
5313,432
5314,432
5315,432
5316,432
5317,432
5318,432
5319,432
5320,432
5321,432
5322,432
5323,432
5324,432
5325,432
5326,432
5327,432
5328,432
5329,432
5330,432
5331,432
5332,432
5333,432
5334,432
5335,432
5336,432
5337,432
5338,432
5339,432
5340,432
5341,432
5342,432
5343,432
5344,432
5345,432
5346,432
5347,432
5348,432
5349,432
5350,432
5351,432
5352,432
5353,432
5354,432
5355,432
5356,432
5357,432
5358,432
5359,432
5360,432
5361,432
5362,432
5363,432
5364,432
5365,432
5366,432
5367,432
5368,432
5369,432
5370,432
5371,432
5372,432
5373,432
5374,432
5375,432
5376,432
5377,432
5378,432
5379,432
5380,432
5381,432
5382,432
5383,432
5384,432
5385,432
5386,432
5387,432
5388,432
5389,432
5390,432
5391,432
5392,432
5393,432
5394,432
5395,432
5396,432
5397,432
5398,432
5399,432
5400,432
5401,432
5402,432
5403,432
5404,432
5405,432
5406,432
5407,432
5408,432
5409,432
5410,432
5411,432
5412,432
5413,432
5414,432
5415,432
5416,432
5417,432
5418,432
5419,432
5420,432
5421,432
5422,432
5423,432
5424,432
5425,432
5426,432
5427,432
5428,432
5429,432
5430,432
5431,432
5432,432
5433,432
5434,432
5435,432
5436,432
5437,432
5438,432
5439,432
5440,432
5441,432
5442,432
5443,432
5444,432
5445,432
5446,432
5447,432
5448,432
5449,432
5450,432
5451,432
5452,432
5453,432
5454,432
5455,432
5456,432
5457,432
5458,432
5459,432
5460,432
5461,432
5462,432
5463,432
5464,432
5465,432
5466,432
5467,432
5468,432
5469,432
5470,432
5471,432
5472,432
5473,432
5474,432
5475,432
5476,432
5477,432
5478,432
5479,432
5480,432
5481,432
5482,432
5483,432
5484,432
5485,432
5486,432
5487,432
5488,432
5489,432
5490,432
5491,432
5492,432
5493,432
5494,432
5495,432
5496,432
5497,432
5498,432
5499,432
5500,432
5501,432
5502,432
5503,432
5504,432
5505,432
5506,432
5507,432
5508,432
5509,432
5510,432
5511,432
5512,432
5513,432
5514,432
5515,432
5516,432
5517,432
5518,432
5519,432
5520,432
5521,432
5522,432
5523,432
5524,432
5525,432
5526,432
5527,432
5528,432
5529,432
5530,432
5531,432
5532,432
5533,432
5534,432
5535,432
5536,432
5537,432
5538,432
5539,432
5540,432
5541,432
5542,432
5543,432
5544,432
5545,432
5546,432
5547,432
5548,432
5549,432
5550,432
5551,432
5552,432
5553,432
5554,432
5555,432
5556,432
5557,432
5558,432
5559,432
5560,432
5561,432
5562,432
5563,432
5564,432
5565,432
5566,432
5567,432
5568,432
5569,432
5570,432
5571,432
5572,432
5573,432
5574,432
5575,432
5576,432
5577,432
5578,432
5579,432
5580,432
5581,432
5582,432
5583,432
5584,432
5585,432
5586,432
5587,432
5588,432
5589,432
5590,432
5591,432
5592,432
5593,432
5594,432
5595,432
5596,432
5597,432
5598,432
5599,432
5600,432
5601,432
5602,432
5603,432
5604,432
5605,432
5606,432
5607,432
5608,432
5609,432
5610,432
5611,432
5612,432
5613,432
5614,432
5615,432
5616,432
5617,432
5618,432
5619,432
5620,432
5621,432
5622,432
5623,432
5624,432
5625,432
5626,432
5627,432
5628,432
5629,432
5630,432
5631,432
5632,432
5633,432
5634,432
5635,432
5636,432
5637,432
5638,432
5639,432
5640,432
5641,432
5642,432
5643,432
5644,432
5645,432
5646,432
5647,432
5648,432
5649,432
5650,432
5651,432
5652,432
5653,432
5654,432
5655,432
5656,432
5657,432
5658,432
5659,432
5660,432
5661,432
5662,432
5663,432
5664,432
5665,432
5666,432
5667,432
5668,432
5669,432
5670,432
5671,432
5672,432
5673,432
5674,432
5675,432
5676,432
5677,432
5678,432
5679,432
5680,432
5681,432
5682,432
5683,432
5684,432
5685,432
5686,432
5687,432
5688,432
5689,432
5690,432
5691,432
5692,432
5693,432
5694,432
5695,432
5696,432
5697,432
5698,432
5699,432
5700,432
5701,432
5702,432
5703,432
5704,432
5705,432
5706,432
5707,432
5708,432
5709,432
5710,432
5711,432
5712,432
5713,432
5714,432
5715,432
5716,432
5717,432
5718,432
5719,432
5720,432
5721,432
5722,432
5723,432
5724,432
5725,432
5726,432
5727,432
5728,432
5729,432
5730,432
5731,432
5732,432
5733,432
5734,432
5735,432
5736,432
5737,432
5738,432
5739,432
5740,432
5741,432
5742,432
5743,432
5744,432
5745,432
5746,432
5747,432
5748,432
5749,432
5750,432
5751,432
5752,432
5753,432
5754,432
5755,432
5756,432
5757,432
5758,432
5759,432
5760,432
5761,432
5762,432
5763,432
5764,432
5765,432
5766,432
5767,432
5768,432
5769,432
5770,432
5771,432
5772,432
5773,432
5774,432
5775,432
5776,432
5777,432
5778,432
5779,432
5780,432
5781,432
5782,432
5783,432
5784,432
5785,432
5786,432
5787,432
5788,432
5789,432
5790,432
5791,432
5792,432
5793,432
5794,432
5795,432
5796,432
5797,432
5798,432
5799,432
5800,432
5801,432
5802,432
5803,432
5804,432
5805,432
5806,432
5807,432
5808,432
5809,432
5810,432
5811,432
5812,432
5813,432
5814,432
5815,432
5816,432
5817,432
5818,432
5819,432
5820,432
5821,432
5822,432
5823,432
5824,432
5825,432
5826,432
5827,432
5828,432
5829,432
5830,432
5831,432
5832,432
5833,432
5834,432
5835,432
5836,432
5837,432
5838,432
5839,432
5840,432
5841,432
5842,432
5843,432
5844,432
5845,432
5846,432
5847,432
5848,432
5849,432
5850,432
5851,432
5852,432
5853,432
5854,432
5855,432
5856,432
5857,432
5858,432
5859,432
5860,432
5861,432
5862,432
5863,432
5864,432
5865,432
5866,432
5867,432
5868,432
5869,432
5870,432
5871,432
5872,432
5873,432
5874,432
5875,432
5876,432
5877,432
5878,432
5879,432
5880,432
5881,432
5882,432
5883,432
5884,432
5885,432
5886,432
5887,432
5888,432
5889,432
5890,432
5891,432
5892,432
5893,432
5894,432
5895,432
5896,432
5897,432
5898,432
5899,432
5900,432
5901,432
5902,432
5903,432
5904,432
5905,432
5906,432
5907,432
5908,432
5909,432
5910,432
5911,432
5912,432
5913,432
5914,432
5915,432
5916,432
5917,432
5918,432
5919,432
5920,432
5921,432
5922,432
5923,432
5924,432
5925,432
5926,432
5927,432
5928,432
5929,432
5930,432
5931,432
5932,432
5933,432
5934,432
5935,432
5936,432
5937,432
5938,432
5939,432
5940,432
5941,432
5942,432
5943,432
5944,432
5945,432
5946,432
5947,432
5948,432
5949,432
5950,432
5951,432
5952,432
5953,432
5954,432
5955,432
5956,432
5957,432
5958,432
5959,432
5960,432
5961,432
5962,432
5963,432
5964,432
5965,432
5966,432
5967,432
5968,432
5969,432
5970,432
5971,432
5972,432
5973,432
5974,432
5975,432
5976,432
5977,432
5978,432
5979,432
5980,432
5981,432
5982,432
5983,432
5984,432
5985,432
5986,432
5987,432
5988,432
5989,432
5990,432
5991,432
5992,432
5993,432
5994,432
5995,432
5996,432
5997,432
5998,432
5999,432
6000,432
6001,432
6002,432
6003,432
6004,432
6005,432
6006,432
6007,432
6008,432
6009,432
6010,432
6011,432
6012,432
6013,432
6014,432
6015,432
6016,432
6017,432
6018,432
6019,432
6020,432
6021,432
6022,432
6023,432
6024,432
6025,432
6026,432
6027,432
6028,432
6029,432
6030,432
6031,432
6032,432
6033,432
6034,432
6035,432
6036,432
6037,432
6038,432
6039,432
6040,432
6041,432
6042,432
6043,432
6044,432
6045,432
6046,432
6047,432
6048,432
6049,432
6050,432
6051,432
6052,432
6053,432
6054,432
6055,432
6056,432
6057,432
6058,432
6059,432
6060,432
6061,432
6062,432
6063,432
6064,432
6065,432
6066,432
6067,432
6068,432
6069,432
6070,432
6071,432
6072,432
6073,432
6074,432
6075,432
6076,432
6077,432
6078,432
6079,432
6080,432
6081,432
6082,432
6083,432
6084,432
6085,432
6086,432
6087,432
6088,432
6089,432
6090,432
6091,432
6092,432
6093,432
6094,432
6095,432
6096,432
6097,432
6098,432
6099,432
6100,432
6101,432
6102,432
6103,432
6104,432
6105,432
6106,432
6107,432
6108,432
6109,432
6110,432
6111,432
6112,432
6113,432
6114,432
6115,432
6116,432
6117,432
6118,432
6119,432
6120,432
6121,432
6122,432
6123,432
6124,432
6125,432
6126,432
6127,432
6128,432
6129,432
6130,432
6131,432
6132,432
6133,432
6134,432
6135,432
6136,432
6137,432
6138,432
6139,432
6140,432
6141,432
6142,432
6143,432
6144,432
6145,432
6146,432
6147,432
6148,432
6149,432
6150,432
6151,432
6152,432
6153,432
6154,432
6155,432
6156,432
6157,432
6158,432
6159,432
6160,432
6161,432
6162,432
6163,432
6164,432
6165,432
6166,432
6167,432
6168,432
6169,432
6170,432
6171,432
6172,432
6173,432
6174,432
6175,432
6176,432
6177,432
6178,432
6179,432
6180,432
6181,432
6182,432
6183,432
6184,432
6185,432
6186,432
6187,432
6188,432
6189,432
6190,432
6191,432
6192,432
6193,432
6194,432
6195,432
6196,432
6197,432
6198,432
6199,432
6200,432
6201,432
6202,432
6203,432
6204,432
6205,432
6206,432
6207,432
6208,432
6209,432
6210,432
6211,432
6212,432
6213,432
6214,432
6215,432
6216,432
6217,432
6218,432
6219,432
6220,432
6221,432
6222,432
6223,432
6224,432
6225,432
6226,432
6227,432
6228,432
6229,432
6230,432
6231,432
6232,432
6233,432
6234,432
6235,432
6236,432
6237,432
6238,432
6239,432
6240,432
6241,432
6242,432
6243,432
6244,432
6245,432
6246,432
6247,432
6248,432
6249,432
6250,432
6251,432
6252,432
6253,432
6254,432
6255,432
6256,432
6257,432
6258,432
6259,432
6260,432
6261,432
6262,432
6263,432
6264,432
6265,432
6266,432
6267,432
6268,432
6269,432
6270,432
6271,432
6272,432
6273,432
6274,432
6275,432
6276,432
6277,432
6278,432
6279,432
6280,432
6281,432
6282,432
6283,432
6284,432
6285,432
6286,432
6287,432
6288,432
6289,432
6290,432
6291,432
6292,432
6293,432
6294,432
6295,432
6296,432
6297,432
6298,432
6299,432
6300,432
6301,432
6302,432
6303,432
6304,432
6305,432
6306,432
6307,432
6308,432
6309,432
6310,432
6311,432
6312,432
6313,432
6314,432
6315,432
6316,432
6317,432
6318,432
6319,432
6320,432
6321,432
6322,432
6323,432
6324,432
6325,432
6326,432
6327,432
6328,432
6329,432
6330,432
6331,432
6332,432
6333,432
6334,432
6335,432
6336,432
6337,432
6338,432
6339,432
6340,432
6341,432
6342,432
6343,432
6344,432
6345,432
6346,432
6347,432
6348,432
6349,432
6350,432
6351,432
6352,432
6353,432
6354,432
6355,432
6356,432
6357,432
6358,432
6359,432
6360,432
6361,432
6362,432
6363,432
6364,432
6365,432
6366,432
6367,432
6368,432
6369,432
6370,432
6371,432
6372,432
6373,432
6374,432
6375,432
6376,432
6377,432
6378,432
6379,432
6380,432
6381,432
6382,432
6383,432
6384,432
6385,432
6386,432
6387,432
6388,432
6389,432
6390,432
6391,432
6392,432
6393,432
6394,432
6395,432
6396,432
6397,432
6398,432
6399,432
6400,432
6401,432
6402,432
6403,432
6404,432
6405,432
6406,432
6407,432
6408,432
6409,432
6410,432
6411,432
6412,432
6413,432
6414,432
6415,432
6416,432
6417,432
6418,432
6419,432
6420,432
6421,432
6422,432
6423,432
6424,432
6425,432
6426,432
6427,432
6428,432
6429,432
6430,432
6431,432
6432,432
6433,432
6434,432
6435,432
6436,432
6437,432
6438,432
6439,432
6440,432
6441,432
6442,432
6443,432
6444,432
6445,432
6446,432
6447,432
6448,432
6449,432
6450,432
6451,432
6452,432
6453,432
6454,432
6455,432
6456,432
6457,432
6458,432
6459,432
6460,432
6461,432
6462,432
6463,432
6464,432
6465,432
6466,432
6467,432
6468,432
6469,432
6470,432
6471,432
6472,432
6473,432
6474,432
6475,432
6476,432
6477,432
6478,432
6479,432
6480,432
6481,432
6482,432
6483,432
6484,432
6485,432
6486,432
6487,432
6488,432
6489,432
6490,432
6491,432
6492,432
6493,432
6494,432
6495,432
6496,432
6497,432
6498,432
6499,432
6500,432
6501,432
6502,432
6503,432
6504,432
6505,432
6506,432
6507,432
6508,432
6509,432
6510,432
6511,432
6512,432
6513,432
6514,432
6515,432
6516,432
6517,432
6518,432
6519,432
6520,432
6521,432
6522,432
6523,432
6524,432
6525,432
6526,432
6527,432
6528,432
6529,432
6530,432
6531,432
6532,432
6533,432
6534,432
6535,432
6536,432
6537,432
6538,432
6539,432
6540,432
6541,432
6542,432
6543,432
6544,432
6545,432
6546,432
6547,432
6548,432
6549,432
6550,432
6551,432
6552,432
6553,432
6554,432
6555,432
6556,432
6557,432
6558,432
6559,432
6560,432
6561,432
6562,432
6563,432
6564,432
6565,432
6566,432
6567,432
6568,432
6569,432
6570,432
6571,432
6572,432
6573,432
6574,432
6575,432
6576,432
6577,432
6578,432
6579,432
6580,432
6581,432
6582,432
6583,432
6584,432
6585,432
6586,432
6587,432
6588,432
6589,432
6590,432
6591,432
6592,432
6593,432
6594,432
6595,432
6596,432
6597,432
6598,432
6599,432
6600,432
6601,432
6602,432
6603,432
6604,432
6605,432
6606,432
6607,432
6608,432
6609,432
6610,432
6611,432
6612,432
6613,432
6614,432
6615,432
6616,432
6617,432
6618,432
6619,432
6620,432
6621,432
6622,432
6623,432
6624,432
6625,432
6626,432
6627,432
6628,432
6629,432
6630,432
6631,432
6632,432
6633,432
6634,432
6635,432
6636,432
6637,432
6638,432
6639,432
6640,432
6641,432
6642,432
6643,432
6644,432
6645,432
6646,432
6647,432
6648,432
6649,432
6650,432
6651,432
6652,432
6653,432
6654,432
6655,432
6656,432
6657,432
6658,432
6659,432
6660,432
6661,432
6662,432
6663,432
6664,432
6665,432
6666,432
6667,432
6668,432
6669,432
6670,432
6671,432
6672,432
6673,432
6674,432
6675,432
6676,432
6677,432
6678,432
6679,432
6680,432
6681,432
6682,432
6683,432
6684,432
6685,432
6686,432
6687,432
6688,432
6689,432
6690,432
6691,432
6692,432
6693,432
6694,432
6695,432
6696,432
6697,432
6698,432
6699,432
6700,432
6701,432
6702,432
6703,432
6704,432
6705,432
6706,432
6707,432
6708,432
6709,432
6710,432
6711,432
6712,432
6713,432
6714,432
6715,432
6716,432
6717,432
6718,432
6719,432
6720,432
6721,432
6722,432
6723,432
6724,432
6725,432
6726,432
6727,432
6728,432
6729,432
6730,432
6731,432
6732,432
6733,432
6734,432
6735,432
6736,432
6737,432
6738,432
6739,432
6740,432
6741,432
6742,432
6743,432
6744,432
6745,432
6746,432
6747,432
6748,432
6749,432
6750,432
6751,432
6752,432
6753,432
6754,432
6755,432
6756,432
6757,432
6758,432
6759,432
6760,432
6761,432
6762,432
6763,432
6764,432
6765,432
6766,432
6767,432
6768,432
6769,432
6770,432
6771,432
6772,432
6773,432
6774,432
6775,432
6776,432
6777,432
6778,432
6779,432
6780,432
6781,432
6782,432
6783,432
6784,432
6785,432
6786,432
6787,432
6788,432
6789,432
6790,432
6791,432
6792,432
6793,432
6794,432
6795,432
6796,432
6797,432
6798,432
6799,432
6800,432
6801,432
6802,432
6803,432
6804,432
6805,432
6806,432
6807,432
6808,432
6809,432
6810,432
6811,432
6812,432
6813,432
6814,432
6815,432
6816,432
6817,432
6818,432
6819,432
6820,432
6821,432
6822,432
6823,432
6824,432
6825,432
6826,432
6827,432
6828,432
6829,432
6830,432
6831,432
6832,432
6833,432
6834,432
6835,432
6836,432
6837,432
6838,432
6839,432
6840,432
6841,432
6842,432
6843,432
6844,432
6845,432
6846,432
6847,432
6848,432
6849,432
6850,432
6851,432
6852,432
6853,432
6854,432
6855,432
6856,432
6857,432
6858,432
6859,432
6860,432
6861,432
6862,432
6863,432
6864,432
6865,432
6866,432
6867,432
6868,432
6869,432
6870,432
6871,432
6872,432
6873,432
6874,432
6875,432
6876,432
6877,432
6878,432
6879,432
6880,432
6881,432
6882,432
6883,432
6884,432
6885,432
6886,432
6887,432
6888,432
6889,432
6890,432
6891,432
6892,432
6893,432
6894,432
6895,432
6896,432
6897,432
6898,432
6899,432
6900,432
6901,432
6902,432
6903,432
6904,432
6905,432
6906,432
6907,432
6908,432
6909,432
6910,432
6911,432
6912,432
6913,432
6914,432
6915,432
6916,432
6917,432
6918,432
6919,432
6920,432
6921,432
6922,432
6923,432
6924,432
6925,432
6926,432
6927,432
6928,432
6929,432
6930,432
6931,432
6932,432
6933,432
6934,432
6935,432
6936,432
6937,432
6938,432
6939,432
6940,432
6941,432
6942,432
6943,432
6944,432
6945,432
6946,432
6947,432
6948,432
6949,432
6950,432
6951,432
6952,432
6953,432
6954,432
6955,432
6956,432
6957,432
6958,432
6959,432
6960,432
6961,432
6962,432
6963,432
6964,432
6965,432
6966,432
6967,432
6968,432
6969,432
6970,432
6971,432
6972,432
6973,432
6974,432
6975,432
6976,432
6977,432
6978,432
6979,432
6980,432
6981,432
6982,432
6983,432
6984,432
6985,432
6986,432
6987,432
6988,432
6989,432
6990,432
6991,432
6992,432
6993,432
6994,432
6995,432
6996,432
6997,432
6998,432
6999,432
7000,432
7001,432
7002,432
7003,432
7004,432
7005,432
7006,432
7007,432
7008,432
7009,432
7010,432
7011,432
7012,432
7013,432
7014,432
7015,432
7016,432
7017,432
7018,432
7019,432
7020,432
7021,432
7022,432
7023,432
7024,432
7025,432
7026,432
7027,432
7028,432
7029,432
7030,432
7031,432
7032,432
7033,432
7034,432
7035,432
7036,432
7037,432
7038,432
7039,432
7040,432
7041,432
7042,432
7043,432
7044,432
7045,432
7046,432
7047,432
7048,432
7049,432
7050,432
7051,432
7052,432
7053,432
7054,432
7055,432
7056,432
7057,432
7058,432
7059,432
7060,432
7061,432
7062,432
7063,432
7064,432
7065,432
7066,432
7067,432
7068,432
7069,432
7070,432
7071,432
7072,432
7073,432
7074,432
7075,432
7076,432
7077,432
7078,432
7079,432
7080,432
7081,432
7082,432
7083,432
7084,432
7085,432
7086,432
7087,432
7088,432
7089,432
7090,432
7091,432
7092,432
7093,432
7094,432
7095,432
7096,432
7097,432
7098,432
7099,432
7100,432
7101,432
7102,432
7103,432
7104,432
7105,432
7106,432
7107,432
7108,432
7109,432
7110,432
7111,432
7112,432
7113,432
7114,432
7115,432
7116,432
7117,432
7118,432
7119,432
7120,432
7121,432
7122,432
7123,432
7124,432
7125,432
7126,432
7127,432
7128,432
7129,432
7130,432
7131,432
7132,432
7133,432
7134,432
7135,432
7136,432
7137,432
7138,432
7139,432
7140,432
7141,432
7142,432
7143,432
7144,432
7145,432
7146,432
7147,432
7148,432
7149,432
7150,432
7151,432
7152,432
7153,432
7154,432
7155,432
7156,432
7157,432
7158,432
7159,432
7160,432
7161,432
7162,432
7163,432
7164,432
7165,432
7166,432
7167,432
7168,432
7169,432
7170,432
7171,432
7172,432
7173,432
7174,432
7175,432
7176,432
7177,432
7178,432
7179,432
7180,432
7181,432
7182,432
7183,432
7184,432
7185,432
7186,432
7187,432
7188,432
7189,432
7190,432
7191,432
7192,432
7193,432
7194,432
7195,432
7196,432
7197,432
7198,432
7199,432
7200,432
7201,432
7202,432
7203,432
7204,432
7205,432
7206,432
7207,432
7208,432
7209,432
7210,432
7211,432
7212,432
7213,432
7214,432
7215,432
7216,432
7217,432
7218,432
7219,432
7220,432
7221,432
7222,432
7223,432
7224,432
7225,432
7226,432
7227,432
7228,432
7229,432
7230,432
7231,432
7232,432
7233,432
7234,432
7235,432
7236,432
7237,432
7238,432
7239,432
7240,432
7241,432
7242,432
7243,432
7244,432
7245,432
7246,432
7247,432
7248,432
7249,432
7250,432
7251,432
7252,432
7253,432
7254,432
7255,432
7256,432
7257,432
7258,432
7259,432
7260,432
7261,432
7262,432
7263,432
7264,432
7265,432
7266,432
7267,432
7268,432
7269,432
7270,432
7271,432
7272,432
7273,432
7274,432
7275,432
7276,432
7277,432
7278,432
7279,432
7280,432
7281,432
7282,432
7283,432
7284,432
7285,432
7286,432
7287,432
7288,432
7289,432
7290,432
7291,432
7292,432
7293,432
7294,432
7295,432
7296,432
7297,432
7298,432
7299,432
7300,432
7301,432
7302,432
7303,432
7304,432
7305,432
7306,432
7307,432
7308,432
7309,432
7310,432
7311,432
7312,432
7313,432
7314,432
7315,432
7316,432
7317,432
7318,432
7319,432
7320,432
7321,432
7322,432
7323,432
7324,432
7325,432
7326,432
7327,432
7328,432
7329,432
7330,432
7331,432
7332,432
7333,432
7334,432
7335,432
7336,432
7337,432
7338,432
7339,432
7340,432
7341,432
7342,432
7343,432
7344,432
7345,432
7346,432
7347,432
7348,432
7349,432
7350,432
7351,432
7352,432
7353,432
7354,432
7355,432
7356,432
7357,432
7358,432
7359,432
7360,432
7361,432
7362,432
7363,432
7364,432
7365,432
7366,432
7367,432
7368,432
7369,432
7370,432
7371,432
7372,432
7373,432
7374,432
7375,432
7376,432
7377,432
7378,432
7379,432
7380,432
7381,432
7382,432
7383,432
7384,432
7385,432
7386,432
7387,432
7388,432
7389,432
7390,432
7391,432
7392,432
7393,432
7394,432
7395,432
7396,432
7397,432
7398,432
7399,432
7400,432
7401,432
7402,432
7403,432
7404,432
7405,432
7406,432
7407,432
7408,432
7409,432
7410,432
7411,432
7412,432
7413,432
7414,432
7415,432
7416,432
7417,432
7418,432
7419,432
7420,432
7421,432
7422,432
7423,432
7424,432
7425,432
7426,432
7427,432
7428,432
7429,432
7430,432
7431,432
7432,432
7433,432
7434,432
7435,432
7436,432
7437,432
7438,432
7439,432
7440,432
7441,432
7442,432
7443,432
7444,432
7445,432
7446,432
7447,432
7448,432
7449,432
7450,432
7451,432
7452,432
7453,432
7454,432
7455,432
7456,432
7457,432
7458,432
7459,432
7460,432
7461,432
7462,432
7463,432
7464,432
7465,432
7466,432
7467,432
7468,432
7469,432
7470,432
7471,432
7472,432
7473,432
7474,432
7475,432
7476,432
7477,432
7478,432
7479,432
7480,432
7481,432
7482,432
7483,432
7484,432
7485,432
7486,432
7487,432
7488,432
7489,432
7490,432
7491,432
7492,432
7493,432
7494,432
7495,432
7496,432
7497,432
7498,432
7499,432
7500,432
7501,432
7502,432
7503,432
7504,432
7505,432
7506,432
7507,432
7508,432
7509,432
7510,432
7511,432
7512,432
7513,432
7514,432
7515,432
7516,432
7517,432
7518,432
7519,432
7520,432
7521,432
7522,432
7523,432
7524,432
7525,432
7526,432
7527,432
7528,432
7529,432
7530,432
7531,432
7532,432
7533,432
7534,432
7535,432
7536,432
7537,432
7538,432
7539,432
7540,432
7541,432
7542,432
7543,432
7544,432
7545,432
7546,432
7547,432
7548,432
7549,432
7550,432
7551,432
7552,432
7553,432
7554,432
7555,432
7556,432
7557,432
7558,432
7559,432
7560,432
7561,432
7562,432
7563,432
7564,432
7565,432
7566,432
7567,432
7568,432
7569,432
7570,432
7571,432
7572,432
7573,432
7574,432
7575,432
7576,432
7577,432
7578,432
7579,432
7580,432
7581,432
7582,432
7583,432
7584,432
7585,432
7586,432
7587,432
7588,432
7589,432
7590,432
7591,432
7592,432
7593,432
7594,432
7595,432
7596,432
7597,432
7598,432
7599,432
7600,432
7601,432
7602,432
7603,432
7604,432
7605,432
7606,432
7607,432
7608,432
7609,432
7610,432
7611,432
7612,432
7613,432
7614,432
7615,432
7616,432
7617,432
7618,432
7619,432
7620,432
7621,432
7622,432
7623,432
7624,432
7625,432
7626,432
7627,432
7628,432
7629,432
7630,432
7631,432
7632,432
7633,432
7634,432
7635,432
7636,432
7637,432
7638,432
7639,432
7640,432
7641,432
7642,432
7643,432
7644,432
7645,432
7646,432
7647,432
7648,432
7649,432
7650,432
7651,432
7652,432
7653,432
7654,432
7655,432
7656,432
7657,432
7658,432
7659,432
7660,432
7661,432
7662,432
7663,432
7664,432
7665,432
7666,432
7667,432
7668,432
7669,432
7670,432
7671,432
7672,432
7673,432
7674,432
7675,432
7676,432
7677,432
7678,432
7679,432
7680,432
7681,432
7682,432
7683,432
7684,432
7685,432
7686,432
7687,432
7688,432
7689,432
7690,432
7691,432
7692,432
7693,432
7694,432
7695,432
7696,432
7697,432
7698,432
7699,432
7700,432
7701,432
7702,432
7703,432
7704,432
7705,432
7706,432
7707,432
7708,432
7709,432
7710,432
7711,432
7712,432
7713,432
7714,432
7715,432
7716,432
7717,432
7718,432
7719,432
7720,432
7721,432
7722,432
7723,432
7724,432
7725,432
7726,432
7727,432
7728,432
7729,432
7730,432
7731,432
7732,432
7733,432
7734,432
7735,432
7736,432
7737,432
7738,432
7739,432
7740,432
7741,432
7742,432
7743,432
7744,432
7745,432
7746,432
7747,432
7748,432
7749,432
7750,432
7751,432
7752,432
7753,432
7754,432
7755,432
7756,432
7757,432
7758,432
7759,432
7760,432
7761,432
7762,432
7763,432
7764,432
7765,432
7766,432
7767,432
7768,432
7769,432
7770,432
7771,432
7772,432
7773,432
7774,432
7775,432
7776,432
7777,432
7778,432
7779,432
7780,432
7781,432
7782,432
7783,432
7784,432
7785,432
7786,432
7787,432
7788,432
7789,432
7790,432
7791,432
7792,432
7793,432
7794,432
7795,432
7796,432
7797,432
7798,432
7799,432
7800,432
7801,432
7802,432
7803,432
7804,432
7805,432
7806,432
7807,432
7808,432
7809,432
7810,432
7811,432
7812,432
7813,432
7814,432
7815,432
7816,432
7817,432
7818,432
7819,432
7820,432
7821,432
7822,432
7823,432
7824,432
7825,432
7826,432
7827,432
7828,432
7829,432
7830,432
7831,432
7832,432
7833,432
7834,432
7835,432
7836,432
7837,432
7838,432
7839,432
7840,432
7841,432
7842,432
7843,432
7844,432
7845,432
7846,432
7847,432
7848,432
7849,432
7850,432
7851,432
7852,432
7853,432
7854,432
7855,432
7856,432
7857,432
7858,432
7859,432
7860,432
7861,432
7862,432
7863,432
7864,432
7865,432
7866,432
7867,432
7868,432
7869,432
7870,432
7871,432
7872,432
7873,432
7874,432
7875,432
7876,432
7877,432
7878,432
7879,432
7880,432
7881,432
7882,432
7883,432
7884,432
7885,432
7886,432
7887,432
7888,432
7889,432
7890,432
7891,432
7892,432
7893,432
7894,432
7895,432
7896,432
7897,432
7898,432
7899,432
7900,432
7901,432
7902,432
7903,432
7904,432
7905,432
7906,432
7907,432
7908,432
7909,432
7910,432
7911,432
7912,432
7913,432
7914,432
7915,432
7916,432
7917,432
7918,432
7919,432
7920,432
7921,432
7922,432
7923,432
7924,432
7925,432
7926,432
7927,432
7928,432
7929,432
7930,432
7931,432
7932,432
7933,432
7934,432
7935,432
7936,432
7937,432
7938,432
7939,432
7940,432
7941,432
7942,432
7943,432
7944,432
7945,432
7946,432
7947,432
7948,432
7949,432
7950,432
7951,432
7952,432
7953,432
7954,432
7955,432
7956,432
7957,432
7958,432
7959,432
7960,432
7961,432
7962,432
7963,432
7964,432
7965,432
7966,432
7967,432
7968,432
7969,432
7970,432
7971,432
7972,432
7973,432
7974,432
7975,432
7976,432
7977,432
7978,432
7979,432
7980,432
7981,432
7982,432
7983,432
7984,432
7985,432
7986,432
7987,432
7988,432
7989,432
7990,432
7991,432
7992,432
7993,432
7994,432
7995,432
7996,432
7997,432
7998,432
7999,432
8000,432
8001,432
8002,432
8003,432
8004,432
8005,432
8006,432
8007,432
8008,432
8009,432
8010,432
8011,432
8012,432
8013,432
8014,432
8015,432
8016,432
8017,432
8018,432
8019,432
8020,432
8021,432
8022,432
8023,432
8024,432
8025,432
8026,432
8027,432
8028,432
8029,432
8030,432
8031,432
8032,432
8033,432
8034,432
8035,432
8036,432
8037,432
8038,432
8039,432
8040,432
8041,432
8042,432
8043,432
8044,432
8045,432
8046,432
8047,432
8048,432
8049,432
8050,432
8051,432
8052,432
8053,432
8054,432
8055,432
8056,432
8057,432
8058,432
8059,432
8060,432
8061,432
8062,432
8063,432
8064,432
8065,432
8066,432
8067,432
8068,432
8069,432
8070,432
8071,432
8072,432
8073,432
8074,432
8075,432
8076,432
8077,432
8078,432
8079,432
8080,432
8081,432
8082,432
8083,432
8084,432
8085,432
8086,432
8087,432
8088,432
8089,432
8090,432
8091,432
8092,432
8093,432
8094,432
8095,432
8096,432
8097,432
8098,432
8099,432
8100,432
8101,432
8102,432
8103,432
8104,432
8105,432
8106,432
8107,432
8108,432
8109,432
8110,432
8111,432
8112,432
8113,432
8114,432
8115,432
8116,432
8117,432
8118,432
8119,432
8120,432
8121,432
8122,432
8123,432
8124,432
8125,432
8126,432
8127,432
8128,432
8129,432
8130,432
8131,432
8132,432
8133,432
8134,432
8135,432
8136,432
8137,432
8138,432
8139,432
8140,432
8141,432
8142,432
8143,432
8144,432
8145,432
8146,432
8147,432
8148,432
8149,432
8150,432
8151,432
8152,432
8153,432
8154,432
8155,432
8156,432
8157,432
8158,432
8159,432
8160,432
8161,432
8162,432
8163,432
8164,432
8165,432
8166,432
8167,432
8168,432
8169,432
8170,432
8171,432
8172,432
8173,432
8174,432
8175,432
8176,432
8177,432
8178,432
8179,432
8180,432
8181,432
8182,432
8183,432
8184,432
8185,432
8186,432
8187,432
8188,432
8189,432
8190,432
8191,432
8192,432
8193,432
8194,432
8195,432
8196,432
8197,432
8198,432
8199,432
8200,432
8201,432
8202,432
8203,432
8204,432
8205,432
8206,432
8207,432
8208,432
8209,432
8210,432
8211,432
8212,432
8213,432
8214,432
8215,432
8216,432
8217,432
8218,432
8219,432
8220,432
8221,432
8222,432
8223,432
8224,432
8225,432
8226,432
8227,432
8228,432
8229,432
8230,432
8231,432
8232,432
8233,432
8234,432
8235,432
8236,432
8237,432
8238,432
8239,432
8240,432
8241,432
8242,432
8243,432
8244,432
8245,432
8246,432
8247,432
8248,432
8249,432
8250,432
8251,432
8252,432
8253,432
8254,432
8255,432
8256,432
8257,432
8258,432
8259,432
8260,432
8261,432
8262,432
8263,432
8264,432
8265,432
8266,432
8267,432
8268,432
8269,432
8270,432
8271,432
8272,432
8273,432
8274,432
8275,432
8276,432
8277,432
8278,432
8279,432
8280,432
8281,432
8282,432
8283,432
8284,432
8285,432
8286,432
8287,432
8288,432
8289,432
8290,432
8291,432
8292,432
8293,432
8294,432
8295,432
8296,432
8297,432
8298,432
8299,432
8300,432
8301,432
8302,432
8303,432
8304,432
8305,432
8306,432
8307,432
8308,432
8309,432
8310,432
8311,432
8312,432
8313,432
8314,432
8315,432
8316,432
8317,432
8318,432
8319,432
8320,432
8321,432
8322,432
8323,432
8324,432
8325,432
8326,432
8327,432
8328,432
8329,432
8330,432
8331,432
8332,432
8333,432
8334,432
8335,432
8336,432
8337,432
8338,432
8339,432
8340,432
8341,432
8342,432
8343,432
8344,432
8345,432
8346,432
8347,432
8348,432
8349,432
8350,432
8351,432
8352,432
8353,432
8354,432
8355,432
8356,432
8357,432
8358,432
8359,432
8360,432
8361,432
8362,432
8363,432
8364,432
8365,432
8366,432
8367,432
8368,432
8369,432
8370,432
8371,432
8372,432
8373,432
8374,432
8375,432
8376,432
8377,432
8378,432
8379,432
8380,432
8381,432
8382,432
8383,432
8384,432
8385,432
8386,432
8387,432
8388,432
8389,432
8390,432
8391,432
8392,432
8393,432
8394,432
8395,432
8396,432
8397,432
8398,432
8399,432
8400,432
8401,432
8402,432
8403,432
8404,432
8405,432
8406,432
8407,432
8408,432
8409,432
8410,432
8411,432
8412,432
8413,432
8414,432
8415,432
8416,432
8417,432
8418,432
8419,432
8420,432
8421,432
8422,432
8423,432
8424,432
8425,432
8426,432
8427,432
8428,432
8429,432
8430,432
8431,432
8432,432
8433,432
8434,432
8435,432
8436,432
8437,432
8438,432
8439,432
8440,432
8441,432
8442,432
8443,432
8444,432
8445,432
8446,432
8447,432
8448,432
8449,432
8450,432
8451,432
8452,432
8453,432
8454,432
8455,432
8456,432
8457,432
8458,432
8459,432
8460,432
8461,432
8462,432
8463,432
8464,432
8465,432
8466,432
8467,432
8468,432
8469,432
8470,432
8471,432
8472,432
8473,432
8474,432
8475,432
8476,432
8477,432
8478,432
8479,432
8480,432
8481,432
8482,432
8483,432
8484,432
8485,432
8486,432
8487,432
8488,432
8489,432
8490,432
8491,432
8492,432
8493,432
8494,432
8495,432
8496,432
8497,432
8498,432
8499,432
8500,432
8501,432
8502,432
8503,432
8504,432
8505,432
8506,432
8507,432
8508,432
8509,432
8510,432
8511,432
8512,432
8513,432
8514,432
8515,432
8516,432
8517,432
8518,432
8519,432
8520,432
8521,432
8522,432
8523,432
8524,432
8525,432
8526,432
8527,432
8528,432
8529,432
8530,432
8531,432
8532,432
8533,432
8534,432
8535,432
8536,432
8537,432
8538,432
8539,432
8540,432
8541,432
8542,432
8543,432
8544,432
8545,432
8546,432
8547,432
8548,432
8549,432
8550,432
8551,432
8552,432
8553,432
8554,432
8555,432
8556,432
8557,432
8558,432
8559,432
8560,432
8561,432
8562,432
8563,432
8564,432
8565,432
8566,432
8567,432
8568,432
8569,432
8570,432
8571,432
8572,432
8573,432
8574,432
8575,432
8576,432
8577,432
8578,432
8579,432
8580,432
8581,432
8582,432
8583,432
8584,432
8585,432
8586,432
8587,432
8588,432
8589,432
8590,432
8591,432
8592,432
8593,432
8594,432
8595,432
8596,432
8597,432
8598,432
8599,432
8600,432
8601,432
8602,432
8603,432
8604,432
8605,432
8606,432
8607,432
8608,432
8609,432
8610,432
8611,432
8612,432
8613,432
8614,432
8615,432
8616,432
8617,432
8618,432
8619,432
8620,432
8621,432
8622,432
8623,432
8624,432
8625,432
8626,432
8627,432
8628,432
8629,432
8630,432
8631,432
8632,432
8633,432
8634,432
8635,432
8636,432
8637,432
8638,432
8639,432
8640,432
8641,432
8642,432
8643,432
8644,432
8645,432
8646,432
8647,432
8648,432
8649,432
8650,432
8651,432
8652,432
8653,432
8654,432
8655,432
8656,432
8657,432
8658,432
8659,432
8660,432
8661,432
8662,432
8663,432
8664,432
8665,432
8666,432
8667,432
8668,432
8669,432
8670,432
8671,432
8672,432
8673,432
8674,432
8675,432
8676,432
8677,432
8678,432
8679,432
8680,432
8681,432
8682,432
8683,432
8684,432
8685,432
8686,432
8687,432
8688,432
8689,432
8690,432
8691,432
8692,432
8693,432
8694,432
8695,432
8696,432
8697,432
8698,432
8699,432
8700,432
8701,432
8702,432
8703,432
8704,432
8705,432
8706,432
8707,432
8708,432
8709,432
8710,432
8711,432
8712,432
8713,432
8714,432
8715,432
8716,432
8717,432
8718,432
8719,432
8720,432
8721,432
8722,432
8723,432
8724,432
8725,432
8726,432
8727,432
8728,432
8729,432
8730,432
8731,432
8732,432
8733,432
8734,432
8735,432
8736,432
8737,432
8738,432
8739,432
8740,432
8741,432
8742,432
8743,432
8744,432
8745,432
8746,432
8747,432
8748,432
8749,432
8750,432
8751,432
8752,432
8753,432
8754,432
8755,432
8756,432
8757,432
8758,432
8759,432
8760,432
8761,432
8762,432
8763,432
8764,432
8765,432
8766,432
8767,432
8768,432
8769,432
8770,432
8771,432
8772,432
8773,432
8774,432
8775,432
8776,432
8777,432
8778,432
8779,432
8780,432
8781,432
8782,432
8783,432
8784,432
8785,432
8786,432
8787,432
8788,432
8789,432
8790,432
8791,432
8792,432
8793,432
8794,432
8795,432
8796,432
8797,432
8798,432
8799,432
8800,432
8801,432
8802,432
8803,432
8804,432
8805,432
8806,432
8807,432
8808,432
8809,432
8810,432
8811,432
8812,432
8813,432
8814,432
8815,432
8816,432
8817,432
8818,432
8819,432
8820,432
8821,432
8822,432
8823,432
8824,432
8825,432
8826,432
8827,432
8828,432
8829,432
8830,432
8831,432
8832,432
8833,432
8834,432
8835,432
8836,432
8837,432
8838,432
8839,432
8840,432
8841,432
8842,432
8843,432
8844,432
8845,432
8846,432
8847,432
8848,432
8849,432
8850,432
8851,432
8852,432
8853,432
8854,432
8855,432
8856,432
8857,432
8858,432
8859,432
8860,432
8861,432
8862,432
8863,432
8864,432
8865,432
8866,432
8867,432
8868,432
8869,432
8870,432
8871,432
8872,432
8873,432
8874,432
8875,432
8876,432
8877,432
8878,432
8879,432
8880,432
8881,432
8882,432
8883,432
8884,432
8885,432
8886,432
8887,432
8888,432
8889,432
8890,432
8891,432
8892,432
8893,432
8894,432
8895,432
8896,432
8897,432
8898,432
8899,432
8900,432
8901,432
8902,432
8903,432
8904,432
8905,432
8906,432
8907,432
8908,432
8909,432
8910,432
8911,432
8912,432
8913,432
8914,432
8915,432
8916,432
8917,432
8918,432
8919,432
8920,432
8921,432
8922,432
8923,432
8924,432
8925,432
8926,432
8927,432
8928,432
8929,432
8930,432
8931,432
8932,432
8933,432
8934,432
8935,432
8936,432
8937,432
8938,432
8939,432
8940,432
8941,432
8942,432
8943,432
8944,432
8945,432
8946,432
8947,432
8948,432
8949,432
8950,432
8951,432
8952,432
8953,432
8954,432
8955,432
8956,432
8957,432
8958,432
8959,432
8960,432
8961,432
8962,432
8963,432
8964,432
8965,432
8966,432
8967,432
8968,432
8969,432
8970,432
8971,432
8972,432
8973,432
8974,432
8975,432
8976,432
8977,432
8978,432
8979,432
8980,432
8981,432
8982,432
8983,432
8984,432
8985,432
8986,432
8987,432
8988,432
8989,432
8990,432
8991,432
8992,432
8993,432
8994,432
8995,432
8996,432
8997,432
8998,432
8999,432
9000,432
9001,432
9002,432
9003,432
9004,432
9005,432
9006,432
9007,432
9008,432
9009,432
9010,432
9011,432
9012,432
9013,432
9014,432
9015,432
9016,432
9017,432
9018,432
9019,432
9020,432
9021,432
9022,432
9023,432
9024,432
9025,432
9026,432
9027,432
9028,432
9029,432
9030,432
9031,432
9032,432
9033,432
9034,432
9035,432
9036,432
9037,432
9038,432
9039,432
9040,432
9041,432
9042,432
9043,432
9044,432
9045,432
9046,432
9047,432
9048,432
9049,432
9050,432
9051,432
9052,432
9053,432
9054,432
9055,432
9056,432
9057,432
9058,432
9059,432
9060,432
9061,432
9062,432
9063,432
9064,432
9065,432
9066,432
9067,432
9068,432
9069,432
9070,432
9071,432
9072,432
9073,432
9074,432
9075,432
9076,432
9077,432
9078,432
9079,432
9080,432
9081,432
9082,432
9083,432
9084,432
9085,432
9086,432
9087,432
9088,432
9089,432
9090,432
9091,432
9092,432
9093,432
9094,432
9095,432
9096,432
9097,432
9098,432
9099,432
9100,432
9101,432
9102,432
9103,432
9104,432
9105,432
9106,432
9107,432
9108,432
9109,432
9110,432
9111,432
9112,432
9113,432
9114,432
9115,432
9116,432
9117,432
9118,432
9119,432
9120,432
9121,432
9122,432
9123,432
9124,432
9125,432
9126,432
9127,432
9128,432
9129,432
9130,432
9131,432
9132,432
9133,432
9134,432
9135,432
9136,432
9137,432
9138,432
9139,432
9140,432
9141,432
9142,432
9143,432
9144,432
9145,432
9146,432
9147,432
9148,432
9149,432
9150,432
9151,432
9152,432
9153,432
9154,432
9155,432
9156,432
9157,432
9158,432
9159,432
9160,432
9161,432
9162,432
9163,432
9164,432
9165,432
9166,432
9167,432
9168,432
9169,432
9170,432
9171,432
9172,432
9173,432
9174,432
9175,432
9176,432
9177,432
9178,432
9179,432
9180,432
9181,432
9182,432
9183,432
9184,432
9185,432
9186,432
9187,432
9188,432
9189,432
9190,432
9191,432
9192,432
9193,432
9194,432
9195,432
9196,432
9197,432
9198,432
9199,432
9200,432
9201,432
9202,432
9203,432
9204,432
9205,432
9206,432
9207,432
9208,432
9209,432
9210,432
9211,432
9212,432
9213,432
9214,432
9215,432
9216,432
9217,432
9218,432
9219,432
9220,432
9221,432
9222,432
9223,432
9224,432
9225,432
9226,432
9227,432
9228,432
9229,432
9230,432
9231,432
9232,432
9233,432
9234,432
9235,432
9236,432
9237,432
9238,432
9239,432
9240,432
9241,432
9242,432
9243,432
9244,432
9245,432
9246,432
9247,432
9248,432
9249,432
9250,432
9251,432
9252,432
9253,432
9254,432
9255,432
9256,432
9257,432
9258,432
9259,432
9260,432
9261,432
9262,432
9263,432
9264,432
9265,432
9266,432
9267,432
9268,432
9269,432
9270,432
9271,432
9272,432
9273,432
9274,432
9275,432
9276,432
9277,432
9278,432
9279,432
9280,432
9281,432
9282,432
9283,432
9284,432
9285,432
9286,432
9287,432
9288,432
9289,432
9290,432
9291,432
9292,432
9293,432
9294,432
9295,432
9296,432
9297,432
9298,432
9299,432
9300,432
9301,432
9302,432
9303,432
9304,432
9305,432
9306,432
9307,432
9308,432
9309,432
9310,432
9311,432
9312,432
9313,432
9314,432
9315,432
9316,432
9317,432
9318,432
9319,432
9320,432
9321,432
9322,432
9323,432
9324,432
9325,432
9326,432
9327,432
9328,432
9329,432
9330,432
9331,432
9332,432
9333,432
9334,432
9335,432
9336,432
9337,432
9338,432
9339,432
9340,432
9341,432
9342,432
9343,432
9344,432
9345,432
9346,432
9347,432
9348,432
9349,432
9350,432
9351,432
9352,432
9353,432
9354,432
9355,432
9356,432
9357,432
9358,432
9359,432
9360,432
9361,432
9362,432
9363,432
9364,432
9365,432
9366,432
9367,432
9368,432
9369,432
9370,432
9371,432
9372,432
9373,432
9374,432
9375,432
9376,432
9377,432
9378,432
9379,432
9380,432
9381,432
9382,432
9383,432
9384,432
9385,432
9386,432
9387,432
9388,432
9389,432
9390,432
9391,432
9392,432
9393,432
9394,432
9395,432
9396,432
9397,432
9398,432
9399,432
9400,432
9401,432
9402,432
9403,432
9404,432
9405,432
9406,432
9407,432
9408,432
9409,432
9410,432
9411,432
9412,432
9413,432
9414,432
9415,432
9416,432
9417,432
9418,432
9419,432
9420,432
9421,432
9422,432
9423,432
9424,432
9425,432
9426,432
9427,432
9428,432
9429,432
9430,432
9431,432
9432,432
9433,432
9434,432
9435,432
9436,432
9437,432
9438,432
9439,432
9440,432
9441,432
9442,432
9443,432
9444,432
9445,432
9446,432
9447,432
9448,432
9449,432
9450,432
9451,432
9452,432
9453,432
9454,432
9455,432
9456,432
9457,432
9458,432
9459,432
9460,432
9461,432
9462,432
9463,432
9464,432
9465,432
9466,432
9467,432
9468,432
9469,432
9470,432
9471,432
9472,432
9473,432
9474,432
9475,432
9476,432
9477,432
9478,432
9479,432
9480,432
9481,432
9482,432
9483,432
9484,432
9485,432
9486,432
9487,432
9488,432
9489,432
9490,432
9491,432
9492,432
9493,432
9494,432
9495,432
9496,432
9497,432
9498,432
9499,432
9500,432
9501,432
9502,432
9503,432
9504,432
9505,432
9506,432
9507,432
9508,432
9509,432
9510,432
9511,432
9512,432
9513,432
9514,432
9515,432
9516,432
9517,432
9518,432
9519,432
9520,432
9521,432
9522,432
9523,432
9524,432
9525,432
9526,432
9527,432
9528,432
9529,432
9530,432
9531,432
9532,432
9533,432
9534,432
9535,432
9536,432
9537,432
9538,432
9539,432
9540,432
9541,432
9542,432
9543,432
9544,432
9545,432
9546,432
9547,432
9548,432
9549,432
9550,432
9551,432
9552,432
9553,432
9554,432
9555,432
9556,432
9557,432
9558,432
9559,432
9560,432
9561,432
9562,432
9563,432
9564,432
9565,432
9566,432
9567,432
9568,432
9569,432
9570,432
9571,432
9572,432
9573,432
9574,432
9575,432
9576,432
9577,432
9578,432
9579,432
9580,432
9581,432
9582,432
9583,432
9584,432
9585,432
9586,432
9587,432
9588,432
9589,432
9590,432
9591,432
9592,432
9593,432
9594,432
9595,432
9596,432
9597,432
9598,432
9599,432
9600,432
9601,432
9602,432
9603,432
9604,432
9605,432
9606,432
9607,432
9608,432
9609,432
9610,432
9611,432
9612,432
9613,432
9614,432
9615,432
9616,432
9617,432
9618,432
9619,432
9620,432
9621,432
9622,432
9623,432
9624,432
9625,432
9626,432
9627,432
9628,432
9629,432
9630,432
9631,432
9632,432
9633,432
9634,432
9635,432
9636,432
9637,432
9638,432
9639,432
9640,432
9641,432
9642,432
9643,432
9644,432
9645,432
9646,432
9647,432
9648,432
9649,432
9650,432
9651,432
9652,432
9653,432
9654,432
9655,432
9656,432
9657,432
9658,432
9659,432
9660,432
9661,432
9662,432
9663,432
9664,432
9665,432
9666,432
9667,432
9668,432
9669,432
9670,432
9671,432
9672,432
9673,432
9674,432
9675,432
9676,432
9677,432
9678,432
9679,432
9680,432
9681,432
9682,432
9683,432
9684,432
9685,432
9686,432
9687,432
9688,432
9689,432
9690,432
9691,432
9692,432
9693,432
9694,432
9695,432
9696,432
9697,432
9698,432
9699,432
9700,432
9701,432
9702,432
9703,432
9704,432
9705,432
9706,432
9707,432
9708,432
9709,432
9710,432
9711,432
9712,432
9713,432
9714,432
9715,432
9716,432
9717,432
9718,432
9719,432
9720,432
9721,432
9722,432
9723,432
9724,432
9725,432
9726,432
9727,432
9728,432
9729,432
9730,432
9731,432
9732,432
9733,432
9734,432
9735,432
9736,432
9737,432
9738,432
9739,432
9740,432
9741,432
9742,432
9743,432
9744,432
9745,432
9746,432
9747,432
9748,432
9749,432
9750,432
9751,432
9752,432
9753,432
9754,432
9755,432
9756,432
9757,432
9758,432
9759,432
9760,432
9761,432
9762,432
9763,432
9764,432
9765,432
9766,432
9767,432
9768,432
9769,432
9770,432
9771,432
9772,432
9773,432
9774,432
9775,432
9776,432
9777,432
9778,432
9779,432
9780,432
9781,432
9782,432
9783,432
9784,432
9785,432
9786,432
9787,432
9788,432
9789,432
9790,432
9791,432
9792,432
9793,432
9794,432
9795,432
9796,432
9797,432
9798,432
9799,432
9800,432
9801,432
9802,432
9803,432
9804,432
9805,432
9806,432
9807,432
9808,432
9809,432
9810,432
9811,432
9812,432
9813,432
9814,432
9815,432
9816,432
9817,432
9818,432
9819,432
9820,432
9821,432
9822,432
9823,432
9824,432
9825,432
9826,432
9827,432
9828,432
9829,432
9830,432
9831,432
9832,432
9833,432
9834,432
9835,432
9836,432
9837,432
9838,432
9839,432
9840,432
9841,432
9842,432
9843,432
9844,432
9845,432
9846,432
9847,432
9848,432
9849,432
9850,432
9851,432
9852,432
9853,432
9854,432
9855,432
9856,432
9857,432
9858,432
9859,432
9860,432
9861,432
9862,432
9863,432
9864,432
9865,432
9866,432
9867,432
9868,432
9869,432
9870,432
9871,432
9872,432
9873,432
9874,432
9875,432
9876,432
9877,432
9878,432
9879,432
9880,432
9881,432
9882,432
9883,432
9884,432
9885,432
9886,432
9887,432
9888,432
9889,432
9890,432
9891,432
9892,432
9893,432
9894,432
9895,432
9896,432
9897,432
9898,432
9899,432
9900,432
9901,432
9902,432
9903,432
9904,432
9905,432
9906,432
9907,432
9908,432
9909,432
9910,432
9911,432
9912,432
9913,432
9914,432
9915,432
9916,432
9917,432
9918,432
9919,432
9920,432
9921,432
9922,432
9923,432
9924,432
9925,432
9926,432
9927,432
9928,432
9929,432
9930,432
9931,432
9932,432
9933,432
9934,432
9935,432
9936,432
9937,432
9938,432
9939,432
9940,432
9941,432
9942,432
9943,432
9944,432
9945,432
9946,432
9947,432
9948,432
9949,432
9950,432
9951,432
9952,432
9953,432
9954,432
9955,432
9956,432
9957,432
9958,432
9959,432
9960,432
9961,432
9962,432
9963,432
9964,432
9965,432
9966,432
9967,432
9968,432
9969,432
9970,432
9971,432
9972,432
9973,432
9974,432
9975,432
9976,432
9977,432
9978,432
9979,432
9980,432
9981,432
9982,432
9983,432
9984,432
9985,432
9986,432
9987,432
9988,432
9989,432
9990,432
9991,432
9992,432
9993,432
9994,432
9995,432
9996,432
9997,432
9998,432
9999,432
10000,432
10001,432
10002,432
10003,432
10004,432
10005,432
10006,432
10007,432
10008,432
10009,432
10010,432
10011,432
10012,432
10013,432
10014,432
10015,432
10016,432
10017,432
10018,432
10019,432
10020,432
10021,432
10022,432
10023,432
10024,432
10025,432
10026,432
10027,432
10028,432
10029,432
10030,432
10031,432
10032,432
10033,432
10034,432
10035,432
10036,432
10037,432
10038,432
10039,432
10040,432
10041,432
10042,432
10043,432
10044,432
10045,432
10046,432
10047,432
10048,432
10049,432
10050,432
10051,432
10052,432
10053,432
10054,432
10055,432
10056,432
10057,432
10058,432
10059,432
10060,432
10061,432
10062,432
10063,432
10064,432
10065,432
10066,432
10067,432
10068,432
10069,432
10070,432
10071,432
10072,432
10073,432
10074,432
10075,432
10076,432
10077,432
10078,432
10079,432
10080,432
10081,432
10082,432
10083,432
10084,432
10085,432
10086,432
10087,432
10088,432
10089,432
10090,432
10091,432
10092,432
10093,432
10094,432
10095,432
10096,432
10097,432
10098,432
10099,432
10100,432
10101,432
10102,432
10103,432
10104,432
10105,432
10106,432
10107,432
10108,432
10109,432
10110,432
10111,432
10112,432
10113,432
10114,432
10115,432
10116,432
10117,432
10118,432
10119,432
10120,432
10121,432
10122,432
10123,432
10124,432
10125,432
10126,432
10127,432
10128,432
10129,432
10130,432
10131,432
10132,432
10133,432
10134,432
10135,432
10136,432
10137,432
10138,432
10139,432
10140,432
10141,432
10142,432
10143,432
10144,432
10145,432
10146,432
10147,432
10148,432
10149,432
10150,432
10151,432
10152,432
10153,432
10154,432
10155,432
10156,432
10157,432
10158,432
10159,432
10160,432
10161,432
10162,432
10163,432
10164,432
10165,432
10166,432
10167,432
10168,432
10169,432
10170,432
10171,432
10172,432
10173,432
10174,432
10175,432
10176,432
10177,432
10178,432
10179,432
10180,432
10181,432
10182,432
10183,432
10184,432
10185,432
10186,432
10187,432
10188,432
10189,432
10190,432
10191,432
10192,432
10193,432
10194,432
10195,432
10196,432
10197,432
10198,432
10199,432
10200,432
10201,432
10202,432
10203,432
10204,432
10205,432
10206,432
10207,432
10208,432
10209,432
10210,432
10211,432
10212,432
10213,432
10214,432
10215,432
10216,432
10217,432
10218,432
10219,432
10220,432
10221,432
10222,432
10223,432
10224,432
10225,432
10226,432
10227,432
10228,432
10229,432
10230,432
10231,432
10232,432
10233,432
10234,432
10235,432
10236,432
10237,432
10238,432
10239,432
10240,432
10241,432
10242,432
10243,432
10244,432
10245,432
10246,432
10247,432
10248,432
10249,432
10250,432
10251,432
10252,432
10253,432
10254,432
10255,432
10256,432
10257,432
10258,432
10259,432
10260,432
10261,432
10262,432
10263,432
10264,432
10265,432
10266,432
10267,432
10268,432
10269,432
10270,432
10271,432
10272,432
10273,432
10274,432
10275,432
10276,432
10277,432
10278,432
10279,432
10280,432
10281,432
10282,432
10283,432
10284,432
10285,432
10286,432
10287,432
10288,432
10289,432
10290,432
10291,432
10292,432
10293,432
10294,432
10295,432
10296,432
10297,432
10298,432
10299,432
10300,432
10301,432
10302,432
10303,432
10304,432
10305,432
10306,432
10307,432
10308,432
10309,432
10310,432
10311,432
10312,432
10313,432
10314,432
10315,432
10316,432
10317,432
10318,432
10319,432
10320,432
10321,432
10322,432
10323,432
10324,432
10325,432
10326,432
10327,432
10328,432
10329,432
10330,432
10331,432
10332,432
10333,432
10334,432
10335,432
10336,432
10337,432
10338,432
10339,432
10340,432
10341,432
10342,432
10343,432
10344,432
10345,432
10346,432
10347,432
10348,432
10349,432
10350,432
10351,432
10352,432
10353,432
10354,432
10355,432
10356,432
10357,432
10358,432
10359,432
10360,432
10361,432
10362,432
10363,432
10364,432
10365,432
10366,432
10367,432
10368,432
10369,432
10370,432
10371,432
10372,432
10373,432
10374,432
10375,432
10376,432
10377,432
10378,432
10379,432
10380,432
10381,432
10382,432
10383,432
10384,432
10385,432
10386,432
10387,432
10388,432
10389,432
10390,432
10391,432
10392,432
10393,432
10394,432
10395,432
10396,432
10397,432
10398,432
10399,432
10400,432
10401,432
10402,432
10403,432
10404,432
10405,432
10406,432
10407,432
10408,432
10409,432
10410,432
10411,432
10412,432
10413,432
10414,432
10415,432
10416,432
10417,432
10418,432
10419,432
10420,432
10421,432
10422,432
10423,432
10424,432
10425,432
10426,432
10427,432
10428,432
10429,432
10430,432
10431,432
10432,432
10433,432
10434,432
10435,432
10436,432
10437,432
10438,432
10439,432
10440,432
10441,432
10442,432
10443,432
10444,432
10445,432
10446,432
10447,432
10448,432
10449,432
10450,432
10451,432
10452,432
10453,432
10454,432
10455,432
10456,432
10457,432
10458,432
10459,432
10460,432
10461,432
10462,432
10463,432
10464,432
10465,432
10466,432
10467,432
10468,432
10469,432
10470,432
10471,432
10472,432
10473,432
10474,432
10475,432
10476,432
10477,432
10478,432
10479,432
10480,432
10481,432
10482,432
10483,432
10484,432
10485,432
10486,432
10487,432
10488,432
10489,432
10490,432
10491,432
10492,432
10493,432
10494,432
10495,432
10496,432
10497,432
10498,432
10499,432
10500,432
10501,432
10502,432
10503,432
10504,432
10505,432
10506,432
10507,432
10508,432
10509,432
10510,432
10511,432
10512,432
10513,432
10514,432
10515,432
10516,432
10517,432
10518,432
10519,432
10520,432
10521,432
10522,432
10523,432
10524,432
10525,432
10526,432
10527,432
10528,432
10529,432
10530,432
10531,432
10532,432
10533,432
10534,432
10535,432
10536,432
10537,432
10538,432
10539,432
10540,432
10541,432
10542,432
10543,432
10544,432
10545,432
10546,432
10547,432
10548,432
10549,432
10550,432
10551,432
10552,432
10553,432
10554,432
10555,432
10556,432
10557,432
10558,432
10559,432
10560,432
10561,432
10562,432
10563,432
10564,432
10565,432
10566,432
10567,432
10568,432
10569,432
10570,432
10571,432
10572,432
10573,432
10574,432
10575,432
10576,432
10577,432
10578,432
10579,432
10580,432
10581,432
10582,432
10583,432
10584,432
10585,432
10586,432
10587,432
10588,432
10589,432
10590,432
10591,432
10592,432
10593,432
10594,432
10595,432
10596,432
10597,432
10598,432
10599,432
10600,432
10601,432
10602,432
10603,432
10604,432
10605,432
10606,432
10607,432
10608,432
10609,432
10610,432
10611,432
10612,432
10613,432
10614,432
10615,432
10616,432
10617,432
10618,432
10619,432
10620,432
10621,432
10622,432
10623,432
10624,432
10625,432
10626,432
10627,432
10628,432
10629,432
10630,432
10631,432
10632,432
10633,432
10634,432
10635,432
10636,432
10637,432
10638,432
10639,432
10640,432
10641,432
10642,432
10643,432
10644,432
10645,432
10646,432
10647,432
10648,432
10649,432
10650,432
10651,432
10652,432
10653,432
10654,432
10655,432
10656,432
10657,432
10658,432
10659,432
10660,432
10661,432
10662,432
10663,432
10664,432
10665,432
10666,432
10667,432
10668,432
10669,432
10670,432
10671,432
10672,432
10673,432
10674,432
10675,432
10676,432
10677,432
10678,432
10679,432
10680,432
10681,432
10682,432
10683,432
10684,432
10685,432
10686,432
10687,432
10688,432
10689,432
10690,432
10691,432
10692,432
10693,432
10694,432
10695,432
10696,432
10697,432
10698,432
10699,432
10700,432
10701,432
10702,432
10703,432
10704,432
10705,432
10706,432
10707,432
10708,432
10709,432
10710,432
10711,432
10712,432
10713,432
10714,432
10715,432
10716,432
10717,432
10718,432
10719,432
10720,432
10721,432
10722,432
10723,432
10724,432
10725,432
10726,432
10727,432
10728,432
10729,432
10730,432
10731,432
10732,432
10733,432
10734,432
10735,432
10736,432
10737,432
10738,432
10739,432
10740,432
10741,432
10742,432
10743,432
10744,432
10745,432
10746,432
10747,432
10748,432
10749,432
10750,432
10751,432
10752,432
10753,432
10754,432
10755,432
10756,432
10757,432
10758,432
10759,432
10760,432
10761,432
10762,432
10763,432
10764,432
10765,432
10766,432
10767,432
10768,432
10769,432
10770,432
10771,432
10772,432
10773,432
10774,432
10775,432
10776,432
10777,432
10778,432
10779,432
10780,432
10781,432
10782,432
10783,432
10784,432
10785,432
10786,432
10787,432
10788,432
10789,432
10790,432
10791,432
10792,432
10793,432
10794,432
10795,432
10796,432
10797,432
10798,432
10799,432
10800,432
10801,432
10802,432
10803,432
10804,432
10805,432
10806,432
10807,432
10808,432
10809,432
10810,432
10811,432
10812,432
10813,432
10814,432
10815,432
10816,432
10817,432
10818,432
10819,432
10820,432
10821,432
10822,432
10823,432
10824,432
10825,432
10826,432
10827,432
10828,432
10829,432
10830,432
10831,432
10832,432
10833,432
10834,432
10835,432
10836,432
10837,432
10838,432
10839,432
10840,432
10841,432
10842,432
10843,432
10844,432
10845,432
10846,432
10847,432
10848,432
10849,432
10850,432
10851,432
10852,432
10853,432
10854,432
10855,432
10856,432
10857,432
10858,432
10859,432
10860,432
10861,432
10862,432
10863,432
10864,432
10865,432
10866,432
10867,432
10868,432
10869,432
10870,432
10871,432
10872,432
10873,432
10874,432
10875,432
10876,432
10877,432
10878,432
10879,432
10880,432
10881,432
10882,432
10883,432
10884,432
10885,432
10886,432
10887,432
10888,432
10889,432
10890,432
10891,432
10892,432
10893,432
10894,432
10895,432
10896,432
10897,432
10898,432
10899,432
10900,432
10901,432
10902,432
10903,432
10904,432
10905,432
10906,432
10907,432
10908,432
10909,432
10910,432
10911,432
10912,432
10913,432
10914,432
10915,432
10916,432
10917,432
10918,432
10919,432
10920,432
10921,432
10922,432
10923,432
10924,432
10925,432
10926,432
10927,432
10928,432
10929,432
10930,432
10931,432
10932,432
10933,432
10934,432
10935,432
10936,432
10937,432
10938,432
10939,432
10940,432
10941,432
10942,432
10943,432
10944,432
10945,432
10946,432
10947,432
10948,432
10949,432
10950,432
10951,432
10952,432
10953,432
10954,432
10955,432
10956,432
10957,432
10958,432
10959,432
10960,432
10961,432
10962,432
10963,432
10964,432
10965,432
10966,432
10967,432
10968,432
10969,432
10970,432
10971,432
10972,432
10973,432
10974,432
10975,432
10976,432
10977,432
10978,432
10979,432
10980,432
10981,432
10982,432
10983,432
10984,432
10985,432
10986,432
10987,432
10988,432
10989,432
10990,432
10991,432
10992,432
10993,432
10994,432
10995,432
10996,432
10997,432
10998,432
10999,432
11000,432
11001,432
11002,432
11003,432
11004,432
11005,432
11006,432
11007,432
11008,432
11009,432
11010,432
11011,432
11012,432
11013,432
11014,432
11015,432
11016,432
11017,432
11018,432
11019,432
11020,432
11021,432
11022,432
11023,432
11024,432
11025,432
11026,432
11027,432
11028,432
11029,432
11030,432
11031,432
11032,432
11033,432
11034,432
11035,432
11036,432
11037,432
11038,432
11039,432
11040,432
11041,432
11042,432
11043,432
11044,432
11045,432
11046,432
11047,432
11048,432
11049,432
11050,432
11051,432
11052,432
11053,432
11054,432
11055,432
11056,432
11057,432
11058,432
11059,432
11060,432
11061,432
11062,432
11063,432
11064,432
11065,432
11066,432
11067,432
11068,432
11069,432
11070,432
11071,432
11072,432
11073,432
11074,432
11075,432
11076,432
11077,432
11078,432
11079,432
11080,432
11081,432
11082,432
11083,432
11084,432
11085,432
11086,432
11087,432
11088,432
11089,432
11090,432
11091,432
11092,432
11093,432
11094,432
11095,432
11096,432
11097,432
11098,432
11099,432
11100,432
11101,432
11102,432
11103,432
11104,432
11105,432
11106,432
11107,432
11108,432
11109,432
11110,432
11111,432
11112,432
11113,432
11114,432
11115,432
11116,432
11117,432
11118,432
11119,432
11120,432
11121,432
11122,432
11123,432
11124,432
11125,432
11126,432
11127,432
11128,432
11129,432
11130,432
11131,432
11132,432
11133,432
11134,432
11135,432
11136,432
11137,432
11138,432
11139,432
11140,432
11141,432
11142,432
11143,432
11144,432
11145,432
11146,432
11147,432
11148,432
11149,432
11150,432
11151,432
11152,432
11153,432
11154,432
11155,432
11156,432
11157,432
11158,432
11159,432
11160,432
11161,432
11162,432
11163,432
11164,432
11165,432
11166,432
11167,432
11168,432
11169,432
11170,432
11171,432
11172,432
11173,432
11174,432
11175,432
11176,432
11177,432
11178,432
11179,432
11180,432
11181,432
11182,432
11183,432
11184,432
11185,432
11186,432
11187,432
11188,432
11189,432
11190,432
11191,432
11192,432
11193,432
11194,432
11195,432
11196,432
11197,432
11198,432
11199,432
11200,432
11201,432
11202,432
11203,432
11204,432
11205,432
11206,432
11207,432
11208,432
11209,432
11210,432
11211,432
11212,432
11213,432
11214,432
11215,432
11216,432
11217,432
11218,432
11219,432
11220,432
11221,432
11222,432
11223,432
11224,432
11225,432
11226,432
11227,432
11228,432
11229,432
11230,432
11231,432
11232,432
11233,432
11234,432
11235,432
11236,432
11237,432
11238,432
11239,432
11240,432
11241,432
11242,432
11243,432
11244,432
11245,432
11246,432
11247,432
11248,432
11249,432
11250,432
11251,432
11252,432
11253,432
11254,432
11255,432
11256,432
11257,432
11258,432
11259,432
11260,432
11261,432
11262,432
11263,432
11264,432
11265,432
11266,432
11267,432
11268,432
11269,432
11270,432
11271,432
11272,432
11273,432
11274,432
11275,432
11276,432
11277,432
11278,432
11279,432
11280,432
11281,432
11282,432
11283,432
11284,432
11285,432
11286,432
11287,432
11288,432
11289,432
11290,432
11291,432
11292,432
11293,432
11294,432
11295,432
11296,432
11297,432
11298,432
11299,432
11300,432
11301,432
11302,432
11303,432
11304,432
11305,432
11306,432
11307,432
11308,432
11309,432
11310,432
11311,432
11312,432
11313,432
11314,432
11315,432
11316,432
11317,432
11318,432
11319,432
11320,432
11321,432
11322,432
11323,432
11324,432
11325,432
11326,432
11327,432
11328,432
11329,432
11330,432
11331,432
11332,432
11333,432
11334,432
11335,432
11336,432
11337,432
11338,432
11339,432
11340,432
11341,432
11342,432
11343,432
11344,432
11345,432
11346,432
11347,432
11348,432
11349,432
11350,432
11351,432
11352,432
11353,432
11354,432
11355,432
11356,432
11357,432
11358,432
11359,432
11360,432
11361,432
11362,432
11363,432
11364,432
11365,432
11366,432
11367,432
11368,432
11369,432
11370,432
11371,432
11372,432
11373,432
11374,432
11375,432
11376,432
11377,432
11378,432
11379,432
11380,432
11381,432
11382,432
11383,432
11384,432
11385,432
11386,432
11387,432
11388,432
11389,432
11390,432
11391,432
11392,432
11393,432
11394,432
11395,432
11396,432
11397,432
11398,432
11399,432
11400,432
11401,432
11402,432
11403,432
11404,432
11405,432
11406,432
11407,432
11408,432
11409,432
11410,432
11411,432
11412,432
11413,432
11414,432
11415,432
11416,432
11417,432
11418,432
11419,432
11420,432
11421,432
11422,432
11423,432
11424,432
11425,432
11426,432
11427,432
11428,432
11429,432
11430,432
11431,432
11432,432
11433,432
11434,432
11435,432
11436,432
11437,432
11438,432
11439,432
11440,432
11441,432
11442,432
11443,432
11444,432
11445,432
11446,432
11447,432
11448,432
11449,432
11450,432
11451,432
11452,432
11453,432
11454,432
11455,432
11456,432
11457,432
11458,432
11459,432
11460,432
11461,432
11462,432
11463,432
11464,432
11465,432
11466,432
11467,432
11468,432
11469,432
11470,432
11471,432
11472,432
11473,432
11474,432
11475,432
11476,432
11477,432
11478,432
11479,432
11480,432
11481,432
11482,432
11483,432
11484,432
11485,432
11486,432
11487,432
11488,432
11489,432
11490,432
11491,432
11492,432
11493,432
11494,432
11495,432
11496,432
11497,432
11498,432
11499,432
11500,432
11501,432
11502,432
11503,432
11504,432
11505,432
11506,432
11507,432
11508,432
11509,432
11510,432
11511,432
11512,432
11513,432
11514,432
11515,432
11516,432
11517,432
11518,432
11519,432
11520,432
11521,432
11522,432
11523,432
11524,432
11525,432
11526,432
11527,432
11528,432
11529,432
11530,432
11531,432
11532,432
11533,432
11534,432
11535,432
11536,432
11537,432
11538,432
11539,432
11540,432
11541,432
11542,432
11543,432
11544,432
11545,432
11546,432
11547,432
11548,432
11549,432
11550,432
11551,432
11552,432
11553,432
11554,432
11555,432
11556,432
11557,432
11558,432
11559,432
11560,432
11561,432
11562,432
11563,432
11564,432
11565,432
11566,432
11567,432
11568,432
11569,432
11570,432
11571,432
11572,432
11573,432
11574,432
11575,432
11576,432
11577,432
11578,432
11579,432
11580,432
11581,432
11582,432
11583,432
11584,432
11585,432
11586,432
11587,432
11588,432
11589,432
11590,432
11591,432
11592,432
11593,432
11594,432
11595,432
11596,432
11597,432
11598,432
11599,432
11600,432
11601,432
11602,432
11603,432
11604,432
11605,432
11606,432
11607,432
11608,432
11609,432
11610,432
11611,432
11612,432
11613,432
11614,432
11615,432
11616,432
11617,432
11618,432
11619,432
11620,432
11621,432
11622,432
11623,432
11624,432
11625,432
11626,432
11627,432
11628,432
11629,432
11630,432
11631,432
11632,432
11633,432
11634,432
11635,432
11636,432
11637,432
11638,432
11639,432
11640,432
11641,432
11642,432
11643,432
11644,432
11645,432
11646,432
11647,432
11648,432
11649,432
11650,432
11651,432
11652,432
11653,432
11654,432
11655,432
11656,432
11657,432
11658,432
11659,432
11660,432
11661,432
11662,432
11663,432
11664,432
11665,432
11666,432
11667,432
11668,432
11669,432
11670,432
11671,432
11672,432
11673,432
11674,432
11675,432
11676,432
11677,432
11678,432
11679,432
11680,432
11681,432
11682,432
11683,432
11684,432
11685,432
11686,432
11687,432
11688,432
11689,432
11690,432
11691,432
11692,432
11693,432
11694,432
11695,432
11696,432
11697,432
11698,432
11699,432
11700,432
11701,432
11702,432
11703,432
11704,432
11705,432
11706,432
11707,432
11708,432
11709,432
11710,432
11711,432
11712,432
11713,432
11714,432
11715,432
11716,432
11717,432
11718,432
11719,432
11720,432
11721,432
11722,432
11723,432
11724,432
11725,432
11726,432
11727,432
11728,432
11729,432
11730,432
11731,432
11732,432
11733,432
11734,432
11735,432
11736,432
11737,432
11738,432
11739,432
11740,432
11741,432
11742,432
11743,432
11744,432
11745,432
11746,432
11747,432
11748,432
11749,432
11750,432
11751,432
11752,432
11753,432
11754,432
11755,432
11756,432
11757,432
11758,432
11759,432
11760,432
11761,432
11762,432
11763,432
11764,432
11765,432
11766,432
11767,432
11768,432
11769,432
11770,432
11771,432
11772,432
11773,432
11774,432
11775,432
11776,432
11777,432
11778,432
11779,432
11780,432
11781,432
11782,432
11783,432
11784,432
11785,432
11786,432
11787,432
11788,432
11789,432
11790,432
11791,432
11792,432
11793,432
11794,432
11795,432
11796,432
11797,432
11798,432
11799,432
11800,432
11801,432
11802,432
11803,432
11804,432
11805,432
11806,432
11807,432
11808,432
11809,432
11810,432
11811,432
11812,432
11813,432
11814,432
11815,432
11816,432
11817,432
11818,432
11819,432
11820,432
11821,432
11822,432
11823,432
11824,432
11825,432
11826,432
11827,432
11828,432
11829,432
11830,432
11831,432
11832,432
11833,432
11834,432
11835,432
11836,432
11837,432
11838,432
11839,432
11840,432
11841,432
11842,432
11843,432
11844,432
11845,432
11846,432
11847,432
11848,432
11849,432
11850,432
11851,432
11852,432
11853,432
11854,432
11855,432
11856,432
11857,432
11858,432
11859,432
11860,432
11861,432
11862,432
11863,432
11864,432
11865,432
11866,432
11867,432
11868,432
11869,432
11870,432
11871,432
11872,432
11873,432
11874,432
11875,432
11876,432
11877,432
11878,432
11879,432
11880,432
11881,432
11882,432
11883,432
11884,432
11885,432
11886,432
11887,432
11888,432
11889,432
11890,432
11891,432
11892,432
11893,432
11894,432
11895,432
11896,432
11897,432
11898,432
11899,432
11900,432
11901,432
11902,432
11903,432
11904,432
11905,432
11906,432
11907,432
11908,432
11909,432
11910,432
11911,432
11912,432
11913,432
11914,432
11915,432
11916,432
11917,432
11918,432
11919,432
11920,432
11921,432
11922,432
11923,432
11924,432
11925,432
11926,432
11927,432
11928,432
11929,432
11930,432
11931,432
11932,432
11933,432
11934,432
11935,432
11936,432
11937,432
11938,432
11939,432
11940,432
11941,432
11942,432
11943,432
11944,432
11945,432
11946,432
11947,432
11948,432
11949,432
11950,432
11951,432
11952,432
11953,432
11954,432
11955,432
11956,432
11957,432
11958,432
11959,432
11960,432
11961,432
11962,432
11963,432
11964,432
11965,432
11966,432
11967,432
11968,432
11969,432
11970,432
11971,432
11972,432
11973,432
11974,432
11975,432
11976,432
11977,432
11978,432
11979,432
11980,432
11981,432
11982,432
11983,432
11984,432
11985,432
11986,432
11987,432
11988,432
11989,432
11990,432
11991,432
11992,432
11993,432
11994,432
11995,432
11996,432
11997,432
11998,432
11999,432
12000,432
12001,432
12002,432
12003,432
12004,432
12005,432
12006,432
12007,432
12008,432
12009,432
12010,432
12011,432
12012,432
12013,432
12014,432
12015,432
12016,432
12017,432
12018,432
12019,432
12020,432
12021,432
12022,432
12023,432
12024,432
12025,432
12026,432
12027,432
12028,432
12029,432
12030,432
12031,432
12032,432
12033,432
12034,432
12035,432
12036,432
12037,432
12038,432
12039,432
12040,432
12041,432
12042,432
12043,432
12044,432
12045,432
12046,432
12047,432
12048,432
12049,432
12050,432
12051,432
12052,432
12053,432
12054,432
12055,432
12056,432
12057,432
12058,432
12059,432
12060,432
12061,432
12062,432
12063,432
12064,432
12065,432
12066,432
12067,432
12068,432
12069,432
12070,432
12071,432
12072,432
12073,432
12074,432
12075,432
12076,432
12077,432
12078,432
12079,432
12080,432
12081,432
12082,432
12083,432
12084,432
12085,432
12086,432
12087,432
12088,432
12089,432
12090,432
12091,432
12092,432
12093,432
12094,432
12095,432
12096,432
12097,432
12098,432
12099,432
12100,432
12101,432
12102,432
12103,432
12104,432
12105,432
12106,432
12107,432
12108,432
12109,432
12110,432
12111,432
12112,432
12113,432
12114,432
12115,432
12116,432
12117,432
12118,432
12119,432
12120,432
12121,432
12122,432
12123,432
12124,432
12125,432
12126,432
12127,432
12128,432
12129,432
12130,432
12131,432
12132,432
12133,432
12134,432
12135,432
12136,432
12137,432
12138,432
12139,432
12140,432
12141,432
12142,432
12143,432
12144,432
12145,432
12146,432
12147,432
12148,432
12149,432
12150,432
12151,432
12152,432
12153,432
12154,432
12155,432
12156,432
12157,432
12158,432
12159,432
12160,432
12161,432
12162,432
12163,432
12164,432
12165,432
12166,432
12167,432
12168,432
12169,432
12170,432
12171,432
12172,432
12173,432
12174,432
12175,432
12176,432
12177,432
12178,432
12179,432
12180,432
12181,432
12182,432
12183,432
12184,432
12185,432
12186,432
12187,432
12188,432
12189,432
12190,432
12191,432
12192,432
12193,432
12194,432
12195,432
12196,432
12197,432
12198,432
12199,432
12200,432
12201,432
12202,432
12203,432
12204,432
12205,432
12206,432
12207,432
12208,432
12209,432
12210,432
12211,432
12212,432
12213,432
12214,432
12215,432
12216,432
12217,432
12218,432
12219,432
12220,432
12221,432
12222,432
12223,432
12224,432
12225,432
12226,432
12227,432
12228,432
12229,432
12230,432
12231,432
12232,432
12233,432
12234,432
12235,432
12236,432
12237,432
12238,432
12239,432
12240,432
12241,432
12242,432
12243,432
12244,432
12245,432
12246,432
12247,432
12248,432
12249,432
12250,432
12251,432
12252,432
12253,432
12254,432
12255,432
12256,432
12257,432
12258,432
12259,432
12260,432
12261,432
12262,432
12263,432
12264,432
12265,432
12266,432
12267,432
12268,432
12269,432
12270,432
12271,432
12272,432
12273,432
12274,432
12275,432
12276,432
12277,432
12278,432
12279,432
12280,432
12281,432
12282,432
12283,432
12284,432
12285,432
12286,432
12287,432
12288,432
12289,432
12290,432
12291,432
12292,432
12293,432
12294,432
12295,432
12296,432
12297,432
12298,432
12299,432
12300,432
12301,432
12302,432
12303,432
12304,432
12305,432
12306,432
12307,432
12308,432
12309,432
12310,432
12311,432
12312,432
12313,432
12314,432
12315,432
12316,432
12317,432
12318,432
12319,432
12320,432
12321,432
12322,432
12323,432
12324,432
12325,432
12326,432
12327,432
12328,432
12329,432
12330,432
12331,432
12332,432
12333,432
12334,432
12335,432
12336,432
12337,432
12338,432
12339,432
12340,432
12341,432
12342,432
12343,432
12344,432
12345,432
12346,432
12347,432
12348,432
12349,432
12350,432
12351,432
12352,432
12353,432
12354,432
12355,432
12356,432
12357,432
12358,432
12359,432
12360,432
12361,432
12362,432
12363,432
12364,432
12365,432
12366,432
12367,432
12368,432
12369,432
12370,432
12371,432
12372,432
12373,432
12374,432
12375,432
12376,432
12377,432
12378,432
12379,432
12380,432
12381,432
12382,432
12383,432
12384,432
12385,432
12386,432
12387,432
12388,432
12389,432
12390,432
12391,432
12392,432
12393,432
12394,432
12395,432
12396,432
12397,432
12398,432
12399,432
12400,432
12401,432
12402,432
12403,432
12404,432
12405,432
12406,432
12407,432
12408,432
12409,432
12410,432
12411,432
12412,432
12413,432
12414,432
12415,432
12416,432
12417,432
12418,432
12419,432
12420,432
12421,432
12422,432
12423,432
12424,432
12425,432
12426,432
12427,432
12428,432
12429,432
12430,432
12431,432
12432,432
12433,432
12434,432
12435,432
12436,432
12437,432
12438,432
12439,432
12440,432
12441,432
12442,432
12443,432
12444,432
12445,432
12446,432
12447,432
12448,432
12449,432
12450,432
12451,432
12452,432
12453,432
12454,432
12455,432
12456,432
12457,432
12458,432
12459,432
12460,432
12461,432
12462,432
12463,432
12464,432
12465,432
12466,432
12467,432
12468,432
12469,432
12470,432
12471,432
12472,432
12473,432
12474,432
12475,432
12476,432
12477,432
12478,432
12479,432
12480,432
12481,432
12482,432
12483,432
12484,432
12485,432
12486,432
12487,432
12488,432
12489,432
12490,432
12491,432
12492,432
12493,432
12494,432
12495,432
12496,432
12497,432
12498,432
12499,432
12500,432
12501,432
12502,432
12503,432
12504,432
12505,432
12506,432
12507,432
12508,432
12509,432
12510,432
12511,432
12512,432
12513,432
12514,432
12515,432
12516,432
12517,432
12518,432
12519,432
12520,432
12521,432
12522,432
12523,432
12524,432
12525,432
12526,432
12527,432
12528,432
12529,432
12530,432
12531,432
12532,432
12533,432
12534,432
12535,432
12536,432
12537,432
12538,432
12539,432
12540,432
12541,432
12542,432
12543,432
12544,432
12545,432
12546,432
12547,432
12548,432
12549,432
12550,432
12551,432
12552,432
12553,432
12554,432
12555,432
12556,432
12557,432
12558,432
12559,432
12560,432
12561,432
12562,432
12563,432
12564,432
12565,432
12566,432
12567,432
12568,432
12569,432
12570,432
12571,432
12572,432
12573,432
12574,432
12575,432
12576,432
12577,432
12578,432
12579,432
12580,432
12581,432
12582,432
12583,432
12584,432
12585,432
12586,432
12587,432
12588,432
12589,432
12590,432
12591,432
12592,432
12593,432
12594,432
12595,432
12596,432
12597,432
12598,432
12599,432
12600,432
12601,432
12602,432
12603,432
12604,432
12605,432
12606,432
12607,432
12608,432
12609,432
12610,432
12611,432
12612,432
12613,432
12614,432
12615,432
12616,432
12617,432
12618,432
12619,432
12620,432
12621,432
12622,432
12623,432
12624,432
12625,432
12626,432
12627,432
12628,432
12629,432
12630,432
12631,432
12632,432
12633,432
12634,432
12635,432
12636,432
12637,432
12638,432
12639,432
12640,432
12641,432
12642,432
12643,432
12644,432
12645,432
12646,432
12647,432
12648,432
12649,432
12650,432
12651,432
12652,432
12653,432
12654,432
12655,432
12656,432
12657,432
12658,432
12659,432
12660,432
12661,432
12662,432
12663,432
12664,432
12665,432
12666,432
12667,432
12668,432
12669,432
12670,432
12671,432
12672,432
12673,432
12674,432
12675,432
12676,432
12677,432
12678,432
12679,432
12680,432
12681,432
12682,432
12683,432
12684,432
12685,432
12686,432
12687,432
12688,432
12689,432
12690,432
12691,432
12692,432
12693,432
12694,432
12695,432
12696,432
12697,432
12698,432
12699,432
12700,432
12701,432
12702,432
12703,432
12704,432
12705,432
12706,432
12707,432
12708,432
12709,432
12710,432
12711,432
12712,432
12713,432
12714,432
12715,432
12716,432
12717,432
12718,432
12719,432
12720,432
12721,432
12722,432
12723,432
12724,432
12725,432
12726,432
12727,432
12728,432
12729,432
12730,432
12731,432
12732,432
12733,432
12734,432
12735,432
12736,432
12737,432
12738,432
12739,432
12740,432
12741,432
12742,432
12743,432
12744,432
12745,432
12746,432
12747,432
12748,432
12749,432
12750,432
12751,432
12752,432
12753,432
12754,432
12755,432
12756,432
12757,432
12758,432
12759,432
12760,432
12761,432
12762,432
12763,432
12764,432
12765,432
12766,432
12767,432
12768,432
12769,432
12770,432
12771,432
12772,432
12773,432
12774,432
12775,432
12776,432
12777,432
12778,432
12779,432
12780,432
12781,432
12782,432
12783,432
12784,432
12785,432
12786,432
12787,432
12788,432
12789,432
12790,432
12791,432
12792,432
12793,432
12794,432
12795,432
12796,432
12797,432
12798,432
12799,432
12800,432
12801,432
12802,432
12803,432
12804,432
12805,432
12806,432
12807,432
12808,432
12809,432
12810,432
12811,432
12812,432
12813,432
12814,432
12815,432
12816,432
12817,432
12818,432
12819,432
12820,432
12821,432
12822,432
12823,432
12824,432
12825,432
12826,432
12827,432
12828,432
12829,432
12830,432
12831,432
12832,432
12833,432
12834,432
12835,432
12836,432
12837,432
12838,432
12839,432
12840,432
12841,432
12842,432
12843,432
12844,432
12845,432
12846,432
12847,432
12848,432
12849,432
12850,432
12851,432
12852,432
12853,432
12854,432
12855,432
12856,432
12857,432
12858,432
12859,432
12860,432
12861,432
12862,432
12863,432
12864,432
12865,432
12866,432
12867,432
12868,432
12869,432
12870,432
12871,432
12872,432
12873,432
12874,432
12875,432
12876,432
12877,432
12878,432
12879,432
12880,432
12881,432
12882,432
12883,432
12884,432
12885,432
12886,432
12887,432
12888,432
12889,432
12890,432
12891,432
12892,432
12893,432
12894,432
12895,432
12896,432
12897,432
12898,432
12899,432
12900,432
12901,432
12902,432
12903,432
12904,432
12905,432
12906,432
12907,432
12908,432
12909,432
12910,432
12911,432
12912,432
12913,432
12914,432
12915,432
12916,432
12917,432
12918,432
12919,432
12920,432
12921,432
12922,432
12923,432
12924,432
12925,432
12926,432
12927,432
12928,432
12929,432
12930,432
12931,432
12932,432
12933,432
12934,432
12935,432
12936,432
12937,432
12938,432
12939,432
12940,432
12941,432
12942,432
12943,432
12944,432
12945,432
12946,432
12947,432
12948,432
12949,432
12950,432
12951,432
12952,432
12953,432
12954,432
12955,432
12956,432
12957,432
12958,432
12959,432
12960,432
12961,432
12962,432
12963,432
12964,432
12965,432
12966,432
12967,432
12968,432
12969,432
12970,432
12971,432
12972,432
12973,432
12974,432
12975,432
12976,432
12977,432
12978,432
12979,432
12980,432
12981,432
12982,432
12983,432
12984,432
12985,432
12986,432
12987,432
12988,432
12989,432
12990,432
12991,432
12992,432
12993,432
12994,432
12995,432
12996,432
12997,432
12998,432
12999,432
13000,432
13001,432
13002,432
13003,432
13004,432
13005,432
13006,432
13007,432
13008,432
13009,432
13010,432
13011,432
13012,432
13013,432
13014,432
13015,432
13016,432
13017,432
13018,432
13019,432
13020,432
13021,432
13022,432
13023,432
13024,432
13025,432
13026,432
13027,432
13028,432
13029,432
13030,432
13031,432
13032,432
13033,432
13034,432
13035,432
13036,432
13037,432
13038,432
13039,432
13040,432
13041,432
13042,432
13043,432
13044,432
13045,432
13046,432
13047,432
13048,432
13049,432
13050,432
13051,432
13052,432
13053,432
13054,432
13055,432
13056,432
13057,432
13058,432
13059,432
13060,432
13061,432
13062,432
13063,432
13064,432
13065,432
13066,432
13067,432
13068,432
13069,432
13070,432
13071,432
13072,432
13073,432
13074,432
13075,432
13076,432
13077,432
13078,432
13079,432
13080,432
13081,432
13082,432
13083,432
13084,432
13085,432
13086,432
13087,432
13088,432
13089,432
13090,432
13091,432
13092,432
13093,432
13094,432
13095,432
13096,432
13097,432
13098,432
13099,432
13100,432
13101,432
13102,432
13103,432
13104,432
13105,432
13106,432
13107,432
13108,432
13109,432
13110,432
13111,432
13112,432
13113,432
13114,432
13115,432
13116,432
13117,432
13118,432
13119,432
13120,432
13121,432
13122,432
13123,432
13124,432
13125,432
13126,432
13127,432
13128,432
13129,432
13130,432
13131,432
13132,432
13133,432
13134,432
13135,432
13136,432
13137,432
13138,432
13139,432
13140,432
13141,432
13142,432
13143,432
13144,432
13145,432
13146,432
13147,432
13148,432
13149,432
13150,432
13151,432
13152,432
13153,432
13154,432
13155,432
13156,432
13157,432
13158,432
13159,432
13160,432
13161,432
13162,432
13163,432
13164,432
13165,432
13166,432
13167,432
13168,432
13169,432
13170,432
13171,432
13172,432
13173,432
13174,432
13175,432
13176,432
13177,432
13178,432
13179,432
13180,432
13181,432
13182,432
13183,432
13184,432
13185,432
13186,432
13187,432
13188,432
13189,432
13190,432
13191,432
13192,432
13193,432
13194,432
13195,432
13196,432
13197,432
13198,432
13199,432
13200,432
13201,432
13202,432
13203,432
13204,432
13205,432
13206,432
13207,432
13208,432
13209,432
13210,432
13211,432
13212,432
13213,432
13214,432
13215,432
13216,432
13217,432
13218,432
13219,432
13220,432
13221,432
13222,432
13223,432
13224,432
13225,432
13226,432
13227,432
13228,432
13229,432
13230,432
13231,432
13232,432
13233,432
13234,432
13235,432
13236,432
13237,432
13238,432
13239,432
13240,432
13241,432
13242,432
13243,432
13244,432
13245,432
13246,432
13247,432
13248,432
13249,432
13250,432
13251,432
13252,432
13253,432
13254,432
13255,432
13256,432
13257,432
13258,432
13259,432
13260,432
13261,432
13262,432
13263,432
13264,432
13265,432
13266,432
13267,432
13268,432
13269,432
13270,432
13271,432
13272,432
13273,432
13274,432
13275,432
13276,432
13277,432
13278,432
13279,432
13280,432
13281,432
13282,432
13283,432
13284,432
13285,432
13286,432
13287,432
13288,432
13289,432
13290,432
13291,432
13292,432
13293,432
13294,432
13295,432
13296,432
13297,432
13298,432
13299,432
13300,432
13301,432
13302,432
13303,432
13304,432
13305,432
13306,432
13307,432
13308,432
13309,432
13310,432
13311,432
13312,432
13313,432
13314,432
13315,432
13316,432
13317,432
13318,432
13319,432
13320,432
13321,432
13322,432
13323,432
13324,432
13325,432
13326,432
13327,432
13328,432
13329,432
13330,432
13331,432
13332,432
13333,432
13334,432
13335,432
13336,432
13337,432
13338,432
13339,432
13340,432
13341,432
13342,432
13343,432
13344,432
13345,432
13346,432
13347,432
13348,432
13349,432
13350,432
13351,432
13352,432
13353,432
13354,432
13355,432
13356,432
13357,432
13358,432
13359,432
13360,432
13361,432
13362,432
13363,432
13364,432
13365,432
13366,432
13367,432
13368,432
13369,432
13370,432
13371,432
13372,432
13373,432
13374,432
13375,432
13376,432
13377,432
13378,432
13379,432
13380,432
13381,432
13382,432
13383,432
13384,432
13385,432
13386,432
13387,432
13388,432
13389,432
13390,432
13391,432
13392,432
13393,432
13394,432
13395,432
13396,432
13397,432
13398,432
13399,432
13400,432
13401,432
13402,432
13403,432
13404,432
13405,432
13406,432
13407,432
13408,432
13409,432
13410,432
13411,432
13412,432
13413,432
13414,432
13415,432
13416,432
13417,432
13418,432
13419,432
13420,432
13421,432
13422,432
13423,432
13424,432
13425,432
13426,432
13427,432
13428,432
13429,432
13430,432
13431,432
13432,432
13433,432
13434,432
13435,432
13436,432
13437,432
13438,432
13439,432
13440,432
13441,432
13442,432
13443,432
13444,432
13445,432
13446,432
13447,432
13448,432
13449,432
13450,432
13451,432
13452,432
13453,432
13454,432
13455,432
13456,432
13457,432
13458,432
13459,432
13460,432
13461,432
13462,432
13463,432
13464,432
13465,432
13466,432
13467,432
13468,432
13469,432
13470,432
13471,432
13472,432
13473,432
13474,432
13475,432
13476,432
13477,432
13478,432
13479,432
13480,432
13481,432
13482,432
13483,432
13484,432
13485,432
13486,432
13487,432
13488,432
13489,432
13490,432
13491,432
13492,432
13493,432
13494,432
13495,432
13496,432
13497,432
13498,432
13499,432
13500,432
13501,432
13502,432
13503,432
13504,432
13505,432
13506,432
13507,432
13508,432
13509,432
13510,432
13511,432
13512,432
13513,432
13514,432
13515,432
13516,432
13517,432
13518,432
13519,432
13520,432
13521,432
13522,432
13523,432
13524,432
13525,432
13526,432
13527,432
13528,432
13529,432
13530,432
13531,432
13532,432
13533,432
13534,432
13535,432
13536,432
13537,432
13538,432
13539,432
13540,432
13541,432
13542,432
13543,432
13544,432
13545,432
13546,432
13547,432
13548,432
13549,432
13550,432
13551,432
13552,432
13553,432
13554,432
13555,432
13556,432
13557,432
13558,432
13559,432
13560,432
13561,432
13562,432
13563,432
13564,432
13565,432
13566,432
13567,432
13568,432
13569,432
13570,432
13571,432
13572,432
13573,432
13574,432
13575,432
13576,432
13577,432
13578,432
13579,432
13580,432
13581,432
13582,432
13583,432
13584,432
13585,432
13586,432
13587,432
13588,432
13589,432
13590,432
13591,432
13592,432
13593,432
13594,432
13595,432
13596,432
13597,432
13598,432
13599,432
13600,432
13601,432
13602,432
13603,432
13604,432
13605,432
13606,432
13607,432
13608,432
13609,432
13610,432
13611,432
13612,432
13613,432
13614,432
13615,432
13616,432
13617,432
13618,432
13619,432
13620,432
13621,432
13622,432
13623,432
13624,432
13625,432
13626,432
13627,432
13628,432
13629,432
13630,432
13631,432
13632,432
13633,432
13634,432
13635,432
13636,432
13637,432
13638,432
13639,432
13640,432
13641,432
13642,432
13643,432
13644,432
13645,432
13646,432
13647,432
13648,432
13649,432
13650,432
13651,432
13652,432
13653,432
13654,432
13655,432
13656,432
13657,432
13658,432
13659,432
13660,432
13661,432
13662,432
13663,432
13664,432
13665,432
13666,432
13667,432
13668,432
13669,432
13670,432
13671,432
13672,432
13673,432
13674,432
13675,432
13676,432
13677,432
13678,432
13679,432
13680,432
13681,432
13682,432
13683,432
13684,432
13685,432
13686,432
13687,432
13688,432
13689,432
13690,432
13691,432
13692,432
13693,432
13694,432
13695,432
13696,432
13697,432
13698,432
13699,432
13700,432
13701,432
13702,432
13703,432
13704,432
13705,432
13706,432
13707,432
13708,432
13709,432
13710,432
13711,432
13712,432
13713,432
13714,432
13715,432
13716,432
13717,432
13718,432
13719,432
13720,432
13721,432
13722,432
13723,432
13724,432
13725,432
13726,432
13727,432
13728,432
13729,432
13730,432
13731,432
13732,432
13733,432
13734,432
13735,432
13736,432
13737,432
13738,432
13739,432
13740,432
13741,432
13742,432
13743,432
13744,432
13745,432
13746,432
13747,432
13748,432
13749,432
13750,432
13751,432
13752,432
13753,432
13754,432
13755,432
13756,432
13757,432
13758,432
13759,432
13760,432
13761,432
13762,432
13763,432
13764,432
13765,432
13766,432
13767,432
13768,432
13769,432
13770,432
13771,432
13772,432
13773,432
13774,432
13775,432
13776,432
13777,432
13778,432
13779,432
13780,432
13781,432
13782,432
13783,432
13784,432
13785,432
13786,432
13787,432
13788,432
13789,432
13790,432
13791,432
13792,432
13793,432
13794,432
13795,432
13796,432
13797,432
13798,432
13799,432
13800,432
13801,432
13802,432
13803,432
13804,432
13805,432
13806,432
13807,432
13808,432
13809,432
13810,432
13811,432
13812,432
13813,432
13814,432
13815,432
13816,432
13817,432
13818,432
13819,432
13820,432
13821,432
13822,432
13823,432
13824,432
13825,432
13826,432
13827,432
13828,432
13829,432
13830,432
13831,432
13832,432
13833,432
13834,432
13835,432
13836,432
13837,432
13838,432
13839,432
13840,432
13841,432
13842,432
13843,432
13844,432
13845,432
13846,432
13847,432
13848,432
13849,432
13850,432
13851,432
13852,432
13853,432
13854,432
13855,432
13856,432
13857,432
13858,432
13859,432
13860,432
13861,432
13862,432
13863,432
13864,432
13865,432
13866,432
13867,432
13868,432
13869,432
13870,432
13871,432
13872,432
13873,432
13874,432
13875,432
13876,432
13877,432
13878,432
13879,432
13880,432
13881,432
13882,432
13883,432
13884,432
13885,432
13886,432
13887,432
13888,432
13889,432
13890,432
13891,432
13892,432
13893,432
13894,432
13895,432
13896,432
13897,432
13898,432
13899,432
13900,432
13901,432
13902,432
13903,432
13904,432
13905,432
13906,432
13907,432
13908,432
13909,432
13910,432
13911,432
13912,432
13913,432
13914,432
13915,432
13916,432
13917,432
13918,432
13919,432
13920,432
13921,432
13922,432
13923,432
13924,432
13925,432
13926,432
13927,432
13928,432
13929,432
13930,432
13931,432
13932,432
13933,432
13934,432
13935,432
13936,432
13937,432
13938,432
13939,432
13940,432
13941,432
13942,432
13943,432
13944,432
13945,432
13946,432
13947,432
13948,432
13949,432
13950,432
13951,432
13952,432
13953,432
13954,432
13955,432
13956,432
13957,432
13958,432
13959,432
13960,432
13961,432
13962,432
13963,432
13964,432
13965,432
13966,432
13967,432
13968,432
13969,432
13970,432
13971,432
13972,432
13973,432
13974,432
13975,432
13976,432
13977,432
13978,432
13979,432
13980,432
13981,432
13982,432
13983,432
13984,432
13985,432
13986,432
13987,432
13988,432
13989,432
13990,432
13991,432
13992,432
13993,432
13994,432
13995,432
13996,432
13997,432
13998,432
13999,432
14000,432
14001,432
14002,432
14003,432
14004,432
14005,432
14006,432
14007,432
14008,432
14009,432
14010,432
14011,432
14012,432
14013,432
14014,432
14015,432
14016,432
14017,432
14018,432
14019,432
14020,432
14021,432
14022,432
14023,432
14024,432
14025,432
14026,432
14027,432
14028,432
14029,432
14030,432
14031,432
14032,432
14033,432
14034,432
14035,432
14036,432
14037,432
14038,432
14039,432
14040,432
14041,432
14042,432
14043,432
14044,432
14045,432
14046,432
14047,432
14048,432
14049,432
14050,432
14051,432
14052,432
14053,432
14054,432
14055,432
14056,432
14057,432
14058,432
14059,432
14060,432
14061,432
14062,432
14063,432
14064,432
14065,432
14066,432
14067,432
14068,432
14069,432
14070,432
14071,432
14072,432
14073,432
14074,432
14075,432
14076,432
14077,432
14078,432
14079,432
14080,432
14081,432
14082,432
14083,432
14084,432
14085,432
14086,432
14087,432
14088,432
14089,432
14090,432
14091,432
14092,432
14093,432
14094,432
14095,432
14096,432
14097,432
14098,432
14099,432
14100,432
14101,432
14102,432
14103,432
14104,432
14105,432
14106,432
14107,432
14108,432
14109,432
14110,432
14111,432
14112,432
14113,432
14114,432
14115,432
14116,432
14117,432
14118,432
14119,432
14120,432
14121,432
14122,432
14123,432
14124,432
14125,432
14126,432
14127,432
14128,432
14129,432
14130,432
14131,432
14132,432
14133,432
14134,432
14135,432
14136,432
14137,432
14138,432
14139,432
14140,432
14141,432
14142,432
14143,432
14144,432
14145,432
14146,432
14147,432
14148,432
14149,432
14150,432
14151,432
14152,432
14153,432
14154,432
14155,432
14156,432
14157,432
14158,432
14159,432
14160,432
14161,432
14162,432
14163,432
14164,432
14165,432
14166,432
14167,432
14168,432
14169,432
14170,432
14171,432
14172,432
14173,432
14174,432
14175,432
14176,432
14177,432
14178,432
14179,432
14180,432
14181,432
14182,432
14183,432
14184,432
14185,432
14186,432
14187,432
14188,432
14189,432
14190,432
14191,432
14192,432
14193,432
14194,432
14195,432
14196,432
14197,432
14198,432
14199,432
14200,432
14201,432
14202,432
14203,432
14204,432
14205,432
14206,432
14207,432
14208,432
14209,432
14210,432
14211,432
14212,432
14213,432
14214,432
14215,432
14216,432
14217,432
14218,432
14219,432
14220,432
14221,432
14222,432
14223,432
14224,432
14225,432
14226,432
14227,432
14228,432
14229,432
14230,432
14231,432
14232,432
14233,432
14234,432
14235,432
14236,432
14237,432
14238,432
14239,432
14240,432
14241,432
14242,432
14243,432
14244,432
14245,432
14246,432
14247,432
14248,432
14249,432
14250,432
14251,432
14252,432
14253,432
14254,432
14255,432
14256,432
14257,432
14258,432
14259,432
14260,432
14261,432
14262,432
14263,432
14264,432
14265,432
14266,432
14267,432
14268,432
14269,432
14270,432
14271,432
14272,432
14273,432
14274,432
14275,432
14276,432
14277,432
14278,432
14279,432
14280,432
14281,432
14282,432
14283,432
14284,432
14285,432
14286,432
14287,432
14288,432
14289,432
14290,432
14291,432
14292,432
14293,432
14294,432
14295,432
14296,432
14297,432
14298,432
14299,432
14300,432
14301,432
14302,432
14303,432
14304,432
14305,432
14306,432
14307,432
14308,432
14309,432
14310,432
14311,432
14312,432
14313,432
14314,432
14315,432
14316,432
14317,432
14318,432
14319,432
14320,432
14321,432
14322,432
14323,432
14324,432
14325,432
14326,432
14327,432
14328,432
14329,432
14330,432
14331,432
14332,432
14333,432
14334,432
14335,432
14336,432
14337,432
14338,432
14339,432
14340,432
14341,432
14342,432
14343,432
14344,432
14345,432
14346,432
14347,432
14348,432
14349,432
14350,432
14351,432
14352,432
14353,432
14354,432
14355,432
14356,432
14357,432
14358,432
14359,432
14360,432
14361,432
14362,432
14363,432
14364,432
14365,432
14366,432
14367,432
14368,432
14369,432
14370,432
14371,432
14372,432
14373,432
14374,432
14375,432
14376,432
14377,432
14378,432
14379,432
14380,432
14381,432
14382,432
14383,432
14384,432
14385,432
14386,432
14387,432
14388,432
14389,432
14390,432
14391,432
14392,432
14393,432
14394,432
14395,432
14396,432
14397,432
14398,432
14399,432
14400,432
14401,432
14402,432
14403,432
14404,432
14405,432
14406,432
14407,432
14408,432
14409,432
14410,432
14411,432
14412,432
14413,432
14414,432
14415,432
14416,432
14417,432
14418,432
14419,432
14420,432
14421,432
14422,432
14423,432
14424,432
14425,432
14426,432
14427,432
14428,432
14429,432
14430,432
14431,432
14432,432
14433,432
14434,432
14435,432
14436,432
14437,432
14438,432
14439,432
14440,432
14441,432
14442,432
14443,432
14444,432
14445,432
14446,432
14447,432
14448,432
14449,432
14450,432
14451,432
14452,432
14453,432
14454,432
14455,432
14456,432
14457,432
14458,432
14459,432
14460,432
14461,432
14462,432
14463,432
14464,432
14465,432
14466,432
14467,432
14468,432
14469,432
14470,432
14471,432
14472,432
14473,432
14474,432
14475,432
14476,432
14477,432
14478,432
14479,432
14480,432
14481,432
14482,432
14483,432
14484,432
14485,432
14486,432
14487,432
14488,432
14489,432
14490,432
14491,432
14492,432
14493,432
14494,432
14495,432
14496,432
14497,432
14498,432
14499,432
14500,432
14501,432
14502,432
14503,432
14504,432
14505,432
14506,432
14507,432
14508,432
14509,432
14510,432
14511,432
14512,432
14513,432
14514,432
14515,432
14516,432
14517,432
14518,432
14519,432
14520,432
14521,432
14522,432
14523,432
14524,432
14525,432
14526,432
14527,432
14528,432
14529,432
14530,432
14531,432
14532,432
14533,432
14534,432
14535,432
14536,432
14537,432
14538,432
14539,432
14540,432
14541,432
14542,432
14543,432
14544,432
14545,432
14546,432
14547,432
14548,432
14549,432
14550,432
14551,432
14552,432
14553,432
14554,432
14555,432
14556,432
14557,432
14558,432
14559,432
14560,432
14561,432
14562,432
14563,432
14564,432
14565,432
14566,432
14567,432
14568,432
14569,432
14570,432
14571,432
14572,432
14573,432
14574,432
14575,432
14576,432
14577,432
14578,432
14579,432
14580,432
14581,432
14582,432
14583,432
14584,432
14585,432
14586,432
14587,432
14588,432
14589,432
14590,432
14591,432
14592,432
14593,432
14594,432
14595,432
14596,432
14597,432
14598,432
14599,432
14600,432
14601,432
14602,432
14603,432
14604,432
14605,432
14606,432
14607,432
14608,432
14609,432
14610,432
14611,432
14612,432
14613,432
14614,432
14615,432
14616,432
14617,432
14618,432
14619,432
14620,432
14621,432
14622,432
14623,432
14624,432
14625,432
14626,432
14627,432
14628,432
14629,432
14630,432
14631,432
14632,432
14633,432
14634,432
14635,432
14636,432
14637,432
14638,432
14639,432
14640,432
14641,432
14642,432
14643,432
14644,432
14645,432
14646,432
14647,432
14648,432
14649,432
14650,432
14651,432
14652,432
14653,432
14654,432
14655,432
14656,432
14657,432
14658,432
14659,432
14660,432
14661,432
14662,432
14663,432
14664,432
14665,432
14666,432
14667,432
14668,432
14669,432
14670,432
14671,432
14672,432
14673,432
14674,432
14675,432
14676,432
14677,432
14678,432
14679,432
14680,432
14681,432
14682,432
14683,432
14684,432
14685,432
14686,432
14687,432
14688,432
14689,432
14690,432
14691,432
14692,432
14693,432
14694,432
14695,432
14696,432
14697,432
14698,432
14699,432
14700,432
14701,432
14702,432
14703,432
14704,432
14705,432
14706,432
14707,432
14708,432
14709,432
14710,432
14711,432
14712,432
14713,432
14714,432
14715,432
14716,432
14717,432
14718,432
14719,432
14720,432
14721,432
14722,432
14723,432
14724,432
14725,432
14726,432
14727,432
14728,432
14729,432
14730,432
14731,432
14732,432
14733,432
14734,432
14735,432
14736,432
14737,432
14738,432
14739,432
14740,432
14741,432
14742,432
14743,432
14744,432
14745,432
14746,432
14747,432
14748,432
14749,432
14750,432
14751,432
14752,432
14753,432
14754,432
14755,432
14756,432
14757,432
14758,432
14759,432
14760,432
14761,432
14762,432
14763,432
14764,432
14765,432
14766,432
14767,432
14768,432
14769,432
14770,432
14771,432
14772,432
14773,432
14774,432
14775,432
14776,432
14777,432
14778,432
14779,432
14780,432
14781,432
14782,432
14783,432
14784,432
14785,432
14786,432
14787,432
14788,432
14789,432
14790,432
14791,432
14792,432
14793,432
14794,432
14795,432
14796,432
14797,432
14798,432
14799,432
14800,432
14801,432
14802,432
14803,432
14804,432
14805,432
14806,432
14807,432
14808,432
14809,432
14810,432
14811,432
14812,432
14813,432
14814,432
14815,432
14816,432
14817,432
14818,432
14819,432
14820,432
14821,432
14822,432
14823,432
14824,432
14825,432
14826,432
14827,432
14828,432
14829,432
14830,432
14831,432
14832,432
14833,432
14834,432
14835,432
14836,432
14837,432
14838,432
14839,432
14840,432
14841,432
14842,432
14843,432
14844,432
14845,432
14846,432
14847,432
14848,432
14849,432
14850,432
14851,432
14852,432
14853,432
14854,432
14855,432
14856,432
14857,432
14858,432
14859,432
14860,432
14861,432
14862,432
14863,432
14864,432
14865,432
14866,432
14867,432
14868,432
14869,432
14870,432
14871,432
14872,432
14873,432
14874,432
14875,432
14876,432
14877,432
14878,432
14879,432
14880,432
14881,432
14882,432
14883,432
14884,432
14885,432
14886,432
14887,432
14888,432
14889,432
14890,432
14891,432
14892,432
14893,432
14894,432
14895,432
14896,432
14897,432
14898,432
14899,432
14900,432
14901,432
14902,432
14903,432
14904,432
14905,432
14906,432
14907,432
14908,432
14909,432
14910,432
14911,432
14912,432
14913,432
14914,432
14915,432
14916,432
14917,432
14918,432
14919,432
14920,432
14921,432
14922,432
14923,432
14924,432
14925,432
14926,432
14927,432
14928,432
14929,432
14930,432
14931,432
14932,432
14933,432
14934,432
14935,432
14936,432
14937,432
14938,432
14939,432
14940,432
14941,432
14942,432
14943,432
14944,432
14945,432
14946,432
14947,432
14948,432
14949,432
14950,432
14951,432
14952,432
14953,432
14954,432
14955,432
14956,432
14957,432
14958,432
14959,432
14960,432
14961,432
14962,432
14963,432
14964,432
14965,432
14966,432
14967,432
14968,432
14969,432
14970,432
14971,432
14972,432
14973,432
14974,432
14975,432
14976,432
14977,432
14978,432
14979,432
14980,432
14981,432
14982,432
14983,432
14984,432
14985,432
14986,432
14987,432
14988,432
14989,432
14990,432
14991,432
14992,432
14993,432
14994,432
14995,432
14996,432
14997,432
14998,432
14999,432
15000,432
15001,432
15002,432
15003,432
15004,432
15005,432
15006,432
15007,432
15008,432
15009,432
15010,432
15011,432
15012,432
15013,432
15014,432
15015,432
15016,432
15017,432
15018,432
15019,432
15020,432
15021,432
15022,432
15023,432
15024,432
15025,432
15026,432
15027,432
15028,432
15029,432
15030,432
15031,432
15032,432
15033,432
15034,432
15035,432
15036,432
15037,432
15038,432
15039,432
15040,432
15041,432
15042,432
15043,432
15044,432
15045,432
15046,432
15047,432
15048,432
15049,432
15050,432
15051,432
15052,432
15053,432
15054,432
15055,432
15056,432
15057,432
15058,432
15059,432
15060,432
15061,432
15062,432
15063,432
15064,432
15065,432
15066,432
15067,432
15068,432
15069,432
15070,432
15071,432
15072,432
15073,432
15074,432
15075,432
15076,432
15077,432
15078,432
15079,432
15080,432
15081,432
15082,432
15083,432
15084,432
15085,432
15086,432
15087,432
15088,432
15089,432
15090,432
15091,432
15092,432
15093,432
15094,432
15095,432
15096,432
15097,432
15098,432
15099,432
15100,432
15101,432
15102,432
15103,432
15104,432
15105,432
15106,432
15107,432
15108,432
15109,432
15110,432
15111,432
15112,432
15113,432
15114,432
15115,432
15116,432
15117,432
15118,432
15119,432
15120,432
15121,432
15122,432
15123,432
15124,432
15125,432
15126,432
15127,432
15128,432
15129,432
15130,432
15131,432
15132,432
15133,432
15134,432
15135,432
15136,432
15137,432
15138,432
15139,432
15140,432
15141,432
15142,432
15143,432
15144,432
15145,432
15146,432
15147,432
15148,432
15149,432
15150,432
15151,432
15152,432
15153,432
15154,432
15155,432
15156,432
15157,432
15158,432
15159,432
15160,432
15161,432
15162,432
15163,432
15164,432
15165,432
15166,432
15167,432
15168,432
15169,432
15170,432
15171,432
15172,432
15173,432
15174,432
15175,432
15176,432
15177,432
15178,432
15179,432
15180,432
15181,432
15182,432
15183,432
15184,432
15185,432
15186,432
15187,432
15188,432
15189,432
15190,432
15191,432
15192,432
15193,432
15194,432
15195,432
15196,432
15197,432
15198,432
15199,432
15200,432
15201,432
15202,432
15203,432
15204,432
15205,432
15206,432
15207,432
15208,432
15209,432
15210,432
15211,432
15212,432
15213,432
15214,432
15215,432
15216,432
15217,432
15218,432
15219,432
15220,432
15221,432
15222,432
15223,432
15224,432
15225,432
15226,432
15227,432
15228,432
15229,432
15230,432
15231,432
15232,432
15233,432
15234,432
15235,432
15236,432
15237,432
15238,432
15239,432
15240,432
15241,432
15242,432
15243,432
15244,432
15245,432
15246,432
15247,432
15248,432
15249,432
15250,432
15251,432
15252,432
15253,432
15254,432
15255,432
15256,432
15257,432
15258,432
15259,432
15260,432
15261,432
15262,432
15263,432
15264,432
15265,432
15266,432
15267,432
15268,432
15269,432
15270,432
15271,432
15272,432
15273,432
15274,432
15275,432
15276,432
15277,432
15278,432
15279,432
15280,432
15281,432
15282,432
15283,432
15284,432
15285,432
15286,432
15287,432
15288,432
15289,432
15290,432
15291,432
15292,432
15293,432
15294,432
15295,432
15296,432
15297,432
15298,432
15299,432
15300,432
15301,432
15302,432
15303,432
15304,432
15305,432
15306,432
15307,432
15308,432
15309,432
15310,432
15311,432
15312,432
15313,432
15314,432
15315,432
15316,432
15317,432
15318,432
15319,432
15320,432
15321,432
15322,432
15323,432
15324,432
15325,432
15326,432
15327,432
15328,432
15329,432
15330,432
15331,432
15332,432
15333,432
15334,432
15335,432
15336,432
15337,432
15338,432
15339,432
15340,432
15341,432
15342,432
15343,432
15344,432
15345,432
15346,432
15347,432
15348,432
15349,432
15350,432
15351,432
15352,432
15353,432
15354,432
15355,432
15356,432
15357,432
15358,432
15359,432
15360,432
15361,432
15362,432
15363,432
15364,432
15365,432
15366,432
15367,432
15368,432
15369,432
15370,432
15371,432
15372,432
15373,432
15374,432
15375,432
15376,432
15377,432
15378,432
15379,432
15380,432
15381,432
15382,432
15383,432
15384,432
15385,432
15386,432
15387,432
15388,432
15389,432
15390,432
15391,432
15392,432
15393,432
15394,432
15395,432
15396,432
15397,432
15398,432
15399,432
15400,432
15401,432
15402,432
15403,432
15404,432
15405,432
15406,432
15407,432
15408,432
15409,432
15410,432
15411,432
15412,432
15413,432
15414,432
15415,432
15416,432
15417,432
15418,432
15419,432
15420,432
15421,432
15422,432
15423,432
15424,432
15425,432
15426,432
15427,432
15428,432
15429,432
15430,432
15431,432
15432,432
15433,432
15434,432
15435,432
15436,432
15437,432
15438,432
15439,432
15440,432
15441,432
15442,432
15443,432
15444,432
15445,432
15446,432
15447,432
15448,432
15449,432
15450,432
15451,432
15452,432
15453,432
15454,432
15455,432
15456,432
15457,432
15458,432
15459,432
15460,432
15461,432
15462,432
15463,432
15464,432
15465,432
15466,432
15467,432
15468,432
15469,432
15470,432
15471,432
15472,432
15473,432
15474,432
15475,432
15476,432
15477,432
15478,432
15479,432
15480,432
15481,432
15482,432
15483,432
15484,432
15485,432
15486,432
15487,432
15488,432
15489,432
15490,432
15491,432
15492,432
15493,432
15494,432
15495,432
15496,432
15497,432
15498,432
15499,432
15500,432
15501,432
15502,432
15503,432
15504,432
15505,432
15506,432
15507,432
15508,432
15509,432
15510,432
15511,432
15512,432
15513,432
15514,432
15515,432
15516,432
15517,432
15518,432
15519,432
15520,432
15521,432
15522,432
15523,432
15524,432
15525,432
15526,432
15527,432
15528,432
15529,432
15530,432
15531,432
15532,432
15533,432
15534,432
15535,432
15536,432
15537,432
15538,432
15539,432
15540,432
15541,432
15542,432
15543,432
15544,432
15545,432
15546,432
15547,432
15548,432
15549,432
15550,432
15551,432
15552,432
15553,432
15554,432
15555,432
15556,432
15557,432
15558,432
15559,432
15560,432
15561,432
15562,432
15563,432
15564,432
15565,432
15566,432
15567,432
15568,432
15569,432
15570,432
15571,432
15572,432
15573,432
15574,432
15575,432
15576,432
15577,432
15578,432
15579,432
15580,432
15581,432
15582,432
15583,432
15584,432
15585,432
15586,432
15587,432
15588,432
15589,432
15590,432
15591,432
15592,432
15593,432
15594,432
15595,432
15596,432
15597,432
15598,432
15599,432
15600,432
15601,432
15602,432
15603,432
15604,432
15605,432
15606,432
15607,432
15608,432
15609,432
15610,432
15611,432
15612,432
15613,432
15614,432
15615,432
15616,432
15617,432
15618,432
15619,432
15620,432
15621,432
15622,432
15623,432
15624,432
15625,432
15626,432
15627,432
15628,432
15629,432
15630,432
15631,432
15632,432
15633,432
15634,432
15635,432
15636,432
15637,432
15638,432
15639,432
15640,432
15641,432
15642,432
15643,432
15644,432
15645,432
15646,432
15647,432
15648,432
15649,432
15650,432
15651,432
15652,432
15653,432
15654,432
15655,432
15656,432
15657,432
15658,432
15659,432
15660,432
15661,432
15662,432
15663,432
15664,432
15665,432
15666,432
15667,432
15668,432
15669,432
15670,432
15671,432
15672,432
15673,432
15674,432
15675,432
15676,432
15677,432
15678,432
15679,432
15680,432
15681,432
15682,432
15683,432
15684,432
15685,432
15686,432
15687,432
15688,432
15689,432
15690,432
15691,432
15692,432
15693,432
15694,432
15695,432
15696,432
15697,432
15698,432
15699,432
15700,432
15701,432
15702,432
15703,432
15704,432
15705,432
15706,432
15707,432
15708,432
15709,432
15710,432
15711,432
15712,432
15713,432
15714,432
15715,432
15716,432
15717,432
15718,432
15719,432
15720,432
15721,432
15722,432
15723,432
15724,432
15725,432
15726,432
15727,432
15728,432
15729,432
15730,432
15731,432
15732,432
15733,432
15734,432
15735,432
15736,432
15737,432
15738,432
15739,432
15740,432
15741,432
15742,432
15743,432
15744,432
15745,432
15746,432
15747,432
15748,432
15749,432
15750,432
15751,432
15752,432
15753,432
15754,432
15755,432
15756,432
15757,432
15758,432
15759,432
15760,432
15761,432
15762,432
15763,432
15764,432
15765,432
15766,432
15767,432
15768,432
15769,432
15770,432
15771,432
15772,432
15773,432
15774,432
15775,432
15776,432
15777,432
15778,432
15779,432
15780,432
15781,432
15782,432
15783,432
15784,432
15785,432
15786,432
15787,432
15788,432
15789,432
15790,432
15791,432
15792,432
15793,432
15794,432
15795,432
15796,432
15797,432
15798,432
15799,432
15800,432
15801,432
15802,432
15803,432
15804,432
15805,432
15806,432
15807,432
15808,432
15809,432
15810,432
15811,432
15812,432
15813,432
15814,432
15815,432
15816,432
15817,432
15818,432
15819,432
15820,432
15821,432
15822,432
15823,432
15824,432
15825,432
15826,432
15827,432
15828,432
15829,432
15830,432
15831,432
15832,432
15833,432
15834,432
15835,432
15836,432
15837,432
15838,432
15839,432
15840,432
15841,432
15842,432
15843,432
15844,432
15845,432
15846,432
15847,432
15848,432
15849,432
15850,432
15851,432
15852,432
15853,432
15854,432
15855,432
15856,432
15857,432
15858,432
15859,432
15860,432
15861,432
15862,432
15863,432
15864,432
15865,432
15866,432
15867,432
15868,432
15869,432
15870,432
15871,432
15872,432
15873,432
15874,432
15875,432
15876,432
15877,432
15878,432
15879,432
15880,432
15881,432
15882,432
15883,432
15884,432
15885,432
15886,432
15887,432
15888,432
15889,432
15890,432
15891,432
15892,432
15893,432
15894,432
15895,432
15896,432
15897,432
15898,432
15899,432
15900,432
15901,432
15902,432
15903,432
15904,432
15905,432
15906,432
15907,432
15908,432
15909,432
15910,432
15911,432
15912,432
15913,432
15914,432
15915,432
15916,432
15917,432
15918,432
15919,432
15920,432
15921,432
15922,432
15923,432
15924,432
15925,432
15926,432
15927,432
15928,432
15929,432
15930,432
15931,432
15932,432
15933,432
15934,432
15935,432
15936,432
15937,432
15938,432
15939,432
15940,432
15941,432
15942,432
15943,432
15944,432
15945,432
15946,432
15947,432
15948,432
15949,432
15950,432
15951,432
15952,432
15953,432
15954,432
15955,432
15956,432
15957,432
15958,432
15959,432
15960,432
15961,432
15962,432
15963,432
15964,432
15965,432
15966,432
15967,432
15968,432
15969,432
15970,432
15971,432
15972,432
15973,432
15974,432
15975,432
15976,432
15977,432
15978,432
15979,432
15980,432
15981,432
15982,432
15983,432
15984,432
15985,432
15986,432
15987,432
15988,432
15989,432
15990,432
15991,432
15992,432
15993,432
15994,432
15995,432
15996,432
15997,432
15998,432
15999,432
16000,432
16001,432
16002,432
16003,432
16004,432
16005,432
16006,432
16007,432
16008,432
16009,432
16010,432
16011,432
16012,432
16013,432
16014,432
16015,432
16016,432
16017,432
16018,432
16019,432
16020,432
16021,432
16022,432
16023,432
16024,432
16025,432
16026,432
16027,432
16028,432
16029,432
16030,432
16031,432
16032,432
16033,432
16034,432
16035,432
16036,432
16037,432
16038,432
16039,432
16040,432
16041,432
16042,432
16043,432
16044,432
16045,432
16046,432
16047,432
16048,432
16049,432
16050,432
16051,432
16052,432
16053,432
16054,432
16055,432
16056,432
16057,432
16058,432
16059,432
16060,432
16061,432
16062,432
16063,432
16064,432
16065,432
16066,432
16067,432
16068,432
16069,432
16070,432
16071,432
16072,432
16073,432
16074,432
16075,432
16076,432
16077,432
16078,432
16079,432
16080,432
16081,432
16082,432
16083,432
16084,432
16085,432
16086,432
16087,432
16088,432
16089,432
16090,432
16091,432
16092,432
16093,432
16094,432
16095,432
16096,432
16097,432
16098,432
16099,432
16100,432
16101,432
16102,432
16103,432
16104,432
16105,432
16106,432
16107,432
16108,432
16109,432
16110,432
16111,432
16112,432
16113,432
16114,432
16115,432
16116,432
16117,432
16118,432
16119,432
16120,432
16121,432
16122,432
16123,432
16124,432
16125,432
16126,432
16127,432
16128,432
16129,432
16130,432
16131,432
16132,432
16133,432
16134,432
16135,432
16136,432
16137,432
16138,432
16139,432
16140,432
16141,432
16142,432
16143,432
16144,432
16145,432
16146,432
16147,432
16148,432
16149,432
16150,432
16151,432
16152,432
16153,432
16154,432
16155,432
16156,432
16157,432
16158,432
16159,432
16160,432
16161,432
16162,432
16163,432
16164,432
16165,432
16166,432
16167,432
16168,432
16169,432
16170,432
16171,432
16172,432
16173,432
16174,432
16175,432
16176,432
16177,432
16178,432
16179,432
16180,432
16181,432
16182,432
16183,432
16184,432
16185,432
16186,432
16187,432
16188,432
16189,432
16190,432
16191,432
16192,432
16193,432
16194,432
16195,432
16196,432
16197,432
16198,432
16199,432
16200,432
16201,432
16202,432
16203,432
16204,432
16205,432
16206,432
16207,432
16208,432
16209,432
16210,432
16211,432
16212,432
16213,432
16214,432
16215,432
16216,432
16217,432
16218,432
16219,432
16220,432
16221,432
16222,432
16223,432
16224,432
16225,432
16226,432
16227,432
16228,432
16229,432
16230,432
16231,432
16232,432
16233,432
16234,432
16235,432
16236,432
16237,432
16238,432
16239,432
16240,432
16241,432
16242,432
16243,432
16244,432
16245,432
16246,432
16247,432
16248,432
16249,432
16250,432
16251,432
16252,432
16253,432
16254,432
16255,432
16256,432
16257,432
16258,432
16259,432
16260,432
16261,432
16262,432
16263,432
16264,432
16265,432
16266,432
16267,432
16268,432
16269,432
16270,432
16271,432
16272,432
16273,432
16274,432
16275,432
16276,432
16277,432
16278,432
16279,432
16280,432
16281,432
16282,432
16283,432
16284,432
16285,432
16286,432
16287,432
16288,432
16289,432
16290,432
16291,432
16292,432
16293,432
16294,432
16295,432
16296,432
16297,432
16298,432
16299,432
16300,432
16301,432
16302,432
16303,432
16304,432
16305,432
16306,432
16307,432
16308,432
16309,432
16310,432
16311,432
16312,432
16313,432
16314,432
16315,432
16316,432
16317,432
16318,432
16319,432
16320,432
16321,432
16322,432
16323,432
16324,432
16325,432
16326,432
16327,432
16328,432
16329,432
16330,432
16331,432
16332,432
16333,432
16334,432
16335,432
16336,432
16337,432
16338,432
16339,432
16340,432
16341,432
16342,432
16343,432
16344,432
16345,432
16346,432
16347,432
16348,432
16349,432
16350,432
16351,432
16352,432
16353,432
16354,432
16355,432
16356,432
16357,432
16358,432
16359,432
16360,432
16361,432
16362,432
16363,432
16364,432
16365,432
16366,432
16367,432
16368,432
16369,432
16370,432
16371,432
16372,432
16373,432
16374,432
16375,432
16376,432
16377,432
16378,432
16379,432
16380,432
16381,432
16382,432
16383,432
16384,432
16385,432
16386,432
16387,432
16388,432
16389,432
16390,432
16391,432
16392,432
16393,432
16394,432
16395,432
16396,432
16397,432
16398,432
16399,432
16400,432
16401,432
16402,432
16403,432
16404,432
16405,432
16406,432
16407,432
16408,432
16409,432
16410,432
16411,432
16412,432
16413,432
16414,432
16415,432
16416,432
16417,432
16418,432
16419,432
16420,432
16421,432
16422,432
16423,432
16424,432
16425,432
16426,432
16427,432
16428,432
16429,432
16430,432
16431,432
16432,432
16433,432
16434,432
16435,432
16436,432
16437,432
16438,432
16439,432
16440,432
16441,432
16442,432
16443,432
16444,432
16445,432
16446,432
16447,432
16448,432
16449,432
16450,432
16451,432
16452,432
16453,432
16454,432
16455,432
16456,432
16457,432
16458,432
16459,432
16460,432
16461,432
16462,432
16463,432
16464,432
16465,432
16466,432
16467,432
16468,432
16469,432
16470,432
16471,432
16472,432
16473,432
16474,432
16475,432
16476,432
16477,432
16478,432
16479,432
16480,432
16481,432
16482,432
16483,432
16484,432
16485,432
16486,432
16487,432
16488,432
16489,432
16490,432
16491,432
16492,432
16493,432
16494,432
16495,432
16496,432
16497,432
16498,432
16499,432
16500,432
16501,432
16502,432
16503,432
16504,432
16505,432
16506,432
16507,432
16508,432
16509,432
16510,432
16511,432
16512,432
16513,432
16514,432
16515,432
16516,432
16517,432
16518,432
16519,432
16520,432
16521,432
16522,432
16523,432
16524,432
16525,432
16526,432
16527,432
16528,432
16529,432
16530,432
16531,432
16532,432
16533,432
16534,432
16535,432
16536,432
16537,432
16538,432
16539,432
16540,432
16541,432
16542,432
16543,432
16544,432
16545,432
16546,432
16547,432
16548,432
16549,432
16550,432
16551,432
16552,432
16553,432
16554,432
16555,432
16556,432
16557,432
16558,432
16559,432
16560,432
16561,432
16562,432
16563,432
16564,432
16565,432
16566,432
16567,432
16568,432
16569,432
16570,432
16571,432
16572,432
16573,432
16574,432
16575,432
16576,432
16577,432
16578,432
16579,432
16580,432
16581,432
16582,432
16583,432
16584,432
16585,432
16586,432
16587,432
16588,432
16589,432
16590,432
16591,432
16592,432
16593,432
16594,432
16595,432
16596,432
16597,432
16598,432
16599,432
16600,432
16601,432
16602,432
16603,432
16604,432
16605,432
16606,432
16607,432
16608,432
16609,432
16610,432
16611,432
16612,432
16613,432
16614,432
16615,432
16616,432
16617,432
16618,432
16619,432
16620,432
16621,432
16622,432
16623,432
16624,432
16625,432
16626,432
16627,432
16628,432
16629,432
16630,432
16631,432
16632,432
16633,432
16634,432
16635,432
16636,432
16637,432
16638,432
16639,432
16640,432
16641,432
16642,432
16643,432
16644,432
16645,432
16646,432
16647,432
16648,432
16649,432
16650,432
16651,432
16652,432
16653,432
16654,432
16655,432
16656,432
16657,432
16658,432
16659,432
16660,432
16661,432
16662,432
16663,432
16664,432
16665,432
16666,432
16667,432
16668,432
16669,432
16670,432
16671,432
16672,432
16673,432
16674,432
16675,432
16676,432
16677,432
16678,432
16679,432
16680,432
16681,432
16682,432
16683,432
16684,432
16685,432
16686,432
16687,432
16688,432
16689,432
16690,432
16691,432
16692,432
16693,432
16694,432
16695,432
16696,432
16697,432
16698,432
16699,432
16700,432
16701,432
16702,432
16703,432
16704,432
16705,432
16706,432
16707,432
16708,432
16709,432
16710,432
16711,432
16712,432
16713,432
16714,432
16715,432
16716,432
16717,432
16718,432
16719,432
16720,432
16721,432
16722,432
16723,432
16724,432
16725,432
16726,432
16727,432
16728,432
16729,432
16730,432
16731,432
16732,432
16733,432
16734,432
16735,432
16736,432
16737,432
16738,432
16739,432
16740,432
16741,432
16742,432
16743,432
16744,432
16745,432
16746,432
16747,432
16748,432
16749,432
16750,432
16751,432
16752,432
16753,432
16754,432
16755,432
16756,432
16757,432
16758,432
16759,432
16760,432
16761,432
16762,432
16763,432
16764,432
16765,432
16766,432
16767,432
16768,432
16769,432
16770,432
16771,432
16772,432
16773,432
16774,432
16775,432
16776,432
16777,432
16778,432
16779,432
16780,432
16781,432
16782,432
16783,432
16784,432
16785,432
16786,432
16787,432
16788,432
16789,432
16790,432
16791,432
16792,432
16793,432
16794,432
16795,432
16796,432
16797,432
16798,432
16799,432
16800,432
16801,432
16802,432
16803,432
16804,432
16805,432
16806,432
16807,432
16808,432
16809,432
16810,432
16811,432
16812,432
16813,432
16814,432
16815,432
16816,432
16817,432
16818,432
16819,432
16820,432
16821,432
16822,432
16823,432
16824,432
16825,432
16826,432
16827,432
16828,432
16829,432
16830,432
16831,432
16832,432
16833,432
16834,432
16835,432
16836,432
16837,432
16838,432
16839,432
16840,432
16841,432
16842,432
16843,432
16844,432
16845,432
16846,432
16847,432
16848,432
16849,432
16850,432
16851,432
16852,432
16853,432
16854,432
16855,432
16856,432
16857,432
16858,432
16859,432
16860,432
16861,432
16862,432
16863,432
16864,432
16865,432
16866,432
16867,432
16868,432
16869,432
16870,432
16871,432
16872,432
16873,432
16874,432
16875,432
16876,432
16877,432
16878,432
16879,432
16880,432
16881,432
16882,432
16883,432
16884,432
16885,432
16886,432
16887,432
16888,432
16889,432
16890,432
16891,432
16892,432
16893,432
16894,432
16895,432
16896,432
16897,432
16898,432
16899,432
16900,432
16901,432
16902,432
16903,432
16904,432
16905,432
16906,432
16907,432
16908,432
16909,432
16910,432
16911,432
16912,432
16913,432
16914,432
16915,432
16916,432
16917,432
16918,432
16919,432
16920,432
16921,432
16922,432
16923,432
16924,432
16925,432
16926,432
16927,432
16928,432
16929,432
16930,432
16931,432
16932,432
16933,432
16934,432
16935,432
16936,432
16937,432
16938,432
16939,432
16940,432
16941,432
16942,432
16943,432
16944,432
16945,432
16946,432
16947,432
16948,432
16949,432
16950,432
16951,432
16952,432
16953,432
16954,432
16955,432
16956,432
16957,432
16958,432
16959,432
16960,432
16961,432
16962,432
16963,432
16964,432
16965,432
16966,432
16967,432
16968,432
16969,432
16970,432
16971,432
16972,432
16973,432
16974,432
16975,432
16976,432
16977,432
16978,432
16979,432
16980,432
16981,432
16982,432
16983,432
16984,432
16985,432
16986,432
16987,432
16988,432
16989,432
16990,432
16991,432
16992,432
16993,432
16994,432
16995,432
16996,432
16997,432
16998,432
16999,432
17000,432
17001,432
17002,432
17003,432
17004,432
17005,432
17006,432
17007,432
17008,432
17009,432
17010,432
17011,432
17012,432
17013,432
17014,432
17015,432
17016,432
17017,432
17018,432
17019,432
17020,432
17021,432
17022,432
17023,432
17024,432
17025,432
17026,432
17027,432
17028,432
17029,432
17030,432
17031,432
17032,432
17033,432
17034,432
17035,432
17036,432
17037,432
17038,432
17039,432
17040,432
17041,432
17042,432
17043,432
17044,432
17045,432
17046,432
17047,432
17048,432
17049,432
17050,432
17051,432
17052,432
17053,432
17054,432
17055,432
17056,432
17057,432
17058,432
17059,432
17060,432
17061,432
17062,432
17063,432
17064,432
17065,432
17066,432
17067,432
17068,432
17069,432
17070,432
17071,432
17072,432
17073,432
17074,432
17075,432
17076,432
17077,432
17078,432
17079,432
17080,432
17081,432
17082,432
17083,432
17084,432
17085,432
17086,432
17087,432
17088,432
17089,432
17090,432
17091,432
17092,432
17093,432
17094,432
17095,432
17096,432
17097,432
17098,432
17099,432
17100,432
17101,432
17102,432
17103,432
17104,432
17105,432
17106,432
17107,432
17108,432
17109,432
17110,432
17111,432
17112,432
17113,432
17114,432
17115,432
17116,432
17117,432
17118,432
17119,432
17120,432
17121,432
17122,432
17123,432
17124,432
17125,432
17126,432
17127,432
17128,432
17129,432
17130,432
17131,432
17132,432
17133,432
17134,432
17135,432
17136,432
17137,432
17138,432
17139,432
17140,432
17141,432
17142,432
17143,432
17144,432
17145,432
17146,432
17147,432
17148,432
17149,432
17150,432
17151,432
17152,432
17153,432
17154,432
17155,432
17156,432
17157,432
17158,432
17159,432
17160,432
17161,432
17162,432
17163,432
17164,432
17165,432
17166,432
17167,432
17168,432
17169,432
17170,432
17171,432
17172,432
17173,432
17174,432
17175,432
17176,432
17177,432
17178,432
17179,432
17180,432
17181,432
17182,432
17183,432
17184,432
17185,432
17186,432
17187,432
17188,432
17189,432
17190,432
17191,432
17192,432
17193,432
17194,432
17195,432
17196,432
17197,432
17198,432
17199,432
17200,432
17201,432
17202,432
17203,432
17204,432
17205,432
17206,432
17207,432
17208,432
17209,432
17210,432
17211,432
17212,432
17213,432
17214,432
17215,432
17216,432
17217,432
17218,432
17219,432
17220,432
17221,432
17222,432
17223,432
17224,432
17225,432
17226,432
17227,432
17228,432
17229,432
17230,432
17231,432
17232,432
17233,432
17234,432
17235,432
17236,432
17237,432
17238,432
17239,432
17240,432
17241,432
17242,432
17243,432
17244,432
17245,432
17246,432
17247,432
17248,432
17249,432
17250,432
17251,432
17252,432
17253,432
17254,432
17255,432
17256,432
17257,432
17258,432
17259,432
17260,432
17261,432
17262,432
17263,432
17264,432
17265,432
17266,432
17267,432
17268,432
17269,432
17270,432
17271,432
17272,432
17273,432
17274,432
17275,432
17276,432
17277,432
17278,432
17279,432
17280,432
17281,432
17282,432
17283,432
17284,432
17285,432
17286,432
17287,432
17288,432
17289,432
17290,432
17291,432
17292,432
17293,432
17294,432
17295,432
17296,432
17297,432
17298,432
17299,432
17300,432
17301,432
17302,432
17303,432
17304,432
17305,432
17306,432
17307,432
17308,432
17309,432
17310,432
17311,432
17312,432
17313,432
17314,432
17315,432
17316,432
17317,432
17318,432
17319,432
17320,432
17321,432
17322,432
17323,432
17324,432
17325,432
17326,432
17327,432
17328,432
17329,432
17330,432
17331,432
17332,432
17333,432
17334,432
17335,432
17336,432
17337,432
17338,432
17339,432
17340,432
17341,432
17342,432
17343,432
17344,432
17345,432
17346,432
17347,432
17348,432
17349,432
17350,432
17351,432
17352,432
17353,432
17354,432
17355,432
17356,432
17357,432
17358,432
17359,432
17360,432
17361,432
17362,432
17363,432
17364,432
17365,432
17366,432
17367,432
17368,432
17369,432
17370,432
17371,432
17372,432
17373,432
17374,432
17375,432
17376,432
17377,432
17378,432
17379,432
17380,432
17381,432
17382,432
17383,432
17384,432
17385,432
17386,432
17387,432
17388,432
17389,432
17390,432
17391,432
17392,432
17393,432
17394,432
17395,432
17396,432
17397,432
17398,432
17399,432
17400,432
17401,432
17402,432
17403,432
17404,432
17405,432
17406,432
17407,432
17408,432
17409,432
17410,432
17411,432
17412,432
17413,432
17414,432
17415,432
17416,432
17417,432
17418,432
17419,432
17420,432
17421,432
17422,432
17423,432
17424,432
17425,432
17426,432
17427,432
17428,432
17429,432
17430,432
17431,432
17432,432
17433,432
17434,432
17435,432
17436,432
17437,432
17438,432
17439,432
17440,432
17441,432
17442,432
17443,432
17444,432
17445,432
17446,432
17447,432
17448,432
17449,432
17450,432
17451,432
17452,432
17453,432
17454,432
17455,432
17456,432
17457,432
17458,432
17459,432
17460,432
17461,432
17462,432
17463,432
17464,432
17465,432
17466,432
17467,432
17468,432
17469,432
17470,432
17471,432
17472,432
17473,432
17474,432
17475,432
17476,432
17477,432
17478,432
17479,432
17480,432
17481,432
17482,432
17483,432
17484,432
17485,432
17486,432
17487,432
17488,432
17489,432
17490,432
17491,432
17492,432
17493,432
17494,432
17495,432
17496,432
17497,432
17498,432
17499,432
17500,432
17501,432
17502,432
17503,432
17504,432
17505,432
17506,432
17507,432
17508,432
17509,432
17510,432
17511,432
17512,432
17513,432
17514,432
17515,432
17516,432
17517,432
17518,432
17519,432
17520,432
17521,432
17522,432
17523,432
17524,432
17525,432
17526,432
17527,432
17528,432
17529,432
17530,432
17531,432
17532,432
17533,432
17534,432
17535,432
17536,432
17537,432
17538,432
17539,432
17540,432
17541,432
17542,432
17543,432
17544,432
17545,432
17546,432
17547,432
17548,432
17549,432
17550,432
17551,432
17552,432
17553,432
17554,432
17555,432
17556,432
17557,432
17558,432
17559,432
17560,432
17561,432
17562,432
17563,432
17564,432
17565,432
17566,432
17567,432
17568,432
17569,432
17570,432
17571,432
17572,432
17573,432
17574,432
17575,432
17576,432
17577,432
17578,432
17579,432
17580,432
17581,432
17582,432
17583,432
17584,432
17585,432
17586,432
17587,432
17588,432
17589,432
17590,432
17591,432
17592,432
17593,432
17594,432
17595,432
17596,432
17597,432
17598,432
17599,432
17600,432
17601,432
17602,432
17603,432
17604,432
17605,432
17606,432
17607,432
17608,432
17609,432
17610,432
17611,432
17612,432
17613,432
17614,432
17615,432
17616,432
17617,432
17618,432
17619,432
17620,432
17621,432
17622,432
17623,432
17624,432
17625,432
17626,432
17627,432
17628,432
17629,432
17630,432
17631,432
17632,432
17633,432
17634,432
17635,432
17636,432
17637,432
17638,432
17639,432
17640,432
17641,432
17642,432
17643,432
17644,432
17645,432
17646,432
17647,432
17648,432
17649,432
17650,432
17651,432
17652,432
17653,432
17654,432
17655,432
17656,432
17657,432
17658,432
17659,432
17660,432
17661,432
17662,432
17663,432
17664,432
17665,432
17666,432
17667,432
17668,432
17669,432
17670,432
17671,432
17672,432
17673,432
17674,432
17675,432
17676,432
17677,432
17678,432
17679,432
17680,432
17681,432
17682,432
17683,432
17684,432
17685,432
17686,432
17687,432
17688,432
17689,432
17690,432
17691,432
17692,432
17693,432
17694,432
17695,432
17696,432
17697,432
17698,432
17699,432
17700,432
17701,432
17702,432
17703,432
17704,432
17705,432
17706,432
17707,432
17708,432
17709,432
17710,432
17711,432
17712,432
17713,432
17714,432
17715,432
17716,432
17717,432
17718,432
17719,432
17720,432
17721,432
17722,432
17723,432
17724,432
17725,432
17726,432
17727,432
17728,432
17729,432
17730,432
17731,432
17732,432
17733,432
17734,432
17735,432
17736,432
17737,432
17738,432
17739,432
17740,432
17741,432
17742,432
17743,432
17744,432
17745,432
17746,432
17747,432
17748,432
17749,432
17750,432
17751,432
17752,432
17753,432
17754,432
17755,432
17756,432
17757,432
17758,432
17759,432
17760,432
17761,432
17762,432
17763,432
17764,432
17765,432
17766,432
17767,432
17768,432
17769,432
17770,432
17771,432
17772,432
17773,432
17774,432
17775,432
17776,432
17777,432
17778,432
17779,432
17780,432
17781,432
17782,432
17783,432
17784,432
17785,432
17786,432
17787,432
17788,432
17789,432
17790,432
17791,432
17792,432
17793,432
17794,432
17795,432
17796,432
17797,432
17798,432
17799,432
17800,432
17801,432
17802,432
17803,432
17804,432
17805,432
17806,432
17807,432
17808,432
17809,432
17810,432
17811,432
17812,432
17813,432
17814,432
17815,432
17816,432
17817,432
17818,432
17819,432
17820,432
17821,432
17822,432
17823,432
17824,432
17825,432
17826,432
17827,432
17828,432
17829,432
17830,432
17831,432
17832,432
17833,432
17834,432
17835,432
17836,432
17837,432
17838,432
17839,432
17840,432
17841,432
17842,432
17843,432
17844,432
17845,432
17846,432
17847,432
17848,432
17849,432
17850,432
17851,432
17852,432
17853,432
17854,432
17855,432
17856,432
17857,432
17858,432
17859,432
17860,432
17861,432
17862,432
17863,432
17864,432
17865,432
17866,432
17867,432
17868,432
17869,432
17870,432
17871,432
17872,432
17873,432
17874,432
17875,432
17876,432
17877,432
17878,432
17879,432
17880,432
17881,432
17882,432
17883,432
17884,432
17885,432
17886,432
17887,432
17888,432
17889,432
17890,432
17891,432
17892,432
17893,432
17894,432
17895,432
17896,432
17897,432
17898,432
17899,432
17900,432
17901,432
17902,432
17903,432
17904,432
17905,432
17906,432
17907,432
17908,432
17909,432
17910,432
17911,432
17912,432
17913,432
17914,432
17915,432
17916,432
17917,432
17918,432
17919,432
17920,432
17921,432
17922,432
17923,432
17924,432
17925,432
17926,432
17927,432
17928,432
17929,432
17930,432
17931,432
17932,432
17933,432
17934,432
17935,432
17936,432
17937,432
17938,432
17939,432
17940,432
17941,432
17942,432
17943,432
17944,432
17945,432
17946,432
17947,432
17948,432
17949,432
17950,432
17951,432
17952,432
17953,432
17954,432
17955,432
17956,432
17957,432
17958,432
17959,432
17960,432
17961,432
17962,432
17963,432
17964,432
17965,432
17966,432
17967,432
17968,432
17969,432
17970,432
17971,432
17972,432
17973,432
17974,432
17975,432
17976,432
17977,432
17978,432
17979,432
17980,432
17981,432
17982,432
17983,432
17984,432
17985,432
17986,432
17987,432
17988,432
17989,432
17990,432
17991,432
17992,432
17993,432
17994,432
17995,432
17996,432
17997,432
17998,432
17999,432
18000,432
18001,432
18002,432
18003,432
18004,432
18005,432
18006,432
18007,432
18008,432
18009,432
18010,432
18011,432
18012,432
18013,432
18014,432
18015,432
18016,432
18017,432
18018,432
18019,432
18020,432
18021,432
18022,432
18023,432
18024,432
18025,432
18026,432
18027,432
18028,432
18029,432
18030,432
18031,432
18032,432
18033,432
18034,432
18035,432
18036,432
18037,432
18038,432
18039,432
18040,432
18041,432
18042,432
18043,432
18044,432
18045,432
18046,432
18047,432
18048,432
18049,432
18050,432
18051,432
18052,432
18053,432
18054,432
18055,432
18056,432
18057,432
18058,432
18059,432
18060,432
18061,432
18062,432
18063,432
18064,432
18065,432
18066,432
18067,432
18068,432
18069,432
18070,432
18071,432
18072,432
18073,432
18074,432
18075,432
18076,432
18077,432
18078,432
18079,432
18080,432
18081,432
18082,432
18083,432
18084,432
18085,432
18086,432
18087,432
18088,432
18089,432
18090,432
18091,432
18092,432
18093,432
18094,432
18095,432
18096,432
18097,432
18098,432
18099,432
18100,432
18101,432
18102,432
18103,432
18104,432
18105,432
18106,432
18107,432
18108,432
18109,432
18110,432
18111,432
18112,432
18113,432
18114,432
18115,432
18116,432
18117,432
18118,432
18119,432
18120,432
18121,432
18122,432
18123,432
18124,432
18125,432
18126,432
18127,432
18128,432
18129,432
18130,432
18131,432
18132,432
18133,432
18134,432
18135,432
18136,432
18137,432
18138,432
18139,432
18140,432
18141,432
18142,432
18143,432
18144,432
18145,432
18146,432
18147,432
18148,432
18149,432
18150,432
18151,432
18152,432
18153,432
18154,432
18155,432
18156,432
18157,432
18158,432
18159,432
18160,432
18161,432
18162,432
18163,432
18164,432
18165,432
18166,432
18167,432
18168,432
18169,432
18170,432
18171,432
18172,432
18173,432
18174,432
18175,432
18176,432
18177,432
18178,432
18179,432
18180,432
18181,432
18182,432
18183,432
18184,432
18185,432
18186,432
18187,432
18188,432
18189,432
18190,432
18191,432
18192,432
18193,432
18194,432
18195,432
18196,432
18197,432
18198,432
18199,432
18200,432
18201,432
18202,432
18203,432
18204,432
18205,432
18206,432
18207,432
18208,432
18209,432
18210,432
18211,432
18212,432
18213,432
18214,432
18215,432
18216,432
18217,432
18218,432
18219,432
18220,432
18221,432
18222,432
18223,432
18224,432
18225,432
18226,432
18227,432
18228,432
18229,432
18230,432
18231,432
18232,432
18233,432
18234,432
18235,432
18236,432
18237,432
18238,432
18239,432
18240,432
18241,432
18242,432
18243,432
18244,432
18245,432
18246,432
18247,432
18248,432
18249,432
18250,432
18251,432
18252,432
18253,432
18254,432
18255,432
18256,432
18257,432
18258,432
18259,432
18260,432
18261,432
18262,432
18263,432
18264,432
18265,432
18266,432
18267,432
18268,432
18269,432
18270,432
18271,432
18272,432
18273,432
18274,432
18275,432
18276,432
18277,432
18278,432
18279,432
18280,432
18281,432
18282,432
18283,432
18284,432
18285,432
18286,432
18287,432
18288,432
18289,432
18290,432
18291,432
18292,432
18293,432
18294,432
18295,432
18296,432
18297,432
18298,432
18299,432
18300,432
18301,432
18302,432
18303,432
18304,432
18305,432
18306,432
18307,432
18308,432
18309,432
18310,432
18311,432
18312,432
18313,432
18314,432
18315,432
18316,432
18317,432
18318,432
18319,432
18320,432
18321,432
18322,432
18323,432
18324,432
18325,432
18326,432
18327,432
18328,432
18329,432
18330,432
18331,432
18332,432
18333,432
18334,432
18335,432
18336,432
18337,432
18338,432
18339,432
18340,432
18341,432
18342,432
18343,432
18344,432
18345,432
18346,432
18347,432
18348,432
18349,432
18350,432
18351,432
18352,432
18353,432
18354,432
18355,432
18356,432
18357,432
18358,432
18359,432
18360,432
18361,432
18362,432
18363,432
18364,432
18365,432
18366,432
18367,432
18368,432
18369,432
18370,432
18371,432
18372,432
18373,432
18374,432
18375,432
18376,432
18377,432
18378,432
18379,432
18380,432
18381,432
18382,432
18383,432
18384,432
18385,432
18386,432
18387,432
18388,432
18389,432
18390,432
18391,432
18392,432
18393,432
18394,432
18395,432
18396,432
18397,432
18398,432
18399,432
18400,432
18401,432
18402,432
18403,432
18404,432
18405,432
18406,432
18407,432
18408,432
18409,432
18410,432
18411,432
18412,432
18413,432
18414,432
18415,432
18416,432
18417,432
18418,432
18419,432
18420,432
18421,432
18422,432
18423,432
18424,432
18425,432
18426,432
18427,432
18428,432
18429,432
18430,432
18431,432
18432,432
18433,432
18434,432
18435,432
18436,432
18437,432
18438,432
18439,432
18440,432
18441,432
18442,432
18443,432
18444,432
18445,432
18446,432
18447,432
18448,432
18449,432
18450,432
18451,432
18452,432
18453,432
18454,432
18455,432
18456,432
18457,432
18458,432
18459,432
18460,432
18461,432
18462,432
18463,432
18464,432
18465,432
18466,432
18467,432
18468,432
18469,432
18470,432
18471,432
18472,432
18473,432
18474,432
18475,432
18476,432
18477,432
18478,432
18479,432
18480,432
18481,432
18482,432
18483,432
18484,432
18485,432
18486,432
18487,432
18488,432
18489,432
18490,432
18491,432
18492,432
18493,432
18494,432
18495,432
18496,432
18497,432
18498,432
18499,432
18500,432
18501,432
18502,432
18503,432
18504,432
18505,432
18506,432
18507,432
18508,432
18509,432
18510,432
18511,432
18512,432
18513,432
18514,432
18515,432
18516,432
18517,432
18518,432
18519,432
18520,432
18521,432
18522,432
18523,432
18524,432
18525,432
18526,432
18527,432
18528,432
18529,432
18530,432
18531,432
18532,432
18533,432
18534,432
18535,432
18536,432
18537,432
18538,432
18539,432
18540,432
18541,432
18542,432
18543,432
18544,432
18545,432
18546,432
18547,432
18548,432
18549,432
18550,432
18551,432
18552,432
18553,432
18554,432
18555,432
18556,432
18557,432
18558,432
18559,432
18560,432
18561,432
18562,432
18563,432
18564,432
18565,432
18566,432
18567,432
18568,432
18569,432
18570,432
18571,432
18572,432
18573,432
18574,432
18575,432
18576,432
18577,432
18578,432
18579,432
18580,432
18581,432
18582,432
18583,432
18584,432
18585,432
18586,432
18587,432
18588,432
18589,432
18590,432
18591,432
18592,432
18593,432
18594,432
18595,432
18596,432
18597,432
18598,432
18599,432
18600,432
18601,432
18602,432
18603,432
18604,432
18605,432
18606,432
18607,432
18608,432
18609,432
18610,432
18611,432
18612,432
18613,432
18614,432
18615,432
18616,432
18617,432
18618,432
18619,432
18620,432
18621,432
18622,432
18623,432
18624,432
18625,432
18626,432
18627,432
18628,432
18629,432
18630,432
18631,432
18632,432
18633,432
18634,432
18635,432
18636,432
18637,432
18638,432
18639,432
18640,432
18641,432
18642,432
18643,432
18644,432
18645,432
18646,432
18647,432
18648,432
18649,432
18650,432
18651,432
18652,432
18653,432
18654,432
18655,432
18656,432
18657,432
18658,432
18659,432
18660,432
18661,432
18662,432
18663,432
18664,432
18665,432
18666,432
18667,432
18668,432
18669,432
18670,432
18671,432
18672,432
18673,432
18674,432
18675,432
18676,432
18677,432
18678,432
18679,432
18680,432
18681,432
18682,432
18683,432
18684,432
18685,432
18686,432
18687,432
18688,432
18689,432
18690,432
18691,432
18692,432
18693,432
18694,432
18695,432
18696,432
18697,432
18698,432
18699,432
18700,432
18701,432
18702,432
18703,432
18704,432
18705,432
18706,432
18707,432
18708,432
18709,432
18710,432
18711,432
18712,432
18713,432
18714,432
18715,432
18716,432
18717,432
18718,432
18719,432
18720,432
18721,432
18722,432
18723,432
18724,432
18725,432
18726,432
18727,432
18728,432
18729,432
18730,432
18731,432
18732,432
18733,432
18734,432
18735,432
18736,432
18737,432
18738,432
18739,432
18740,432
18741,432
18742,432
18743,432
18744,432
18745,432
18746,432
18747,432
18748,432
18749,432
18750,432
18751,432
18752,432
18753,432
18754,432
18755,432
18756,432
18757,432
18758,432
18759,432
18760,432
18761,432
18762,432
18763,432
18764,432
18765,432
18766,432
18767,432
18768,432
18769,432
18770,432
18771,432
18772,432
18773,432
18774,432
18775,432
18776,432
18777,432
18778,432
18779,432
18780,432
18781,432
18782,432
18783,432
18784,432
18785,432
18786,432
18787,432
18788,432
18789,432
18790,432
18791,432
18792,432
18793,432
18794,432
18795,432
18796,432
18797,432
18798,432
18799,432
18800,432
18801,432
18802,432
18803,432
18804,432
18805,432
18806,432
18807,432
18808,432
18809,432
18810,432
18811,432
18812,432
18813,432
18814,432
18815,432
18816,432
18817,432
18818,432
18819,432
18820,432
18821,432
18822,432
18823,432
18824,432
18825,432
18826,432
18827,432
18828,432
18829,432
18830,432
18831,432
18832,432
18833,432
18834,432
18835,432
18836,432
18837,432
18838,432
18839,432
18840,432
18841,432
18842,432
18843,432
18844,432
18845,432
18846,432
18847,432
18848,432
18849,432
18850,432
18851,432
18852,432
18853,432
18854,432
18855,432
18856,432
18857,432
18858,432
18859,432
18860,432
18861,432
18862,432
18863,432
18864,432
18865,432
18866,432
18867,432
18868,432
18869,432
18870,432
18871,432
18872,432
18873,432
18874,432
18875,432
18876,432
18877,432
18878,432
18879,432
18880,432
18881,432
18882,432
18883,432
18884,432
18885,432
18886,432
18887,432
18888,432
18889,432
18890,432
18891,432
18892,432
18893,432
18894,432
18895,432
18896,432
18897,432
18898,432
18899,432
18900,432
18901,432
18902,432
18903,432
18904,432
18905,432
18906,432
18907,432
18908,432
18909,432
18910,432
18911,432
18912,432
18913,432
18914,432
18915,432
18916,432
18917,432
18918,432
18919,432
18920,432
18921,432
18922,432
18923,432
18924,432
18925,432
18926,432
18927,432
18928,432
18929,432
18930,432
18931,432
18932,432
18933,432
18934,432
18935,432
18936,432
18937,432
18938,432
18939,432
18940,432
18941,432
18942,432
18943,432
18944,432
18945,432
18946,432
18947,432
18948,432
18949,432
18950,432
18951,432
18952,432
18953,432
18954,432
18955,432
18956,432
18957,432
18958,432
18959,432
18960,432
18961,432
18962,432
18963,432
18964,432
18965,432
18966,432
18967,432
18968,432
18969,432
18970,432
18971,432
18972,432
18973,432
18974,432
18975,432
18976,432
18977,432
18978,432
18979,432
18980,432
18981,432
18982,432
18983,432
18984,432
18985,432
18986,432
18987,432
18988,432
18989,432
18990,432
18991,432
18992,432
18993,432
18994,432
18995,432
18996,432
18997,432
18998,432
18999,432
19000,432
19001,432
19002,432
19003,432
19004,432
19005,432
19006,432
19007,432
19008,432
19009,432
19010,432
19011,432
19012,432
19013,432
19014,432
19015,432
19016,432
19017,432
19018,432
19019,432
19020,432
19021,432
19022,432
19023,432
19024,432
19025,432
19026,432
19027,432
19028,432
19029,432
19030,432
19031,432
19032,432
19033,432
19034,432
19035,432
19036,432
19037,432
19038,432
19039,432
19040,432
19041,432
19042,432
19043,432
19044,432
19045,432
19046,432
19047,432
19048,432
19049,432
19050,432
19051,432
19052,432
19053,432
19054,432
19055,432
19056,432
19057,432
19058,432
19059,432
19060,432
19061,432
19062,432
19063,432
19064,432
19065,432
19066,432
19067,432
19068,432
19069,432
19070,432
19071,432
19072,432
19073,432
19074,432
19075,432
19076,432
19077,432
19078,432
19079,432
19080,432
19081,432
19082,432
19083,432
19084,432
19085,432
19086,432
19087,432
19088,432
19089,432
19090,432
19091,432
19092,432
19093,432
19094,432
19095,432
19096,432
19097,432
19098,432
19099,432
19100,432
19101,432
19102,432
19103,432
19104,432
19105,432
19106,432
19107,432
19108,432
19109,432
19110,432
19111,432
19112,432
19113,432
19114,432
19115,432
19116,432
19117,432
19118,432
19119,432
19120,432
19121,432
19122,432
19123,432
19124,432
19125,432
19126,432
19127,432
19128,432
19129,432
19130,432
19131,432
19132,432
19133,432
19134,432
19135,432
19136,432
19137,432
19138,432
19139,432
19140,432
19141,432
19142,432
19143,432
19144,432
19145,432
19146,432
19147,432
19148,432
19149,432
19150,432
19151,432
19152,432
19153,432
19154,432
19155,432
19156,432
19157,432
19158,432
19159,432
19160,432
19161,432
19162,432
19163,432
19164,432
19165,432
19166,432
19167,432
19168,432
19169,432
19170,432
19171,432
19172,432
19173,432
19174,432
19175,432
19176,432
19177,432
19178,432
19179,432
19180,432
19181,432
19182,432
19183,432
19184,432
19185,432
19186,432
19187,432
19188,432
19189,432
19190,432
19191,432
19192,432
19193,432
19194,432
19195,432
19196,432
19197,432
19198,432
19199,432
19200,432
19201,432
19202,432
19203,432
19204,432
19205,432
19206,432
19207,432
19208,432
19209,432
19210,432
19211,432
19212,432
19213,432
19214,432
19215,432
19216,432
19217,432
19218,432
19219,432
19220,432
19221,432
19222,432
19223,432
19224,432
19225,432
19226,432
19227,432
19228,432
19229,432
19230,432
19231,432
19232,432
19233,432
19234,432
19235,432
19236,432
19237,432
19238,432
19239,432
19240,432
19241,432
19242,432
19243,432
19244,432
19245,432
19246,432
19247,432
19248,432
19249,432
19250,432
19251,432
19252,432
19253,432
19254,432
19255,432
19256,432
19257,432
19258,432
19259,432
19260,432
19261,432
19262,432
19263,432
19264,432
19265,432
19266,432
19267,432
19268,432
19269,432
19270,432
19271,432
19272,432
19273,432
19274,432
19275,432
19276,432
19277,432
19278,432
19279,432
19280,432
19281,432
19282,432
19283,432
19284,432
19285,432
19286,432
19287,432
19288,432
19289,432
19290,432
19291,432
19292,432
19293,432
19294,432
19295,432
19296,432
19297,432
19298,432
19299,432
19300,432
19301,432
19302,432
19303,432
19304,432
19305,432
19306,432
19307,432
19308,432
19309,432
19310,432
19311,432
19312,432
19313,432
19314,432
19315,432
19316,432
19317,432
19318,432
19319,432
19320,432
19321,432
19322,432
19323,432
19324,432
19325,432
19326,432
19327,432
19328,432
19329,432
19330,432
19331,432
19332,432
19333,432
19334,432
19335,432
19336,432
19337,432
19338,432
19339,432
19340,432
19341,432
19342,432
19343,432
19344,432
19345,432
19346,432
19347,432
19348,432
19349,432
19350,432
19351,432
19352,432
19353,432
19354,432
19355,432
19356,432
19357,432
19358,432
19359,432
19360,432
19361,432
19362,432
19363,432
19364,432
19365,432
19366,432
19367,432
19368,432
19369,432
19370,432
19371,432
19372,432
19373,432
19374,432
19375,432
19376,432
19377,432
19378,432
19379,432
19380,432
19381,432
19382,432
19383,432
19384,432
19385,432
19386,432
19387,432
19388,432
19389,432
19390,432
19391,432
19392,432
19393,432
19394,432
19395,432
19396,432
19397,432
19398,432
19399,432
19400,432
19401,432
19402,432
19403,432
19404,432
19405,432
19406,432
19407,432
19408,432
19409,432
19410,432
19411,432
19412,432
19413,432
19414,432
19415,432
19416,432
19417,432
19418,432
19419,432
19420,432
19421,432
19422,432
19423,432
19424,432
19425,432
19426,432
19427,432
19428,432
19429,432
19430,432
19431,432
19432,432
19433,432
19434,432
19435,432
19436,432
19437,432
19438,432
19439,432
19440,432
19441,432
19442,432
19443,432
19444,432
19445,432
19446,432
19447,432
19448,432
19449,432
19450,432
19451,432
19452,432
19453,432
19454,432
19455,432
19456,432
19457,432
19458,432
19459,432
19460,432
19461,432
19462,432
19463,432
19464,432
19465,432
19466,432
19467,432
19468,432
19469,432
19470,432
19471,432
19472,432
19473,432
19474,432
19475,432
19476,432
19477,432
19478,432
19479,432
19480,432
19481,432
19482,432
19483,432
19484,432
19485,432
19486,432
19487,432
19488,432
19489,432
19490,432
19491,432
19492,432
19493,432
19494,432
19495,432
19496,432
19497,432
19498,432
19499,432
19500,432
19501,432
19502,432
19503,432
19504,432
19505,432
19506,432
19507,432
19508,432
19509,432
19510,432
19511,432
19512,432
19513,432
19514,432
19515,432
19516,432
19517,432
19518,432
19519,432
19520,432
19521,432
19522,432
19523,432
19524,432
19525,432
19526,432
19527,432
19528,432
19529,432
19530,432
19531,432
19532,432
19533,432
19534,432
19535,432
19536,432
19537,432
19538,432
19539,432
19540,432
19541,432
19542,432
19543,432
19544,432
19545,432
19546,432
19547,432
19548,432
19549,432
19550,432
19551,432
19552,432
19553,432
19554,432
19555,432
19556,432
19557,432
19558,432
19559,432
19560,432
19561,432
19562,432
19563,432
19564,432
19565,432
19566,432
19567,432
19568,432
19569,432
19570,432
19571,432
19572,432
19573,432
19574,432
19575,432
19576,432
19577,432
19578,432
19579,432
19580,432
19581,432
19582,432
19583,432
19584,432
19585,432
19586,432
19587,432
19588,432
19589,432
19590,432
19591,432
19592,432
19593,432
19594,432
19595,432
19596,432
19597,432
19598,432
19599,432
19600,432
19601,432
19602,432
19603,432
19604,432
19605,432
19606,432
19607,432
19608,432
19609,432
19610,432
19611,432
19612,432
19613,432
19614,432
19615,432
19616,432
19617,432
19618,432
19619,432
19620,432
19621,432
19622,432
19623,432
19624,432
19625,432
19626,432
19627,432
19628,432
19629,432
19630,432
19631,432
19632,432
19633,432
19634,432
19635,432
19636,432
19637,432
19638,432
19639,432
19640,432
19641,432
19642,432
19643,432
19644,432
19645,432
19646,432
19647,432
19648,432
19649,432
19650,432
19651,432
19652,432
19653,432
19654,432
19655,432
19656,432
19657,432
19658,432
19659,432
19660,432
19661,432
19662,432
19663,432
19664,432
19665,432
19666,432
19667,432
19668,432
19669,432
19670,432
19671,432
19672,432
19673,432
19674,432
19675,432
19676,432
19677,432
19678,432
19679,432
19680,432
19681,432
19682,432
19683,432
19684,432
19685,432
19686,432
19687,432
19688,432
19689,432
19690,432
19691,432
19692,432
19693,432
19694,432
19695,432
19696,432
19697,432
19698,432
19699,432
19700,432
19701,432
19702,432
19703,432
19704,432
19705,432
19706,432
19707,432
19708,432
19709,432
19710,432
19711,432
19712,432
19713,432
19714,432
19715,432
19716,432
19717,432
19718,432
19719,432
19720,432
19721,432
19722,432
19723,432
19724,432
19725,432
19726,432
19727,432
19728,432
19729,432
19730,432
19731,432
19732,432
19733,432
19734,432
19735,432
19736,432
19737,432
19738,432
19739,432
19740,432
19741,432
19742,432
19743,432
19744,432
19745,432
19746,432
19747,432
19748,432
19749,432
19750,432
19751,432
19752,432
19753,432
19754,432
19755,432
19756,432
19757,432
19758,432
19759,432
19760,432
19761,432
19762,432
19763,432
19764,432
19765,432
19766,432
19767,432
19768,432
19769,432
19770,432
19771,432
19772,432
19773,432
19774,432
19775,432
19776,432
19777,432
19778,432
19779,432
19780,432
19781,432
19782,432
19783,432
19784,432
19785,432
19786,432
19787,432
19788,432
19789,432
19790,432
19791,432
19792,432
19793,432
19794,432
19795,432
19796,432
19797,432
19798,432
19799,432
19800,432
19801,432
19802,432
19803,432
19804,432
19805,432
19806,432
19807,432
19808,432
19809,432
19810,432
19811,432
19812,432
19813,432
19814,432
19815,432
19816,432
19817,432
19818,432
19819,432
19820,432
19821,432
19822,432
19823,432
19824,432
19825,432
19826,432
19827,432
19828,432
19829,432
19830,432
19831,432
19832,432
19833,432
19834,432
19835,432
19836,432
19837,432
19838,432
19839,432
19840,432
19841,432
19842,432
19843,432
19844,432
19845,432
19846,432
19847,432
19848,432
19849,432
19850,432
19851,432
19852,432
19853,432
19854,432
19855,432
19856,432
19857,432
19858,432
19859,432
19860,432
19861,432
19862,432
19863,432
19864,432
19865,432
19866,432
19867,432
19868,432
19869,432
19870,432
19871,432
19872,432
19873,432
19874,432
19875,432
19876,432
19877,432
19878,432
19879,432
19880,432
19881,432
19882,432
19883,432
19884,432
19885,432
19886,432
19887,432
19888,432
19889,432
19890,432
19891,432
19892,432
19893,432
19894,432
19895,432
19896,432
19897,432
19898,432
19899,432
19900,432
19901,432
19902,432
19903,432
19904,432
19905,432
19906,432
19907,432
19908,432
19909,432
19910,432
19911,432
19912,432
19913,432
19914,432
19915,432
19916,432
19917,432
19918,432
19919,432
19920,432
19921,432
19922,432
19923,432
19924,432
19925,432
19926,432
19927,432
19928,432
19929,432
19930,432
19931,432
19932,432
19933,432
19934,432
19935,432
19936,432
19937,432
19938,432
19939,432
19940,432
19941,432
19942,432
19943,432
19944,432
19945,432
19946,432
19947,432
19948,432
19949,432
19950,432
19951,432
19952,432
19953,432
19954,432
19955,432
19956,432
19957,432
19958,432
19959,432
19960,432
19961,432
19962,432
19963,432
19964,432
19965,432
19966,432
19967,432
19968,432
19969,432
19970,432
19971,432
19972,432
19973,432
19974,432
19975,432
19976,432
19977,432
19978,432
19979,432
19980,432
19981,432
19982,432
19983,432
19984,432
19985,432
19986,432
19987,432
19988,432
19989,432
19990,432
19991,432
19992,432
19993,432
19994,432
19995,432
19996,432
19997,432
19998,432
19999,432
20000,432
20001,432
20002,432
20003,432
20004,432
20005,432
20006,432
20007,432
20008,432
20009,432
20010,432
20011,432
20012,432
20013,432
20014,432
20015,432
20016,432
20017,432
20018,432
20019,432
20020,432
20021,432
20022,432
20023,432
20024,432
20025,432
20026,432
20027,432
20028,432
20029,432
20030,432
20031,432
20032,432
20033,432
20034,432
20035,432
20036,432
20037,432
20038,432
20039,432
20040,432
20041,432
20042,432
20043,432
20044,432
20045,432
20046,432
20047,432
20048,432
20049,432
20050,432
20051,432
20052,432
20053,432
20054,432
20055,432
20056,432
20057,432
20058,432
20059,432
20060,432
20061,432
20062,432
20063,432
20064,432
20065,432
20066,432
20067,432
20068,432
20069,432
20070,432
20071,432
20072,432
20073,432
20074,432
20075,432
20076,432
20077,432
20078,432
20079,432
20080,432
20081,432
20082,432
20083,432
20084,432
20085,432
20086,432
20087,432
20088,432
20089,432
20090,432
20091,432
20092,432
20093,432
20094,432
20095,432
20096,432
20097,432
20098,432
20099,432
20100,432
20101,432
20102,432
20103,432
20104,432
20105,432
20106,432
20107,432
20108,432
20109,432
20110,432
20111,432
20112,432
20113,432
20114,432
20115,432
20116,432
20117,432
20118,432
20119,432
20120,432
20121,432
20122,432
20123,432
20124,432
20125,432
20126,432
20127,432
20128,432
20129,432
20130,432
20131,432
20132,432
20133,432
20134,432
20135,432
20136,432
20137,432
20138,432
20139,432
20140,432
20141,432
20142,432
20143,432
20144,432
20145,432
20146,432
20147,432
20148,432
20149,432
20150,432
20151,432
20152,432
20153,432
20154,432
20155,432
20156,432
20157,432
20158,432
20159,432
20160,432
20161,432
20162,432
20163,432
20164,432
20165,432
20166,432
20167,432
20168,432
20169,432
20170,432
20171,432
20172,432
20173,432
20174,432
20175,432
20176,432
20177,432
20178,432
20179,432
20180,432
20181,432
20182,432
20183,432
20184,432
20185,432
20186,432
20187,432
20188,432
20189,432
20190,432
20191,432
20192,432
20193,432
20194,432
20195,432
20196,432
20197,432
20198,432
20199,432
20200,432
20201,432
20202,432
20203,432
20204,432
20205,432
20206,432
20207,432
20208,432
20209,432
20210,432
20211,432
20212,432
20213,432
20214,432
20215,432
20216,432
20217,432
20218,432
20219,432
20220,432
20221,432
20222,432
20223,432
20224,432
20225,432
20226,432
20227,432
20228,432
20229,432
20230,432
20231,432
20232,432
20233,432
20234,432
20235,432
20236,432
20237,432
20238,432
20239,432
20240,432
20241,432
20242,432
20243,432
20244,432
20245,432
20246,432
20247,432
20248,432
20249,432
20250,432
20251,432
20252,432
20253,432
20254,432
20255,432
20256,432
20257,432
20258,432
20259,432
20260,432
20261,432
20262,432
20263,432
20264,432
20265,432
20266,432
20267,432
20268,432
20269,432
20270,432
20271,432
20272,432
20273,432
20274,432
20275,432
20276,432
20277,432
20278,432
20279,432
20280,432
20281,432
20282,432
20283,432
20284,432
20285,432
20286,432
20287,432
20288,432
20289,432
20290,432
20291,432
20292,432
20293,432
20294,432
20295,432
20296,432
20297,432
20298,432
20299,432
20300,432
20301,432
20302,432
20303,432
20304,432
20305,432
20306,432
20307,432
20308,432
20309,432
20310,432
20311,432
20312,432
20313,432
20314,432
20315,432
20316,432
20317,432
20318,432
20319,432
20320,432
20321,432
20322,432
20323,432
20324,432
20325,432
20326,432
20327,432
20328,432
20329,432
20330,432
20331,432
20332,432
20333,432
20334,432
20335,432
20336,432
20337,432
20338,432
20339,432
20340,432
20341,432
20342,432
20343,432
20344,432
20345,432
20346,432
20347,432
20348,432
20349,432
20350,432
20351,432
20352,432
20353,432
20354,432
20355,432
20356,432
20357,432
20358,432
20359,432
20360,432
20361,432
20362,432
20363,432
20364,432
20365,432
20366,432
20367,432
20368,432
20369,432
20370,432
20371,432
20372,432
20373,432
20374,432
20375,432
20376,432
20377,432
20378,432
20379,432
20380,432
20381,432
20382,432
20383,432
20384,432
20385,432
20386,432
20387,432
20388,432
20389,432
20390,432
20391,432
20392,432
20393,432
20394,432
20395,432
20396,432
20397,432
20398,432
20399,432
20400,432
20401,432
20402,432
20403,432
20404,432
20405,432
20406,432
20407,432
20408,432
20409,432
20410,432
20411,432
20412,432
20413,432
20414,432
20415,432
20416,432
20417,432
20418,432
20419,432
20420,432
20421,432
20422,432
20423,432
20424,432
20425,432
20426,432
20427,432
20428,432
20429,432
20430,432
20431,432
20432,432
20433,432
20434,432
20435,432
20436,432
20437,432
20438,432
20439,432
20440,432
20441,432
20442,432
20443,432
20444,432
20445,432
20446,432
20447,432
20448,432
20449,432
20450,432
20451,432
20452,432
20453,432
20454,432
20455,432
20456,432
20457,432
20458,432
20459,432
20460,432
20461,432
20462,432
20463,432
20464,432
20465,432
20466,432
20467,432
20468,432
20469,432
20470,432
20471,432
20472,432
20473,432
20474,432
20475,432
20476,432
20477,432
20478,432
20479,432
20480,432
20481,432
20482,432
20483,432
20484,432
20485,432
20486,432
20487,432
20488,432
20489,432
20490,432
20491,432
20492,432
20493,432
20494,432
20495,432
20496,432
20497,432
20498,432
20499,432
20500,432
20501,432
20502,432
20503,432
20504,432
20505,432
20506,432
20507,432
20508,432
20509,432
20510,432
20511,432
20512,432
20513,432
20514,432
20515,432
20516,432
20517,432
20518,432
20519,432
20520,432
20521,432
20522,432
20523,432
20524,432
20525,432
20526,432
20527,432
20528,432
20529,432
20530,432
20531,432
20532,432
20533,432
20534,432
20535,432
20536,432
20537,432
20538,432
20539,432
20540,432
20541,432
20542,432
20543,432
20544,432
20545,432
20546,432
20547,432
20548,432
20549,432
20550,432
20551,432
20552,432
20553,432
20554,432
20555,432
20556,432
20557,432
20558,432
20559,432
20560,432
20561,432
20562,432
20563,432
20564,432
20565,432
20566,432
20567,432
20568,432
20569,432
20570,432
20571,432
20572,432
20573,432
20574,432
20575,432
20576,432
20577,432
20578,432
20579,432
20580,432
20581,432
20582,432
20583,432
20584,432
20585,432
20586,432
20587,432
20588,432
20589,432
20590,432
20591,432
20592,432
20593,432
20594,432
20595,432
20596,432
20597,432
20598,432
20599,432
20600,432
20601,432
20602,432
20603,432
20604,432
20605,432
20606,432
20607,432
20608,432
20609,432
20610,432
20611,432
20612,432
20613,432
20614,432
20615,432
20616,432
20617,432
20618,432
20619,432
20620,432
20621,432
20622,432
20623,432
20624,432
20625,432
20626,432
20627,432
20628,432
20629,432
20630,432
20631,432
20632,432
20633,432
20634,432
20635,432
20636,432
20637,432
20638,432
20639,432
20640,432
20641,432
20642,432
20643,432
20644,432
20645,432
20646,432
20647,432
20648,432
20649,432
20650,432
20651,432
20652,432
20653,432
20654,432
20655,432
20656,432
20657,432
20658,432
20659,432
20660,432
20661,432
20662,432
20663,432
20664,432
20665,432
20666,432
20667,432
20668,432
20669,432
20670,432
20671,432
20672,432
20673,432
20674,432
20675,432
20676,432
20677,432
20678,432
20679,432
20680,432
20681,432
20682,432
20683,432
20684,432
20685,432
20686,432
20687,432
20688,432
20689,432
20690,432
20691,432
20692,432
20693,432
20694,432
20695,432
20696,432
20697,432
20698,432
20699,432
20700,432
20701,432
20702,432
20703,432
20704,432
20705,432
20706,432
20707,432
20708,432
20709,432
20710,432
20711,432
20712,432
20713,432
20714,432
20715,432
20716,432
20717,432
20718,432
20719,432
20720,432
20721,432
20722,432
20723,432
20724,432
20725,432
20726,432
20727,432
20728,432
20729,432
20730,432
20731,432
20732,432
20733,432
20734,432
20735,432
20736,432
20737,432
20738,432
20739,432
20740,432
20741,432
20742,432
20743,432
20744,432
20745,432
20746,432
20747,432
20748,432
20749,432
20750,432
20751,432
20752,432
20753,432
20754,432
20755,432
20756,432
20757,432
20758,432
20759,432
20760,432
20761,432
20762,432
20763,432
20764,432
20765,432
20766,432
20767,432
20768,432
20769,432
20770,432
20771,432
20772,432
20773,432
20774,432
20775,432
20776,432
20777,432
20778,432
20779,432
20780,432
20781,432
20782,432
20783,432
20784,432
20785,432
20786,432
20787,432
20788,432
20789,432
20790,432
20791,432
20792,432
20793,432
20794,432
20795,432
20796,432
20797,432
20798,432
20799,432
20800,432
20801,432
20802,432
20803,432
20804,432
20805,432
20806,432
20807,432
20808,432
20809,432
20810,432
20811,432
20812,432
20813,432
20814,432
20815,432
20816,432
20817,432
20818,432
20819,432
20820,432
20821,432
20822,432
20823,432
20824,432
20825,432
20826,432
20827,432
20828,432
20829,432
20830,432
20831,432
20832,432
20833,432
20834,432
20835,432
20836,432
20837,432
20838,432
20839,432
20840,432
20841,432
20842,432
20843,432
20844,432
20845,432
20846,432
20847,432
20848,432
20849,432
20850,432
20851,432
20852,432
20853,432
20854,432
20855,432
20856,432
20857,432
20858,432
20859,432
20860,432
20861,432
20862,432
20863,432
20864,432
20865,432
20866,432
20867,432
20868,432
20869,432
20870,432
20871,432
20872,432
20873,432
20874,432
20875,432
20876,432
20877,432
20878,432
20879,432
20880,432
20881,432
20882,432
20883,432
20884,432
20885,432
20886,432
20887,432
20888,432
20889,432
20890,432
20891,432
20892,432
20893,432
20894,432
20895,432
20896,432
20897,432
20898,432
20899,432
20900,432
20901,432
20902,432
20903,432
20904,432
20905,432
20906,432
20907,432
20908,432
20909,432
20910,432
20911,432
20912,432
20913,432
20914,432
20915,432
20916,432
20917,432
20918,432
20919,432
20920,432
20921,432
20922,432
20923,432
20924,432
20925,432
20926,432
20927,432
20928,432
20929,432
20930,432
20931,432
20932,432
20933,432
20934,432
20935,432
20936,432
20937,432
20938,432
20939,432
20940,432
20941,432
20942,432
20943,432
20944,432
20945,432
20946,432
20947,432
20948,432
20949,432
20950,432
20951,432
20952,432
20953,432
20954,432
20955,432
20956,432
20957,432
20958,432
20959,432
20960,432
20961,432
20962,432
20963,432
20964,432
20965,432
20966,432
20967,432
20968,432
20969,432
20970,432
20971,432
20972,432
20973,432
20974,432
20975,432
20976,432
20977,432
20978,432
20979,432
20980,432
20981,432
20982,432
20983,432
20984,432
20985,432
20986,432
20987,432
20988,432
20989,432
20990,432
20991,432
20992,432
20993,432
20994,432
20995,432
20996,432
20997,432
20998,432
20999,432
21000,432
21001,432
21002,432
21003,432
21004,432
21005,432
21006,432
21007,432
21008,432
21009,432
21010,432
21011,432
21012,432
21013,432
21014,432
21015,432
21016,432
21017,432
21018,432
21019,432
21020,432
21021,432
21022,432
21023,432
21024,432
21025,432
21026,432
21027,432
21028,432
21029,432
21030,432
21031,432
21032,432
21033,432
21034,432
21035,432
21036,432
21037,432
21038,432
21039,432
21040,432
21041,432
21042,432
21043,432
21044,432
21045,432
21046,432
21047,432
21048,432
21049,432
21050,432
21051,432
21052,432
21053,432
21054,432
21055,432
21056,432
21057,432
21058,432
21059,432
21060,432
21061,432
21062,432
21063,432
21064,432
21065,432
21066,432
21067,432
21068,432
21069,432
21070,432
21071,432
21072,432
21073,432
21074,432
21075,432
21076,432
21077,432
21078,432
21079,432
21080,432
21081,432
21082,432
21083,432
21084,432
21085,432
21086,432
21087,432
21088,432
21089,432
21090,432
21091,432
21092,432
21093,432
21094,432
21095,432
21096,432
21097,432
21098,432
21099,432
21100,432
21101,432
21102,432
21103,432
21104,432
21105,432
21106,432
21107,432
21108,432
21109,432
21110,432
21111,432
21112,432
21113,432
21114,432
21115,432
21116,432
21117,432
21118,432
21119,432
21120,432
21121,432
21122,432
21123,432
21124,432
21125,432
21126,432
21127,432
21128,432
21129,432
21130,432
21131,432
21132,432
21133,432
21134,432
21135,432
21136,432
21137,432
21138,432
21139,432
21140,432
21141,432
21142,432
21143,432
21144,432
21145,432
21146,432
21147,432
21148,432
21149,432
21150,432
21151,432
21152,432
21153,432
21154,432
21155,432
21156,432
21157,432
21158,432
21159,432
21160,432
21161,432
21162,432
21163,432
21164,432
21165,432
21166,432
21167,432
21168,432
21169,432
21170,432
21171,432
21172,432
21173,432
21174,432
21175,432
21176,432
21177,432
21178,432
21179,432
21180,432
21181,432
21182,432
21183,432
21184,432
21185,432
21186,432
21187,432
21188,432
21189,432
21190,432
21191,432
21192,432
21193,432
21194,432
21195,432
21196,432
21197,432
21198,432
21199,432
21200,432
21201,432
21202,432
21203,432
21204,432
21205,432
21206,432
21207,432
21208,432
21209,432
21210,432
21211,432
21212,432
21213,432
21214,432
21215,432
21216,432
21217,432
21218,432
21219,432
21220,432
21221,432
21222,432
21223,432
21224,432
21225,432
21226,432
21227,432
21228,432
21229,432
21230,432
21231,432
21232,432
21233,432
21234,432
21235,432
21236,432
21237,432
21238,432
21239,432
21240,432
21241,432
21242,432
21243,432
21244,432
21245,432
21246,432
21247,432
21248,432
21249,432
21250,432
21251,432
21252,432
21253,432
21254,432
21255,432
21256,432
21257,432
21258,432
21259,432
21260,432
21261,432
21262,432
21263,432
21264,432
21265,432
21266,432
21267,432
21268,432
21269,432
21270,432
21271,432
21272,432
21273,432
21274,432
21275,432
21276,432
21277,432
21278,432
21279,432
21280,432
21281,432
21282,432
21283,432
21284,432
21285,432
21286,432
21287,432
21288,432
21289,432
21290,432
21291,432
21292,432
21293,432
21294,432
21295,432
21296,432
21297,432
21298,432
21299,432
21300,432
21301,432
21302,432
21303,432
21304,432
21305,432
21306,432
21307,432
21308,432
21309,432
21310,432
21311,432
21312,432
21313,432
21314,432
21315,432
21316,432
21317,432
21318,432
21319,432
21320,432
21321,432
21322,432
21323,432
21324,432
21325,432
21326,432
21327,432
21328,432
21329,432
21330,432
21331,432
21332,432
21333,432
21334,432
21335,432
21336,432
21337,432
21338,432
21339,432
21340,432
21341,432
21342,432
21343,432
21344,432
21345,432
21346,432
21347,432
21348,432
21349,432
21350,432
21351,432
21352,432
21353,432
21354,432
21355,432
21356,432
21357,432
21358,432
21359,432
21360,432
21361,432
21362,432
21363,432
21364,432
21365,432
21366,432
21367,432
21368,432
21369,432
21370,432
21371,432
21372,432
21373,432
21374,432
21375,432
21376,432
21377,432
21378,432
21379,432
21380,432
21381,432
21382,432
21383,432
21384,432
21385,432
21386,432
21387,432
21388,432
21389,432
21390,432
21391,432
21392,432
21393,432
21394,432
21395,432
21396,432
21397,432
21398,432
21399,432
21400,432
21401,432
21402,432
21403,432
21404,432
21405,432
21406,432
21407,432
21408,432
21409,432
21410,432
21411,432
21412,432
21413,432
21414,432
21415,432
21416,432
21417,432
21418,432
21419,432
21420,432
21421,432
21422,432
21423,432
21424,432
21425,432
21426,432
21427,432
21428,432
21429,432
21430,432
21431,432
21432,432
21433,432
21434,432
21435,432
21436,432
21437,432
21438,432
21439,432
21440,432
21441,432
21442,432
21443,432
21444,432
21445,432
21446,432
21447,432
21448,432
21449,432
21450,432
21451,432
21452,432
21453,432
21454,432
21455,432
21456,432
21457,432
21458,432
21459,432
21460,432
21461,432
21462,432
21463,432
21464,432
21465,432
21466,432
21467,432
21468,432
21469,432
21470,432
21471,432
21472,432
21473,432
21474,432
21475,432
21476,432
21477,432
21478,432
21479,432
21480,432
21481,432
21482,432
21483,432
21484,432
21485,432
21486,432
21487,432
21488,432
21489,432
21490,432
21491,432
21492,432
21493,432
21494,432
21495,432
21496,432
21497,432
21498,432
21499,432
21500,432
21501,432
21502,432
21503,432
21504,432
21505,432
21506,432
21507,432
21508,432
21509,432
21510,432
21511,432
21512,432
21513,432
21514,432
21515,432
21516,432
21517,432
21518,432
21519,432
21520,432
21521,432
21522,432
21523,432
21524,432
21525,432
21526,432
21527,432
21528,432
21529,432
21530,432
21531,432
21532,432
21533,432
21534,432
21535,432
21536,432
21537,432
21538,432
21539,432
21540,432
21541,432
21542,432
21543,432
21544,432
21545,432
21546,432
21547,432
21548,432
21549,432
21550,432
21551,432
21552,432
21553,432
21554,432
21555,432
21556,432
21557,432
21558,432
21559,432
21560,432
21561,432
21562,432
21563,432
21564,432
21565,432
21566,432
21567,432
21568,432
21569,432
21570,432
21571,432
21572,432
21573,432
21574,432
21575,432
21576,432
21577,432
21578,432
21579,432
21580,432
21581,432
21582,432
21583,432
21584,432
21585,432
21586,432
21587,432
21588,432
21589,432
21590,432
21591,432
21592,432
21593,432
21594,432
21595,432
21596,432
21597,432
21598,432
21599,432
21600,432
21601,432
21602,432
21603,432
21604,432
21605,432
21606,432
21607,432
21608,432
21609,432
21610,432
21611,432
21612,432
21613,432
21614,432
21615,432
21616,432
21617,432
21618,432
21619,432
21620,432
21621,432
21622,432
21623,432
21624,432
21625,432
21626,432
21627,432
21628,432
21629,432
21630,432
21631,432
21632,432
21633,432
21634,432
21635,432
21636,432
21637,432
21638,432
21639,432
21640,432
21641,432
21642,432
21643,432
21644,432
21645,432
21646,432
21647,432
21648,432
21649,432
21650,432
21651,432
21652,432
21653,432
21654,432
21655,432
21656,432
21657,432
21658,432
21659,432
21660,432
21661,432
21662,432
21663,432
21664,432
21665,432
21666,432
21667,432
21668,432
21669,432
21670,432
21671,432
21672,432
21673,432
21674,432
21675,432
21676,432
21677,432
21678,432
21679,432
21680,432
21681,432
21682,432
21683,432
21684,432
21685,432
21686,432
21687,432
21688,432
21689,432
21690,432
21691,432
21692,432
21693,432
21694,432
21695,432
21696,432
21697,432
21698,432
21699,432
21700,432
21701,432
21702,432
21703,432
21704,432
21705,432
21706,432
21707,432
21708,432
21709,432
21710,432
21711,432
21712,432
21713,432
21714,432
21715,432
21716,432
21717,432
21718,432
21719,432
21720,432
21721,432
21722,432
21723,432
21724,432
21725,432
21726,432
21727,432
21728,432
21729,432
21730,432
21731,432
21732,432
21733,432
21734,432
21735,432
21736,432
21737,432
21738,432
21739,432
21740,432
21741,432
21742,432
21743,432
21744,432
21745,432
21746,432
21747,432
21748,432
21749,432
21750,432
21751,432
21752,432
21753,432
21754,432
21755,432
21756,432
21757,432
21758,432
21759,432
21760,432
21761,432
21762,432
21763,432
21764,432
21765,432
21766,432
21767,432
21768,432
21769,432
21770,432
21771,432
21772,432
21773,432
21774,432
21775,432
21776,432
21777,432
21778,432
21779,432
21780,432
21781,432
21782,432
21783,432
21784,432
21785,432
21786,432
21787,432
21788,432
21789,432
21790,432
21791,432
21792,432
21793,432
21794,432
21795,432
21796,432
21797,432
21798,432
21799,432
21800,432
21801,432
21802,432
21803,432
21804,432
21805,432
21806,432
21807,432
21808,432
21809,432
21810,432
21811,432
21812,432
21813,432
21814,432
21815,432
21816,432
21817,432
21818,432
21819,432
21820,432
21821,432
21822,432
21823,432
21824,432
21825,432
21826,432
21827,432
21828,432
21829,432
21830,432
21831,432
21832,432
21833,432
21834,432
21835,432
21836,432
21837,432
21838,432
21839,432
21840,432
21841,432
21842,432
21843,432
21844,432
21845,432
21846,432
21847,432
21848,432
21849,432
21850,432
21851,432
21852,432
21853,432
21854,432
21855,432
21856,432
21857,432
21858,432
21859,432
21860,432
21861,432
21862,432
21863,432
21864,432
21865,432
21866,432
21867,432
21868,432
21869,432
21870,432
21871,432
21872,432
21873,432
21874,432
21875,432
21876,432
21877,432
21878,432
21879,432
21880,432
21881,432
21882,432
21883,432
21884,432
21885,432
21886,432
21887,432
21888,432
21889,432
21890,432
21891,432
21892,432
21893,432
21894,432
21895,432
21896,432
21897,432
21898,432
21899,432
21900,432
21901,432
21902,432
21903,432
21904,432
21905,432
21906,432
21907,432
21908,432
21909,432
21910,432
21911,432
21912,432
21913,432
21914,432
21915,432
21916,432
21917,432
21918,432
21919,432
21920,432
21921,432
21922,432
21923,432
21924,432
21925,432
21926,432
21927,432
21928,432
21929,432
21930,432
21931,432
21932,432
21933,432
21934,432
21935,432
21936,432
21937,432
21938,432
21939,432
21940,432
21941,432
21942,432
21943,432
21944,432
21945,432
21946,432
21947,432
21948,432
21949,432
21950,432
21951,432
21952,432
21953,432
21954,432
21955,432
21956,432
21957,432
21958,432
21959,432
21960,432
21961,432
21962,432
21963,432
21964,432
21965,432
21966,432
21967,432
21968,432
21969,432
21970,432
21971,432
21972,432
21973,432
21974,432
21975,432
21976,432
21977,432
21978,432
21979,432
21980,432
21981,432
21982,432
21983,432
21984,432
21985,432
21986,432
21987,432
21988,432
21989,432
21990,432
21991,432
21992,432
21993,432
21994,432
21995,432
21996,432
21997,432
21998,432
21999,432
22000,432
22001,432
22002,432
22003,432
22004,432
22005,432
22006,432
22007,432
22008,432
22009,432
22010,432
22011,432
22012,432
22013,432
22014,432
22015,432
22016,432
22017,432
22018,432
22019,432
22020,432
22021,432
22022,432
22023,432
22024,432
22025,432
22026,432
22027,432
22028,432
22029,432
22030,432
22031,432
22032,432
22033,432
22034,432
22035,432
22036,432
22037,432
22038,432
22039,432
22040,432
22041,432
22042,432
22043,432
22044,432
22045,432
22046,432
22047,432
22048,432
22049,432
22050,432
22051,432
22052,432
22053,432
22054,432
22055,432
22056,432
22057,432
22058,432
22059,432
22060,432
22061,432
22062,432
22063,432
22064,432
22065,432
22066,432
22067,432
22068,432
22069,432
22070,432
22071,432
22072,432
22073,432
22074,432
22075,432
22076,432
22077,432
22078,432
22079,432
22080,432
22081,432
22082,432
22083,432
22084,432
22085,432
22086,432
22087,432
22088,432
22089,432
22090,432
22091,432
22092,432
22093,432
22094,432
22095,432
22096,432
22097,432
22098,432
22099,432
22100,432
22101,432
22102,432
22103,432
22104,432
22105,432
22106,432
22107,432
22108,432
22109,432
22110,432
22111,432
22112,432
22113,432
22114,432
22115,432
22116,432
22117,432
22118,432
22119,432
22120,432
22121,432
22122,432
22123,432
22124,432
22125,432
22126,432
22127,432
22128,432
22129,432
22130,432
22131,432
22132,432
22133,432
22134,432
22135,432
22136,432
22137,432
22138,432
22139,432
22140,432
22141,432
22142,432
22143,432
22144,432
22145,432
22146,432
22147,432
22148,432
22149,432
22150,432
22151,432
22152,432
22153,432
22154,432
22155,432
22156,432
22157,432
22158,432
22159,432
22160,432
22161,432
22162,432
22163,432
22164,432
22165,432
22166,432
22167,432
22168,432
22169,432
22170,432
22171,432
22172,432
22173,432
22174,432
22175,432
22176,432
22177,432
22178,432
22179,432
22180,432
22181,432
22182,432
22183,432
22184,432
22185,432
22186,432
22187,432
22188,432
22189,432
22190,432
22191,432
22192,432
22193,432
22194,432
22195,432
22196,432
22197,432
22198,432
22199,432
22200,432
22201,432
22202,432
22203,432
22204,432
22205,432
22206,432
22207,432
22208,432
22209,432
22210,432
22211,432
22212,432
22213,432
22214,432
22215,432
22216,432
22217,432
22218,432
22219,432
22220,432
22221,432
22222,432
22223,432
22224,432
22225,432
22226,432
22227,432
22228,432
22229,432
22230,432
22231,432
22232,432
22233,432
22234,432
22235,432
22236,432
22237,432
22238,432
22239,432
22240,432
22241,432
22242,432
22243,432
22244,432
22245,432
22246,432
22247,432
22248,432
22249,432
22250,432
22251,432
22252,432
22253,432
22254,432
22255,432
22256,432
22257,432
22258,432
22259,432
22260,432
22261,432
22262,432
22263,432
22264,432
22265,432
22266,432
22267,432
22268,432
22269,432
22270,432
22271,432
22272,432
22273,432
22274,432
22275,432
22276,432
22277,432
22278,432
22279,432
22280,432
22281,432
22282,432
22283,432
22284,432
22285,432
22286,432
22287,432
22288,432
22289,432
22290,432
22291,432
22292,432
22293,432
22294,432
22295,432
22296,432
22297,432
22298,432
22299,432
22300,432
22301,432
22302,432
22303,432
22304,432
22305,432
22306,432
22307,432
22308,432
22309,432
22310,432
22311,432
22312,432
22313,432
22314,432
22315,432
22316,432
22317,432
22318,432
22319,432
22320,432
22321,432
22322,432
22323,432
22324,432
22325,432
22326,432
22327,432
22328,432
22329,432
22330,432
22331,432
22332,432
22333,432
22334,432
22335,432
22336,432
22337,432
22338,432
22339,432
22340,432
22341,432
22342,432
22343,432
22344,432
22345,432
22346,432
22347,432
22348,432
22349,432
22350,432
22351,432
22352,432
22353,432
22354,432
22355,432
22356,432
22357,432
22358,432
22359,432
22360,432
22361,432
22362,432
22363,432
22364,432
22365,432
22366,432
22367,432
22368,432
22369,432
22370,432
22371,432
22372,432
22373,432
22374,432
22375,432
22376,432
22377,432
22378,432
22379,432
22380,432
22381,432
22382,432
22383,432
22384,432
22385,432
22386,432
22387,432
22388,432
22389,432
22390,432
22391,432
22392,432
22393,432
22394,432
22395,432
22396,432
22397,432
22398,432
22399,432
22400,432
22401,432
22402,432
22403,432
22404,432
22405,432
22406,432
22407,432
22408,432
22409,432
22410,432
22411,432
22412,432
22413,432
22414,432
22415,432
22416,432
22417,432
22418,432
22419,432
22420,432
22421,432
22422,432
22423,432
22424,432
22425,432
22426,432
22427,432
22428,432
22429,432
22430,432
22431,432
22432,432
22433,432
22434,432
22435,432
22436,432
22437,432
22438,432
22439,432
22440,432
22441,432
22442,432
22443,432
22444,432
22445,432
22446,432
22447,432
22448,432
22449,432
22450,432
22451,432
22452,432
22453,432
22454,432
22455,432
22456,432
22457,432
22458,432
22459,432
22460,432
22461,432
22462,432
22463,432
22464,432
22465,432
22466,432
22467,432
22468,432
22469,432
22470,432
22471,432
22472,432
22473,432
22474,432
22475,432
22476,432
22477,432
22478,432
22479,432
22480,432
22481,432
22482,432
22483,432
22484,432
22485,432
22486,432
22487,432
22488,432
22489,432
22490,432
22491,432
22492,432
22493,432
22494,432
22495,432
22496,432
22497,432
22498,432
22499,432
22500,432
22501,432
22502,432
22503,432
22504,432
22505,432
22506,432
22507,432
22508,432
22509,432
22510,432
22511,432
22512,432
22513,432
22514,432
22515,432
22516,432
22517,432
22518,432
22519,432
22520,432
22521,432
22522,432
22523,432
22524,432
22525,432
22526,432
22527,432
22528,432
22529,432
22530,432
22531,432
22532,432
22533,432
22534,432
22535,432
22536,432
22537,432
22538,432
22539,432
22540,432
22541,432
22542,432
22543,432
22544,432
22545,432
22546,432
22547,432
22548,432
22549,432
22550,432
22551,432
22552,432
22553,432
22554,432
22555,432
22556,432
22557,432
22558,432
22559,432
22560,432
22561,432
22562,432
22563,432
22564,432
22565,432
22566,432
22567,432
22568,432
22569,432
22570,432
22571,432
22572,432
22573,432
22574,432
22575,432
22576,432
22577,432
22578,432
22579,432
22580,432
22581,432
22582,432
22583,432
22584,432
22585,432
22586,432
22587,432
22588,432
22589,432
22590,432
22591,432
22592,432
22593,432
22594,432
22595,432
22596,432
22597,432
22598,432
22599,432
22600,432
22601,432
22602,432
22603,432
22604,432
22605,432
22606,432
22607,432
22608,432
22609,432
22610,432
22611,432
22612,432
22613,432
22614,432
22615,432
22616,432
22617,432
22618,432
22619,432
22620,432
22621,432
22622,432
22623,432
22624,432
22625,432
22626,432
22627,432
22628,432
22629,432
22630,432
22631,432
22632,432
22633,432
22634,432
22635,432
22636,432
22637,432
22638,432
22639,432
22640,432
22641,432
22642,432
22643,432
22644,432
22645,432
22646,432
22647,432
22648,432
22649,432
22650,432
22651,432
22652,432
22653,432
22654,432
22655,432
22656,432
22657,432
22658,432
22659,432
22660,432
22661,432
22662,432
22663,432
22664,432
22665,432
22666,432
22667,432
22668,432
22669,432
22670,432
22671,432
22672,432
22673,432
22674,432
22675,432
22676,432
22677,432
22678,432
22679,432
22680,432
22681,432
22682,432
22683,432
22684,432
22685,432
22686,432
22687,432
22688,432
22689,432
22690,432
22691,432
22692,432
22693,432
22694,432
22695,432
22696,432
22697,432
22698,432
22699,432
22700,432
22701,432
22702,432
22703,432
22704,432
22705,432
22706,432
22707,432
22708,432
22709,432
22710,432
22711,432
22712,432
22713,432
22714,432
22715,432
22716,432
22717,432
22718,432
22719,432
22720,432
22721,432
22722,432
22723,432
22724,432
22725,432
22726,432
22727,432
22728,432
22729,432
22730,432
22731,432
22732,432
22733,432
22734,432
22735,432
22736,432
22737,432
22738,432
22739,432
22740,432
22741,432
22742,432
22743,432
22744,432
22745,432
22746,432
22747,432
22748,432
22749,432
22750,432
22751,432
22752,432
22753,432
22754,432
22755,432
22756,432
22757,432
22758,432
22759,432
22760,432
22761,432
22762,432
22763,432
22764,432
22765,432
22766,432
22767,432
22768,432
22769,432
22770,432
22771,432
22772,432
22773,432
22774,432
22775,432
22776,432
22777,432
22778,432
22779,432
22780,432
22781,432
22782,432
22783,432
22784,432
22785,432
22786,432
22787,432
22788,432
22789,432
22790,432
22791,432
22792,432
22793,432
22794,432
22795,432
22796,432
22797,432
22798,432
22799,432
22800,432
22801,432
22802,432
22803,432
22804,432
22805,432
22806,432
22807,432
22808,432
22809,432
22810,432
22811,432
22812,432
22813,432
22814,432
22815,432
22816,432
22817,432
22818,432
22819,432
22820,432
22821,432
22822,432
22823,432
22824,432
22825,432
22826,432
22827,432
22828,432
22829,432
22830,432
22831,432
22832,432
22833,432
22834,432
22835,432
22836,432
22837,432
22838,432
22839,432
22840,432
22841,432
22842,432
22843,432
22844,432
22845,432
22846,432
22847,432
22848,432
22849,432
22850,432
22851,432
22852,432
22853,432
22854,432
22855,432
22856,432
22857,432
22858,432
22859,432
22860,432
22861,432
22862,432
22863,432
22864,432
22865,432
22866,432
22867,432
22868,432
22869,432
22870,432
22871,432
22872,432
22873,432
22874,432
22875,432
22876,432
22877,432
22878,432
22879,432
22880,432
22881,432
22882,432
22883,432
22884,432
22885,432
22886,432
22887,432
22888,432
22889,432
22890,432
22891,432
22892,432
22893,432
22894,432
22895,432
22896,432
22897,432
22898,432
22899,432
22900,432
22901,432
22902,432
22903,432
22904,432
22905,432
22906,432
22907,432
22908,432
22909,432
22910,432
22911,432
22912,432
22913,432
22914,432
22915,432
22916,432
22917,432
22918,432
22919,432
22920,432
22921,432
22922,432
22923,432
22924,432
22925,432
22926,432
22927,432
22928,432
22929,432
22930,432
22931,432
22932,432
22933,432
22934,432
22935,432
22936,432
22937,432
22938,432
22939,432
22940,432
22941,432
22942,432
22943,432
22944,432
22945,432
22946,432
22947,432
22948,432
22949,432
22950,432
22951,432
22952,432
22953,432
22954,432
22955,432
22956,432
22957,432
22958,432
22959,432
22960,432
22961,432
22962,432
22963,432
22964,432
22965,432
22966,432
22967,432
22968,432
22969,432
22970,432
22971,432
22972,432
22973,432
22974,432
22975,432
22976,432
22977,432
22978,432
22979,432
22980,432
22981,432
22982,432
22983,432
22984,432
22985,432
22986,432
22987,432
22988,432
22989,432
22990,432
22991,432
22992,432
22993,432
22994,432
22995,432
22996,432
22997,432
22998,432
22999,432
23000,432
23001,432
23002,432
23003,432
23004,432
23005,432
23006,432
23007,432
23008,432
23009,432
23010,432
23011,432
23012,432
23013,432
23014,432
23015,432
23016,432
23017,432
23018,432
23019,432
23020,432
23021,432
23022,432
23023,432
23024,432
23025,432
23026,432
23027,432
23028,432
23029,432
23030,432
23031,432
23032,432
23033,432
23034,432
23035,432
23036,432
23037,432
23038,432
23039,432
23040,432
23041,432
23042,432
23043,432
23044,432
23045,432
23046,432
23047,432
23048,432
23049,432
23050,432
23051,432
23052,432
23053,432
23054,432
23055,432
23056,432
23057,432
23058,432
23059,432
23060,432
23061,432
23062,432
23063,432
23064,432
23065,432
23066,432
23067,432
23068,432
23069,432
23070,432
23071,432
23072,432
23073,432
23074,432
23075,432
23076,432
23077,432
23078,432
23079,432
23080,432
23081,432
23082,432
23083,432
23084,432
23085,432
23086,432
23087,432
23088,432
23089,432
23090,432
23091,432
23092,432
23093,432
23094,432
23095,432
23096,432
23097,432
23098,432
23099,432
23100,432
23101,432
23102,432
23103,432
23104,432
23105,432
23106,432
23107,432
23108,432
23109,432
23110,432
23111,432
23112,432
23113,432
23114,432
23115,432
23116,432
23117,432
23118,432
23119,432
23120,432
23121,432
23122,432
23123,432
23124,432
23125,432
23126,432
23127,432
23128,432
23129,432
23130,432
23131,432
23132,432
23133,432
23134,432
23135,432
23136,432
23137,432
23138,432
23139,432
23140,432
23141,432
23142,432
23143,432
23144,432
23145,432
23146,432
23147,432
23148,432
23149,432
23150,432
23151,432
23152,432
23153,432
23154,432
23155,432
23156,432
23157,432
23158,432
23159,432
23160,432
23161,432
23162,432
23163,432
23164,432
23165,432
23166,432
23167,432
23168,432
23169,432
23170,432
23171,432
23172,432
23173,432
23174,432
23175,432
23176,432
23177,432
23178,432
23179,432
23180,432
23181,432
23182,432
23183,432
23184,432
23185,432
23186,432
23187,432
23188,432
23189,432
23190,432
23191,432
23192,432
23193,432
23194,432
23195,432
23196,432
23197,432
23198,432
23199,432
23200,432
23201,432
23202,432
23203,432
23204,432
23205,432
23206,432
23207,432
23208,432
23209,432
23210,432
23211,432
23212,432
23213,432
23214,432
23215,432
23216,432
23217,432
23218,432
23219,432
23220,432
23221,432
23222,432
23223,432
23224,432
23225,432
23226,432
23227,432
23228,432
23229,432
23230,432
23231,432
23232,432
23233,432
23234,432
23235,432
23236,432
23237,432
23238,432
23239,432
23240,432
23241,432
23242,432
23243,432
23244,432
23245,432
23246,432
23247,432
23248,432
23249,432
23250,432
23251,432
23252,432
23253,432
23254,432
23255,432
23256,432
23257,432
23258,432
23259,432
23260,432
23261,432
23262,432
23263,432
23264,432
23265,432
23266,432
23267,432
23268,432
23269,432
23270,432
23271,432
23272,432
23273,432
23274,432
23275,432
23276,432
23277,432
23278,432
23279,432
23280,432
23281,432
23282,432
23283,432
23284,432
23285,432
23286,432
23287,432
23288,432
23289,432
23290,432
23291,432
23292,432
23293,432
23294,432
23295,432
23296,432
23297,432
23298,432
23299,432
23300,432
23301,432
23302,432
23303,432
23304,432
23305,432
23306,432
23307,432
23308,432
23309,432
23310,432
23311,432
23312,432
23313,432
23314,432
23315,432
23316,432
23317,432
23318,432
23319,432
23320,432
23321,432
23322,432
23323,432
23324,432
23325,432
23326,432
23327,432
23328,432
23329,432
23330,432
23331,432
23332,432
23333,432
23334,432
23335,432
23336,432
23337,432
23338,432
23339,432
23340,432
23341,432
23342,432
23343,432
23344,432
23345,432
23346,432
23347,432
23348,432
23349,432
23350,432
23351,432
23352,432
23353,432
23354,432
23355,432
23356,432
23357,432
23358,432
23359,432
23360,432
23361,432
23362,432
23363,432
23364,432
23365,432
23366,432
23367,432
23368,432
23369,432
23370,432
23371,432
23372,432
23373,432
23374,432
23375,432
23376,432
23377,432
23378,432
23379,432
23380,432
23381,432
23382,432
23383,432
23384,432
23385,432
23386,432
23387,432
23388,432
23389,432
23390,432
23391,432
23392,432
23393,432
23394,432
23395,432
23396,432
23397,432
23398,432
23399,432
23400,432
23401,432
23402,432
23403,432
23404,432
23405,432
23406,432
23407,432
23408,432
23409,432
23410,432
23411,432
23412,432
23413,432
23414,432
23415,432
23416,432
23417,432
23418,432
23419,432
23420,432
23421,432
23422,432
23423,432
23424,432
23425,432
23426,432
23427,432
23428,432
23429,432
23430,432
23431,432
23432,432
23433,432
23434,432
23435,432
23436,432
23437,432
23438,432
23439,432
23440,432
23441,432
23442,432
23443,432
23444,432
23445,432
23446,432
23447,432
23448,432
23449,432
23450,432
23451,432
23452,432
23453,432
23454,432
23455,432
23456,432
23457,432
23458,432
23459,432
23460,432
23461,432
23462,432
23463,432
23464,432
23465,432
23466,432
23467,432
23468,432
23469,432
23470,432
23471,432
23472,432
23473,432
23474,432
23475,432
23476,432
23477,432
23478,432
23479,432
23480,432
23481,432
23482,432
23483,432
23484,432
23485,432
23486,432
23487,432
23488,432
23489,432
23490,432
23491,432
23492,432
23493,432
23494,432
23495,432
23496,432
23497,432
23498,432
23499,432
23500,432
23501,432
23502,432
23503,432
23504,432
23505,432
23506,432
23507,432
23508,432
23509,432
23510,432
23511,432
23512,432
23513,432
23514,432
23515,432
23516,432
23517,432
23518,432
23519,432
23520,432
23521,432
23522,432
23523,432
23524,432
23525,432
23526,432
23527,432
23528,432
23529,432
23530,432
23531,432
23532,432
23533,432
23534,432
23535,432
23536,432
23537,432
23538,432
23539,432
23540,432
23541,432
23542,432
23543,432
23544,432
23545,432
23546,432
23547,432
23548,432
23549,432
23550,432
23551,432
23552,432
23553,432
23554,432
23555,432
23556,432
23557,432
23558,432
23559,432
23560,432
23561,432
23562,432
23563,432
23564,432
23565,432
23566,432
23567,432
23568,432
23569,432
23570,432
23571,432
23572,432
23573,432
23574,432
23575,432
23576,432
23577,432
23578,432
23579,432
23580,432
23581,432
23582,432
23583,432
23584,432
23585,432
23586,432
23587,432
23588,432
23589,432
23590,432
23591,432
23592,432
23593,432
23594,432
23595,432
23596,432
23597,432
23598,432
23599,432
23600,432
23601,432
23602,432
23603,432
23604,432
23605,432
23606,432
23607,432
23608,432
23609,432
23610,432
23611,432
23612,432
23613,432
23614,432
23615,432
23616,432
23617,432
23618,432
23619,432
23620,432
23621,432
23622,432
23623,432
23624,432
23625,432
23626,432
23627,432
23628,432
23629,432
23630,432
23631,432
23632,432
23633,432
23634,432
23635,432
23636,432
23637,432
23638,432
23639,432
23640,432
23641,432
23642,432
23643,432
23644,432
23645,432
23646,432
23647,432
23648,432
23649,432
23650,432
23651,432
23652,432
23653,432
23654,432
23655,432
23656,432
23657,432
23658,432
23659,432
23660,432
23661,432
23662,432
23663,432
23664,432
23665,432
23666,432
23667,432
23668,432
23669,432
23670,432
23671,432
23672,432
23673,432
23674,432
23675,432
23676,432
23677,432
23678,432
23679,432
23680,432
23681,432
23682,432
23683,432
23684,432
23685,432
23686,432
23687,432
23688,432
23689,432
23690,432
23691,432
23692,432
23693,432
23694,432
23695,432
23696,432
23697,432
23698,432
23699,432
23700,432
23701,432
23702,432
23703,432
23704,432
23705,432
23706,432
23707,432
23708,432
23709,432
23710,432
23711,432
23712,432
23713,432
23714,432
23715,432
23716,432
23717,432
23718,432
23719,432
23720,432
23721,432
23722,432
23723,432
23724,432
23725,432
23726,432
23727,432
23728,432
23729,432
23730,432
23731,432
23732,432
23733,432
23734,432
23735,432
23736,432
23737,432
23738,432
23739,432
23740,432
23741,432
23742,432
23743,432
23744,432
23745,432
23746,432
23747,432
23748,432
23749,432
23750,432
23751,432
23752,432
23753,432
23754,432
23755,432
23756,432
23757,432
23758,432
23759,432
23760,432
23761,432
23762,432
23763,432
23764,432
23765,432
23766,432
23767,432
23768,432
23769,432
23770,432
23771,432
23772,432
23773,432
23774,432
23775,432
23776,432
23777,432
23778,432
23779,432
23780,432
23781,432
23782,432
23783,432
23784,432
23785,432
23786,432
23787,432
23788,432
23789,432
23790,432
23791,432
23792,432
23793,432
23794,432
23795,432
23796,432
23797,432
23798,432
23799,432
23800,432
23801,432
23802,432
23803,432
23804,432
23805,432
23806,432
23807,432
23808,432
23809,432
23810,432
23811,432
23812,432
23813,432
23814,432
23815,432
23816,432
23817,432
23818,432
23819,432
23820,432
23821,432
23822,432
23823,432
23824,432
23825,432
23826,432
23827,432
23828,432
23829,432
23830,432
23831,432
23832,432
23833,432
23834,432
23835,432
23836,432
23837,432
23838,432
23839,432
23840,432
23841,432
23842,432
23843,432
23844,432
23845,432
23846,432
23847,432
23848,432
23849,432
23850,432
23851,432
23852,432
23853,432
23854,432
23855,432
23856,432
23857,432
23858,432
23859,432
23860,432
23861,432
23862,432
23863,432
23864,432
23865,432
23866,432
23867,432
23868,432
23869,432
23870,432
23871,432
23872,432
23873,432
23874,432
23875,432
23876,432
23877,432
23878,432
23879,432
23880,432
23881,432
23882,432
23883,432
23884,432
23885,432
23886,432
23887,432
23888,432
23889,432
23890,432
23891,432
23892,432
23893,432
23894,432
23895,432
23896,432
23897,432
23898,432
23899,432
23900,432
23901,432
23902,432
23903,432
23904,432
23905,432
23906,432
23907,432
23908,432
23909,432
23910,432
23911,432
23912,432
23913,432
23914,432
23915,432
23916,432
23917,432
23918,432
23919,432
23920,432
23921,432
23922,432
23923,432
23924,432
23925,432
23926,432
23927,432
23928,432
23929,432
23930,432
23931,432
23932,432
23933,432
23934,432
23935,432
23936,432
23937,432
23938,432
23939,432
23940,432
23941,432
23942,432
23943,432
23944,432
23945,432
23946,432
23947,432
23948,432
23949,432
23950,432
23951,432
23952,432
23953,432
23954,432
23955,432
23956,432
23957,432
23958,432
23959,432
23960,432
23961,432
23962,432
23963,432
23964,432
23965,432
23966,432
23967,432
23968,432
23969,432
23970,432
23971,432
23972,432
23973,432
23974,432
23975,432
23976,432
23977,432
23978,432
23979,432
23980,432
23981,432
23982,432
23983,432
23984,432
23985,432
23986,432
23987,432
23988,432
23989,432
23990,432
23991,432
23992,432
23993,432
23994,432
23995,432
23996,432
23997,432
23998,432
23999,432
24000,432
24001,432
24002,432
24003,432
24004,432
24005,432
24006,432
24007,432
24008,432
24009,432
24010,432
24011,432
24012,432
24013,432
24014,432
24015,432
24016,432
24017,432
24018,432
24019,432
24020,432
24021,432
24022,432
24023,432
24024,432
24025,432
24026,432
24027,432
24028,432
24029,432
24030,432
24031,432
24032,432
24033,432
24034,432
24035,432
24036,432
24037,432
24038,432
24039,432
24040,432
24041,432
24042,432
24043,432
24044,432
24045,432
24046,432
24047,432
24048,432
24049,432
24050,432
24051,432
24052,432
24053,432
24054,432
24055,432
24056,432
24057,432
24058,432
24059,432
24060,432
24061,432
24062,432
24063,432
24064,432
24065,432
24066,432
24067,432
24068,432
24069,432
24070,432
24071,432
24072,432
24073,432
24074,432
24075,432
24076,432
24077,432
24078,432
24079,432
24080,432
24081,432
24082,432
24083,432
24084,432
24085,432
24086,432
24087,432
24088,432
24089,432
24090,432
24091,432
24092,432
24093,432
24094,432
24095,432
24096,432
24097,432
24098,432
24099,432
24100,432
24101,432
24102,432
24103,432
24104,432
24105,432
24106,432
24107,432
24108,432
24109,432
24110,432
24111,432
24112,432
24113,432
24114,432
24115,432
24116,432
24117,432
24118,432
24119,432
24120,432
24121,432
24122,432
24123,432
24124,432
24125,432
24126,432
24127,432
24128,432
24129,432
24130,432
24131,432
24132,432
24133,432
24134,432
24135,432
24136,432
24137,432
24138,432
24139,432
24140,432
24141,432
24142,432
24143,432
24144,432
24145,432
24146,432
24147,432
24148,432
24149,432
24150,432
24151,432
24152,432
24153,432
24154,432
24155,432
24156,432
24157,432
24158,432
24159,432
24160,432
24161,432
24162,432
24163,432
24164,432
24165,432
24166,432
24167,432
24168,432
24169,432
24170,432
24171,432
24172,432
24173,432
24174,432
24175,432
24176,432
24177,432
24178,432
24179,432
24180,432
24181,432
24182,432
24183,432
24184,432
24185,432
24186,432
24187,432
24188,432
24189,432
24190,432
24191,432
24192,432
24193,432
24194,432
24195,432
24196,432
24197,432
24198,432
24199,432
24200,432
24201,432
24202,432
24203,432
24204,432
24205,432
24206,432
24207,432
24208,432
24209,432
24210,432
24211,432
24212,432
24213,432
24214,432
24215,432
24216,432
24217,432
24218,432
24219,432
24220,432
24221,432
24222,432
24223,432
24224,432
24225,432
24226,432
24227,432
24228,432
24229,432
24230,432
24231,432
24232,432
24233,432
24234,432
24235,432
24236,432
24237,432
24238,432
24239,432
24240,432
24241,432
24242,432
24243,432
24244,432
24245,432
24246,432
24247,432
24248,432
24249,432
24250,432
24251,432
24252,432
24253,432
24254,432
24255,432
24256,432
24257,432
24258,432
24259,432
24260,432
24261,432
24262,432
24263,432
24264,432
24265,432
24266,432
24267,432
24268,432
24269,432
24270,432
24271,432
24272,432
24273,432
24274,432
24275,432
24276,432
24277,432
24278,432
24279,432
24280,432
24281,432
24282,432
24283,432
24284,432
24285,432
24286,432
24287,432
24288,432
24289,432
24290,432
24291,432
24292,432
24293,432
24294,432
24295,432
24296,432
24297,432
24298,432
24299,432
24300,432
24301,432
24302,432
24303,432
24304,432
24305,432
24306,432
24307,432
24308,432
24309,432
24310,432
24311,432
24312,432
24313,432
24314,432
24315,432
24316,432
24317,432
24318,432
24319,432
24320,432
24321,432
24322,432
24323,432
24324,432
24325,432
24326,432
24327,432
24328,432
24329,432
24330,432
24331,432
24332,432
24333,432
24334,432
24335,432
24336,432
24337,432
24338,432
24339,432
24340,432
24341,432
24342,432
24343,432
24344,432
24345,432
24346,432
24347,432
24348,432
24349,432
24350,432
24351,432
24352,432
24353,432
24354,432
24355,432
24356,432
24357,432
24358,432
24359,432
24360,432
24361,432
24362,432
24363,432
24364,432
24365,432
24366,432
24367,432
24368,432
24369,432
24370,432
24371,432
24372,432
24373,432
24374,432
24375,432
24376,432
24377,432
24378,432
24379,432
24380,432
24381,432
24382,432
24383,432
24384,432
24385,432
24386,432
24387,432
24388,432
24389,432
24390,432
24391,432
24392,432
24393,432
24394,432
24395,432
24396,432
24397,432
24398,432
24399,432
24400,432
24401,432
24402,432
24403,432
24404,432
24405,432
24406,432
24407,432
24408,432
24409,432
24410,432
24411,432
24412,432
24413,432
24414,432
24415,432
24416,432
24417,432
24418,432
24419,432
24420,432
24421,432
24422,432
24423,432
24424,432
24425,432
24426,432
24427,432
24428,432
24429,432
24430,432
24431,432
24432,432
24433,432
24434,432
24435,432
24436,432
24437,432
24438,432
24439,432
24440,432
24441,432
24442,432
24443,432
24444,432
24445,432
24446,432
24447,432
24448,432
24449,432
24450,432
24451,432
24452,432
24453,432
24454,432
24455,432
24456,432
24457,432
24458,432
24459,432
24460,432
24461,432
24462,432
24463,432
24464,432
24465,432
24466,432
24467,432
24468,432
24469,432
24470,432
24471,432
24472,432
24473,432
24474,432
24475,432
24476,432
24477,432
24478,432
24479,432
24480,432
24481,432
24482,432
24483,432
24484,432
24485,432
24486,432
24487,432
24488,432
24489,432
24490,432
24491,432
24492,432
24493,432
24494,432
24495,432
24496,432
24497,432
24498,432
24499,432
24500,432
24501,432
24502,432
24503,432
24504,432
24505,432
24506,432
24507,432
24508,432
24509,432
24510,432
24511,432
24512,432
24513,432
24514,432
24515,432
24516,432
24517,432
24518,432
24519,432
24520,432
24521,432
24522,432
24523,432
24524,432
24525,432
24526,432
24527,432
24528,432
24529,432
24530,432
24531,432
24532,432
24533,432
24534,432
24535,432
24536,432
24537,432
24538,432
24539,432
24540,432
24541,432
24542,432
24543,432
24544,432
24545,432
24546,432
24547,432
24548,432
24549,432
24550,432
24551,432
24552,432
24553,432
24554,432
24555,432
24556,432
24557,432
24558,432
24559,432
24560,432
24561,432
24562,432
24563,432
24564,432
24565,432
24566,432
24567,432
24568,432
24569,432
24570,432
24571,432
24572,432
24573,432
24574,432
24575,432
24576,432
24577,432
24578,432
24579,432
24580,432
24581,432
24582,432
24583,432
24584,432
24585,432
24586,432
24587,432
24588,432
24589,432
24590,432
24591,432
24592,432
24593,432
24594,432
24595,432
24596,432
24597,432
24598,432
24599,432
24600,432
24601,432
24602,432
24603,432
24604,432
24605,432
24606,432
24607,432
24608,432
24609,432
24610,432
24611,432
24612,432
24613,432
24614,432
24615,432
24616,432
24617,432
24618,432
24619,432
24620,432
24621,432
24622,432
24623,432
24624,432
24625,432
24626,432
24627,432
24628,432
24629,432
24630,432
24631,432
24632,432
24633,432
24634,432
24635,432
24636,432
24637,432
24638,432
24639,432
24640,432
24641,432
24642,432
24643,432
24644,432
24645,432
24646,432
24647,432
24648,432
24649,432
24650,432
24651,432
24652,432
24653,432
24654,432
24655,432
24656,432
24657,432
24658,432
24659,432
24660,432
24661,432
24662,432
24663,432
24664,432
24665,432
24666,432
24667,432
24668,432
24669,432
24670,432
24671,432
24672,432
24673,432
24674,432
24675,432
24676,432
24677,432
24678,432
24679,432
24680,432
24681,432
24682,432
24683,432
24684,432
24685,432
24686,432
24687,432
24688,432
24689,432
24690,432
24691,432
24692,432
24693,432
24694,432
24695,432
24696,432
24697,432
24698,432
24699,432
24700,432
24701,432
24702,432
24703,432
24704,432
24705,432
24706,432
24707,432
24708,432
24709,432
24710,432
24711,432
24712,432
24713,432
24714,432
24715,432
24716,432
24717,432
24718,432
24719,432
24720,432
24721,432
24722,432
24723,432
24724,432
24725,432
24726,432
24727,432
24728,432
24729,432
24730,432
24731,432
24732,432
24733,432
24734,432
24735,432
24736,432
24737,432
24738,432
24739,432
24740,432
24741,432
24742,432
24743,432
24744,432
24745,432
24746,432
24747,432
24748,432
24749,432
24750,432
24751,432
24752,432
24753,432
24754,432
24755,432
24756,432
24757,432
24758,432
24759,432
24760,432
24761,432
24762,432
24763,432
24764,432
24765,432
24766,432
24767,432
24768,432
24769,432
24770,432
24771,432
24772,432
24773,432
24774,432
24775,432
24776,432
24777,432
24778,432
24779,432
24780,432
24781,432
24782,432
24783,432
24784,432
24785,432
24786,432
24787,432
24788,432
24789,432
24790,432
24791,432
24792,432
24793,432
24794,432
24795,432
24796,432
24797,432
24798,432
24799,432
24800,432
24801,432
24802,432
24803,432
24804,432
24805,432
24806,432
24807,432
24808,432
24809,432
24810,432
24811,432
24812,432
24813,432
24814,432
24815,432
24816,432
24817,432
24818,432
24819,432
24820,432
24821,432
24822,432
24823,432
24824,432
24825,432
24826,432
24827,432
24828,432
24829,432
24830,432
24831,432
24832,432
24833,432
24834,432
24835,432
24836,432
24837,432
24838,432
24839,432
24840,432
24841,432
24842,432
24843,432
24844,432
24845,432
24846,432
24847,432
24848,432
24849,432
24850,432
24851,432
24852,432
24853,432
24854,432
24855,432
24856,432
24857,432
24858,432
24859,432
24860,432
24861,432
24862,432
24863,432
24864,432
24865,432
24866,432
24867,432
24868,432
24869,432
24870,432
24871,432
24872,432
24873,432
24874,432
24875,432
24876,432
24877,432
24878,432
24879,432
24880,432
24881,432
24882,432
24883,432
24884,432
24885,432
24886,432
24887,432
24888,432
24889,432
24890,432
24891,432
24892,432
24893,432
24894,432
24895,432
24896,432
24897,432
24898,432
24899,432
24900,432
24901,432
24902,432
24903,432
24904,432
24905,432
24906,432
24907,432
24908,432
24909,432
24910,432
24911,432
24912,432
24913,432
24914,432
24915,432
24916,432
24917,432
24918,432
24919,432
24920,432
24921,432
24922,432
24923,432
24924,432
24925,432
24926,432
24927,432
24928,432
24929,432
24930,432
24931,432
24932,432
24933,432
24934,432
24935,432
24936,432
24937,432
24938,432
24939,432
24940,432
24941,432
24942,432
24943,432
24944,432
24945,432
24946,432
24947,432
24948,432
24949,432
24950,432
24951,432
24952,432
24953,432
24954,432
24955,432
24956,432
24957,432
24958,432
24959,432
24960,432
24961,432
24962,432
24963,432
24964,432
24965,432
24966,432
24967,432
24968,432
24969,432
24970,432
24971,432
24972,432
24973,432
24974,432
24975,432
24976,432
24977,432
24978,432
24979,432
24980,432
24981,432
24982,432
24983,432
24984,432
24985,432
24986,432
24987,432
24988,432
24989,432
24990,432
24991,432
24992,432
24993,432
24994,432
24995,432
24996,432
24997,432
24998,432
24999,432
25000,432
25001,432
25002,432
25003,432
25004,432
25005,432
25006,432
25007,432
25008,432
25009,432
25010,432
25011,432
25012,432
25013,432
25014,432
25015,432
25016,432
25017,432
25018,432
25019,432
25020,432
25021,432
25022,432
25023,432
25024,432
25025,432
25026,432
25027,432
25028,432
25029,432
25030,432
25031,432
25032,432
25033,432
25034,432
25035,432
25036,432
25037,432
25038,432
25039,432
25040,432
25041,432
25042,432
25043,432
25044,432
25045,432
25046,432
25047,432
25048,432
25049,432
25050,432
25051,432
25052,432
25053,432
25054,432
25055,432
25056,432
25057,432
25058,432
25059,432
25060,432
25061,432
25062,432
25063,432
25064,432
25065,432
25066,432
25067,432
25068,432
25069,432
25070,432
25071,432
25072,432
25073,432
25074,432
25075,432
25076,432
25077,432
25078,432
25079,432
25080,432
25081,432
25082,432
25083,432
25084,432
25085,432
25086,432
25087,432
25088,432
25089,432
25090,432
25091,432
25092,432
25093,432
25094,432
25095,432
25096,432
25097,432
25098,432
25099,432
25100,432
25101,432
25102,432
25103,432
25104,432
25105,432
25106,432
25107,432
25108,432
25109,432
25110,432
25111,432
25112,432
25113,432
25114,432
25115,432
25116,432
25117,432
25118,432
25119,432
25120,432
25121,432
25122,432
25123,432
25124,432
25125,432
25126,432
25127,432
25128,432
25129,432
25130,432
25131,432
25132,432
25133,432
25134,432
25135,432
25136,432
25137,432
25138,432
25139,432
25140,432
25141,432
25142,432
25143,432
25144,432
25145,432
25146,432
25147,432
25148,432
25149,432
25150,432
25151,432
25152,432
25153,432
25154,432
25155,432
25156,432
25157,432
25158,432
25159,432
25160,432
25161,432
25162,432
25163,432
25164,432
25165,432
25166,432
25167,432
25168,432
25169,432
25170,432
25171,432
25172,432
25173,432
25174,432
25175,432
25176,432
25177,432
25178,432
25179,432
25180,432
25181,432
25182,432
25183,432
25184,432
25185,432
25186,432
25187,432
25188,432
25189,432
25190,432
25191,432
25192,432
25193,432
25194,432
25195,432
25196,432
25197,432
25198,432
25199,432
25200,432
25201,432
25202,432
25203,432
25204,432
25205,432
25206,432
25207,432
25208,432
25209,432
25210,432
25211,432
25212,432
25213,432
25214,432
25215,432
25216,432
25217,432
25218,432
25219,432
25220,432
25221,432
25222,432
25223,432
25224,432
25225,432
25226,432
25227,432
25228,432
25229,432
25230,432
25231,432
25232,432
25233,432
25234,432
25235,432
25236,432
25237,432
25238,432
25239,432
25240,432
25241,432
25242,432
25243,432
25244,432
25245,432
25246,432
25247,432
25248,432
25249,432
25250,432
25251,432
25252,432
25253,432
25254,432
25255,432
25256,432
25257,432
25258,432
25259,432
25260,432
25261,432
25262,432
25263,432
25264,432
25265,432
25266,432
25267,432
25268,432
25269,432
25270,432
25271,432
25272,432
25273,432
25274,432
25275,432
25276,432
25277,432
25278,432
25279,432
25280,432
25281,432
25282,432
25283,432
25284,432
25285,432
25286,432
25287,432
25288,432
25289,432
25290,432
25291,432
25292,432
25293,432
25294,432
25295,432
25296,432
25297,432
25298,432
25299,432
25300,432
25301,432
25302,432
25303,432
25304,432
25305,432
25306,432
25307,432
25308,432
25309,432
25310,432
25311,432
25312,432
25313,432
25314,432
25315,432
25316,432
25317,432
25318,432
25319,432
25320,432
25321,432
25322,432
25323,432
25324,432
25325,432
25326,432
25327,432
25328,432
25329,432
25330,432
25331,432
25332,432
25333,432
25334,432
25335,432
25336,432
25337,432
25338,432
25339,432
25340,432
25341,432
25342,432
25343,432
25344,432
25345,432
25346,432
25347,432
25348,432
25349,432
25350,432
25351,432
25352,432
25353,432
25354,432
25355,432
25356,432
25357,432
25358,432
25359,432
25360,432
25361,432
25362,432
25363,432
25364,432
25365,432
25366,432
25367,432
25368,432
25369,432
25370,432
25371,432
25372,432
25373,432
25374,432
25375,432
25376,432
25377,432
25378,432
25379,432
25380,432
25381,432
25382,432
25383,432
25384,432
25385,432
25386,432
25387,432
25388,432
25389,432
25390,432
25391,432
25392,432
25393,432
25394,432
25395,432
25396,432
25397,432
25398,432
25399,432
25400,432
25401,432
25402,432
25403,432
25404,432
25405,432
25406,432
25407,432
25408,432
25409,432
25410,432
25411,432
25412,432
25413,432
25414,432
25415,432
25416,432
25417,432
25418,432
25419,432
25420,432
25421,432
25422,432
25423,432
25424,432
25425,432
25426,432
25427,432
25428,432
25429,432
25430,432
25431,432
25432,432
25433,432
25434,432
25435,432
25436,432
25437,432
25438,432
25439,432
25440,432
25441,432
25442,432
25443,432
25444,432
25445,432
25446,432
25447,432
25448,432
25449,432
25450,432
25451,432
25452,432
25453,432
25454,432
25455,432
25456,432
25457,432
25458,432
25459,432
25460,432
25461,432
25462,432
25463,432
25464,432
25465,432
25466,432
25467,432
25468,432
25469,432
25470,432
25471,432
25472,432
25473,432
25474,432
25475,432
25476,432
25477,432
25478,432
25479,432
25480,432
25481,432
25482,432
25483,432
25484,432
25485,432
25486,432
25487,432
25488,432
25489,432
25490,432
25491,432
25492,432
25493,432
25494,432
25495,432
25496,432
25497,432
25498,432
25499,432
25500,432
25501,432
25502,432
25503,432
25504,432
25505,432
25506,432
25507,432
25508,432
25509,432
25510,432
25511,432
25512,432
25513,432
25514,432
25515,432
25516,432
25517,432
25518,432
25519,432
25520,432
25521,432
25522,432
25523,432
25524,432
25525,432
25526,432
25527,432
25528,432
25529,432
25530,432
25531,432
25532,432
25533,432
25534,432
25535,432
25536,432
25537,432
25538,432
25539,432
25540,432
25541,432
25542,432
25543,432
25544,432
25545,432
25546,432
25547,432
25548,432
25549,432
25550,432
25551,432
25552,432
25553,432
25554,432
25555,432
25556,432
25557,432
25558,432
25559,432
25560,432
25561,432
25562,432
25563,432
25564,432
25565,432
25566,432
25567,432
25568,432
25569,432
25570,432
25571,432
25572,432
25573,432
25574,432
25575,432
25576,432
25577,432
25578,432
25579,432
25580,432
25581,432
25582,432
25583,432
25584,432
25585,432
25586,432
25587,432
25588,432
25589,432
25590,432
25591,432
25592,432
25593,432
25594,432
25595,432
25596,432
25597,432
25598,432
25599,432
25600,432
25601,432
25602,432
25603,432
25604,432
25605,432
25606,432
25607,432
25608,432
25609,432
25610,432
25611,432
25612,432
25613,432
25614,432
25615,432
25616,432
25617,432
25618,432
25619,432
25620,432
25621,432
25622,432
25623,432
25624,432
25625,432
25626,432
25627,432
25628,432
25629,432
25630,432
25631,432
25632,432
25633,432
25634,432
25635,432
25636,432
25637,432
25638,432
25639,432
25640,432
25641,432
25642,432
25643,432
25644,432
25645,432
25646,432
25647,432
25648,432
25649,432
25650,432
25651,432
25652,432
25653,432
25654,432
25655,432
25656,432
25657,432
25658,432
25659,432
25660,432
25661,432
25662,432
25663,432
25664,432
25665,432
25666,432
25667,432
25668,432
25669,432
25670,432
25671,432
25672,432
25673,432
25674,432
25675,432
25676,432
25677,432
25678,432
25679,432
25680,432
25681,432
25682,432
25683,432
25684,432
25685,432
25686,432
25687,432
25688,432
25689,432
25690,432
25691,432
25692,432
25693,432
25694,432
25695,432
25696,432
25697,432
25698,432
25699,432
25700,432
25701,432
25702,432
25703,432
25704,432
25705,432
25706,432
25707,432
25708,432
25709,432
25710,432
25711,432
25712,432
25713,432
25714,432
25715,432
25716,432
25717,432
25718,432
25719,432
25720,432
25721,432
25722,432
25723,432
25724,432
25725,432
25726,432
25727,432
25728,432
25729,432
25730,432
25731,432
25732,432
25733,432
25734,432
25735,432
25736,432
25737,432
25738,432
25739,432
25740,432
25741,432
25742,432
25743,432
25744,432
25745,432
25746,432
25747,432
25748,432
25749,432
25750,432
25751,432
25752,432
25753,432
25754,432
25755,432
25756,432
25757,432
25758,432
25759,432
25760,432
25761,432
25762,432
25763,432
25764,432
25765,432
25766,432
25767,432
25768,432
25769,432
25770,432
25771,432
25772,432
25773,432
25774,432
25775,432
25776,432
25777,432
25778,432
25779,432
25780,432
25781,432
25782,432
25783,432
25784,432
25785,432
25786,432
25787,432
25788,432
25789,432
25790,432
25791,432
25792,432
25793,432
25794,432
25795,432
25796,432
25797,432
25798,432
25799,432
25800,432
25801,432
25802,432
25803,432
25804,432
25805,432
25806,432
25807,432
25808,432
25809,432
25810,432
25811,432
25812,432
25813,432
25814,432
25815,432
25816,432
25817,432
25818,432
25819,432
25820,432
25821,432
25822,432
25823,432
25824,432
25825,432
25826,432
25827,432
25828,432
25829,432
25830,432
25831,432
25832,432
25833,432
25834,432
25835,432
25836,432
25837,432
25838,432
25839,432
25840,432
25841,432
25842,432
25843,432
25844,432
25845,432
25846,432
25847,432
25848,432
25849,432
25850,432
25851,432
25852,432
25853,432
25854,432
25855,432
25856,432
25857,432
25858,432
25859,432
25860,432
25861,432
25862,432
25863,432
25864,432
25865,432
25866,432
25867,432
25868,432
25869,432
25870,432
25871,432
25872,432
25873,432
25874,432
25875,432
25876,432
25877,432
25878,432
25879,432
25880,432
25881,432
25882,432
25883,432
25884,432
25885,432
25886,432
25887,432
25888,432
25889,432
25890,432
25891,432
25892,432
25893,432
25894,432
25895,432
25896,432
25897,432
25898,432
25899,432
25900,432
25901,432
25902,432
25903,432
25904,432
25905,432
25906,432
25907,432
25908,432
25909,432
25910,432
25911,432
25912,432
25913,432
25914,432
25915,432
25916,432
25917,432
25918,432
25919,432
25920,432
25921,432
25922,432
25923,432
25924,432
25925,432
25926,432
25927,432
25928,432
25929,432
25930,432
25931,432
25932,432
25933,432
25934,432
25935,432
25936,432
25937,432
25938,432
25939,432
25940,432
25941,432
25942,432
25943,432
25944,432
25945,432
25946,432
25947,432
25948,432
25949,432
25950,432
25951,432
25952,432
25953,432
25954,432
25955,432
25956,432
25957,432
25958,432
25959,432
25960,432
25961,432
25962,432
25963,432
25964,432
25965,432
25966,432
25967,432
25968,432
25969,432
25970,432
25971,432
25972,432
25973,432
25974,432
25975,432
25976,432
25977,432
25978,432
25979,432
25980,432
25981,432
25982,432
25983,432
25984,432
25985,432
25986,432
25987,432
25988,432
25989,432
25990,432
25991,432
25992,432
25993,432
25994,432
25995,432
25996,432
25997,432
25998,432
25999,432
26000,432
26001,432
26002,432
26003,432
26004,432
26005,432
26006,432
26007,432
26008,432
26009,432
26010,432
26011,432
26012,432
26013,432
26014,432
26015,432
26016,432
26017,432
26018,432
26019,432
26020,432
26021,432
26022,432
26023,432
26024,432
26025,432
26026,432
26027,432
26028,432
26029,432
26030,432
26031,432
26032,432
26033,432
26034,432
26035,432
26036,432
26037,432
26038,432
26039,432
26040,432
26041,432
26042,432
26043,432
26044,432
26045,432
26046,432
26047,432
26048,432
26049,432
26050,432
26051,432
26052,432
26053,432
26054,432
26055,432
26056,432
26057,432
26058,432
26059,432
26060,432
26061,432
26062,432
26063,432
26064,432
26065,432
26066,432
26067,432
26068,432
26069,432
26070,432
26071,432
26072,432
26073,432
26074,432
26075,432
26076,432
26077,432
26078,432
26079,432
26080,432
26081,432
26082,432
26083,432
26084,432
26085,432
26086,432
26087,432
26088,432
26089,432
26090,432
26091,432
26092,432
26093,432
26094,432
26095,432
26096,432
26097,432
26098,432
26099,432
26100,432
26101,432
26102,432
26103,432
26104,432
26105,432
26106,432
26107,432
26108,432
26109,432
26110,432
26111,432
26112,432
26113,432
26114,432
26115,432
26116,432
26117,432
26118,432
26119,432
26120,432
26121,432
26122,432
26123,432
26124,432
26125,432
26126,432
26127,432
26128,432
26129,432
26130,432
26131,432
26132,432
26133,432
26134,432
26135,432
26136,432
26137,432
26138,432
26139,432
26140,432
26141,432
26142,432
26143,432
26144,432
26145,432
26146,432
26147,432
26148,432
26149,432
26150,432
26151,432
26152,432
26153,432
26154,432
26155,432
26156,432
26157,432
26158,432
26159,432
26160,432
26161,432
26162,432
26163,432
26164,432
26165,432
26166,432
26167,432
26168,432
26169,432
26170,432
26171,432
26172,432
26173,432
26174,432
26175,432
26176,432
26177,432
26178,432
26179,432
26180,432
26181,432
26182,432
26183,432
26184,432
26185,432
26186,432
26187,432
26188,432
26189,432
26190,432
26191,432
26192,432
26193,432
26194,432
26195,432
26196,432
26197,432
26198,432
26199,432
26200,432
26201,432
26202,432
26203,432
26204,432
26205,432
26206,432
26207,432
26208,432
26209,432
26210,432
26211,432
26212,432
26213,432
26214,432
26215,432
26216,432
26217,432
26218,432
26219,432
26220,432
26221,432
26222,432
26223,432
26224,432
26225,432
26226,432
26227,432
26228,432
26229,432
26230,432
26231,432
26232,432
26233,432
26234,432
26235,432
26236,432
26237,432
26238,432
26239,432
26240,432
26241,432
26242,432
26243,432
26244,432
26245,432
26246,432
26247,432
26248,432
26249,432
26250,432
26251,432
26252,432
26253,432
26254,432
26255,432
26256,432
26257,432
26258,432
26259,432
26260,432
26261,432
26262,432
26263,432
26264,432
26265,432
26266,432
26267,432
26268,432
26269,432
26270,432
26271,432
26272,432
26273,432
26274,432
26275,432
26276,432
26277,432
26278,432
26279,432
26280,432
26281,432
26282,432
26283,432
26284,432
26285,432
26286,432
26287,432
26288,432
26289,432
26290,432
26291,432
26292,432
26293,432
26294,432
26295,432
26296,432
26297,432
26298,432
26299,432
26300,432
26301,432
26302,432
26303,432
26304,432
26305,432
26306,432
26307,432
26308,432
26309,432
26310,432
26311,432
26312,432
26313,432
26314,432
26315,432
26316,432
26317,432
26318,432
26319,432
26320,432
26321,432
26322,432
26323,432
26324,432
26325,432
26326,432
26327,432
26328,432
26329,432
26330,432
26331,432
26332,432
26333,432
26334,432
26335,432
26336,432
26337,432
26338,432
26339,432
26340,432
26341,432
26342,432
26343,432
26344,432
26345,432
26346,432
26347,432
26348,432
26349,432
26350,432
26351,432
26352,432
26353,432
26354,432
26355,432
26356,432
26357,432
26358,432
26359,432
26360,432
26361,432
26362,432
26363,432
26364,432
26365,432
26366,432
26367,432
26368,432
26369,432
26370,432
26371,432
26372,432
26373,432
26374,432
26375,432
26376,432
26377,432
26378,432
26379,432
26380,432
26381,432
26382,432
26383,432
26384,432
26385,432
26386,432
26387,432
26388,432
26389,432
26390,432
26391,432
26392,432
26393,432
26394,432
26395,432
26396,432
26397,432
26398,432
26399,432
26400,432
26401,432
26402,432
26403,432
26404,432
26405,432
26406,432
26407,432
26408,432
26409,432
26410,432
26411,432
26412,432
26413,432
26414,432
26415,432
26416,432
26417,432
26418,432
26419,432
26420,432
26421,432
26422,432
26423,432
26424,432
26425,432
26426,432
26427,432
26428,432
26429,432
26430,432
26431,432
26432,432
26433,432
26434,432
26435,432
26436,432
26437,432
26438,432
26439,432
26440,432
26441,432
26442,432
26443,432
26444,432
26445,432
26446,432
26447,432
26448,432
26449,432
26450,432
26451,432
26452,432
26453,432
26454,432
26455,432
26456,432
26457,432
26458,432
26459,432
26460,432
26461,432
26462,432
26463,432
26464,432
26465,432
26466,432
26467,432
26468,432
26469,432
26470,432
26471,432
26472,432
26473,432
26474,432
26475,432
26476,432
26477,432
26478,432
26479,432
26480,432
26481,432
26482,432
26483,432
26484,432
26485,432
26486,432
26487,432
26488,432
26489,432
26490,432
26491,432
26492,432
26493,432
26494,432
26495,432
26496,432
26497,432
26498,432
26499,432
26500,432
26501,432
26502,432
26503,432
26504,432
26505,432
26506,432
26507,432
26508,432
26509,432
26510,432
26511,432
26512,432
26513,432
26514,432
26515,432
26516,432
26517,432
26518,432
26519,432
26520,432
26521,432
26522,432
26523,432
26524,432
26525,432
26526,432
26527,432
26528,432
26529,432
26530,432
26531,432
26532,432
26533,432
26534,432
26535,432
26536,432
26537,432
26538,432
26539,432
26540,432
26541,432
26542,432
26543,432
26544,432
26545,432
26546,432
26547,432
26548,432
26549,432
26550,432
26551,432
26552,432
26553,432
26554,432
26555,432
26556,432
26557,432
26558,432
26559,432
26560,432
26561,432
26562,432
26563,432
26564,432
26565,432
26566,432
26567,432
26568,432
26569,432
26570,432
26571,432
26572,432
26573,432
26574,432
26575,432
26576,432
26577,432
26578,432
26579,432
26580,432
26581,432
26582,432
26583,432
26584,432
26585,432
26586,432
26587,432
26588,432
26589,432
26590,432
26591,432
26592,432
26593,432
26594,432
26595,432
26596,432
26597,432
26598,432
26599,432
26600,432
26601,432
26602,432
26603,432
26604,432
26605,432
26606,432
26607,432
26608,432
26609,432
26610,432
26611,432
26612,432
26613,432
26614,432
26615,432
26616,432
26617,432
26618,432
26619,432
26620,432
26621,432
26622,432
26623,432
26624,432
26625,432
26626,432
26627,432
26628,432
26629,432
26630,432
26631,432
26632,432
26633,432
26634,432
26635,432
26636,432
26637,432
26638,432
26639,432
26640,432
26641,432
26642,432
26643,432
26644,432
26645,432
26646,432
26647,432
26648,432
26649,432
26650,432
26651,432
26652,432
26653,432
26654,432
26655,432
26656,432
26657,432
26658,432
26659,432
26660,432
26661,432
26662,432
26663,432
26664,432
26665,432
26666,432
26667,432
26668,432
26669,432
26670,432
26671,432
26672,432
26673,432
26674,432
26675,432
26676,432
26677,432
26678,432
26679,432
26680,432
26681,432
26682,432
26683,432
26684,432
26685,432
26686,432
26687,432
26688,432
26689,432
26690,432
26691,432
26692,432
26693,432
26694,432
26695,432
26696,432
26697,432
26698,432
26699,432
26700,432
26701,432
26702,432
26703,432
26704,432
26705,432
26706,432
26707,432
26708,432
26709,432
26710,432
26711,432
26712,432
26713,432
26714,432
26715,432
26716,432
26717,432
26718,432
26719,432
26720,432
26721,432
26722,432
26723,432
26724,432
26725,432
26726,432
26727,432
26728,432
26729,432
26730,432
26731,432
26732,432
26733,432
26734,432
26735,432
26736,432
26737,432
26738,432
26739,432
26740,432
26741,432
26742,432
26743,432
26744,432
26745,432
26746,432
26747,432
26748,432
26749,432
26750,432
26751,432
26752,432
26753,432
26754,432
26755,432
26756,432
26757,432
26758,432
26759,432
26760,432
26761,432
26762,432
26763,432
26764,432
26765,432
26766,432
26767,432
26768,432
26769,432
26770,432
26771,432
26772,432
26773,432
26774,432
26775,432
26776,432
26777,432
26778,432
26779,432
26780,432
26781,432
26782,432
26783,432
26784,432
26785,432
26786,432
26787,432
26788,432
26789,432
26790,432
26791,432
26792,432
26793,432
26794,432
26795,432
26796,432
26797,432
26798,432
26799,432
26800,432
26801,432
26802,432
26803,432
26804,432
26805,432
26806,432
26807,432
26808,432
26809,432
26810,432
26811,432
26812,432
26813,432
26814,432
26815,432
26816,432
26817,432
26818,432
26819,432
26820,432
26821,432
26822,432
26823,432
26824,432
26825,432
26826,432
26827,432
26828,432
26829,432
26830,432
26831,432
26832,432
26833,432
26834,432
26835,432
26836,432
26837,432
26838,432
26839,432
26840,432
26841,432
26842,432
26843,432
26844,432
26845,432
26846,432
26847,432
26848,432
26849,432
26850,432
26851,432
26852,432
26853,432
26854,432
26855,432
26856,432
26857,432
26858,432
26859,432
26860,432
26861,432
26862,432
26863,432
26864,432
26865,432
26866,432
26867,432
26868,432
26869,432
26870,432
26871,432
26872,432
26873,432
26874,432
26875,432
26876,432
26877,432
26878,432
26879,432
26880,432
26881,432
26882,432
26883,432
26884,432
26885,432
26886,432
26887,432
26888,432
26889,432
26890,432
26891,432
26892,432
26893,432
26894,432
26895,432
26896,432
26897,432
26898,432
26899,432
26900,432
26901,432
26902,432
26903,432
26904,432
26905,432
26906,432
26907,432
26908,432
26909,432
26910,432
26911,432
26912,432
26913,432
26914,432
26915,432
26916,432
26917,432
26918,432
26919,432
26920,432
26921,432
26922,432
26923,432
26924,432
26925,432
26926,432
26927,432
26928,432
26929,432
26930,432
26931,432
26932,432
26933,432
26934,432
26935,432
26936,432
26937,432
26938,432
26939,432
26940,432
26941,432
26942,432
26943,432
26944,432
26945,432
26946,432
26947,432
26948,432
26949,432
26950,432
26951,432
26952,432
26953,432
26954,432
26955,432
26956,432
26957,432
26958,432
26959,432
26960,432
26961,432
26962,432
26963,432
26964,432
26965,432
26966,432
26967,432
26968,432
26969,432
26970,432
26971,432
26972,432
26973,432
26974,432
26975,432
26976,432
26977,432
26978,432
26979,432
26980,432
26981,432
26982,432
26983,432
26984,432
26985,432
26986,432
26987,432
26988,432
26989,432
26990,432
26991,432
26992,432
26993,432
26994,432
26995,432
26996,432
26997,432
26998,432
26999,432
27000,432
27001,432
27002,432
27003,432
27004,432
27005,432
27006,432
27007,432
27008,432
27009,432
27010,432
27011,432
27012,432
27013,432
27014,432
27015,432
27016,432
27017,432
27018,432
27019,432
27020,432
27021,432
27022,432
27023,432
27024,432
27025,432
27026,432
27027,432
27028,432
27029,432
27030,432
27031,432
27032,432
27033,432
27034,432
27035,432
27036,432
27037,432
27038,432
27039,432
27040,432
27041,432
27042,432
27043,432
27044,432
27045,432
27046,432
27047,432
27048,432
27049,432
27050,432
27051,432
27052,432
27053,432
27054,432
27055,432
27056,432
27057,432
27058,432
27059,432
27060,432
27061,432
27062,432
27063,432
27064,432
27065,432
27066,432
27067,432
27068,432
27069,432
27070,432
27071,432
27072,432
27073,432
27074,432
27075,432
27076,432
27077,432
27078,432
27079,432
27080,432
27081,432
27082,432
27083,432
27084,432
27085,432
27086,432
27087,432
27088,432
27089,432
27090,432
27091,432
27092,432
27093,432
27094,432
27095,432
27096,432
27097,432
27098,432
27099,432
27100,432
27101,432
27102,432
27103,432
27104,432
27105,432
27106,432
27107,432
27108,432
27109,432
27110,432
27111,432
27112,432
27113,432
27114,432
27115,432
27116,432
27117,432
27118,432
27119,432
27120,432
27121,432
27122,432
27123,432
27124,432
27125,432
27126,432
27127,432
27128,432
27129,432
27130,432
27131,432
27132,432
27133,432
27134,432
27135,432
27136,432
27137,432
27138,432
27139,432
27140,432
27141,432
27142,432
27143,432
27144,432
27145,432
27146,432
27147,432
27148,432
27149,432
27150,432
27151,432
27152,432
27153,432
27154,432
27155,432
27156,432
27157,432
27158,432
27159,432
27160,432
27161,432
27162,432
27163,432
27164,432
27165,432
27166,432
27167,432
27168,432
27169,432
27170,432
27171,432
27172,432
27173,432
27174,432
27175,432
27176,432
27177,432
27178,432
27179,432
27180,432
27181,432
27182,432
27183,432
27184,432
27185,432
27186,432
27187,432
27188,432
27189,432
27190,432
27191,432
27192,432
27193,432
27194,432
27195,432
27196,432
27197,432
27198,432
27199,432
27200,432
27201,432
27202,432
27203,432
27204,432
27205,432
27206,432
27207,432
27208,432
27209,432
27210,432
27211,432
27212,432
27213,432
27214,432
27215,432
27216,432
27217,432
27218,432
27219,432
27220,432
27221,432
27222,432
27223,432
27224,432
27225,432
27226,432
27227,432
27228,432
27229,432
27230,432
27231,432
27232,432
27233,432
27234,432
27235,432
27236,432
27237,432
27238,432
27239,432
27240,432
27241,432
27242,432
27243,432
27244,432
27245,432
27246,432
27247,432
27248,432
27249,432
27250,432
27251,432
27252,432
27253,432
27254,432
27255,432
27256,432
27257,432
27258,432
27259,432
27260,432
27261,432
27262,432
27263,432
27264,432
27265,432
27266,432
27267,432
27268,432
27269,432
27270,432
27271,432
27272,432
27273,432
27274,432
27275,432
27276,432
27277,432
27278,432
27279,432
27280,432
27281,432
27282,432
27283,432
27284,432
27285,432
27286,432
27287,432
27288,432
27289,432
27290,432
27291,432
27292,432
27293,432
27294,432
27295,432
27296,432
27297,432
27298,432
27299,432
27300,432
27301,432
27302,432
27303,432
27304,432
27305,432
27306,432
27307,432
27308,432
27309,432
27310,432
27311,432
27312,432
27313,432
27314,432
27315,432
27316,432
27317,432
27318,432
27319,432
27320,432
27321,432
27322,432
27323,432
27324,432
27325,432
27326,432
27327,432
27328,432
27329,432
27330,432
27331,432
27332,432
27333,432
27334,432
27335,432
27336,432
27337,432
27338,432
27339,432
27340,432
27341,432
27342,432
27343,432
27344,432
27345,432
27346,432
27347,432
27348,432
27349,432
27350,432
27351,432
27352,432
27353,432
27354,432
27355,432
27356,432
27357,432
27358,432
27359,432
27360,432
27361,432
27362,432
27363,432
27364,432
27365,432
27366,432
27367,432
27368,432
27369,432
27370,432
27371,432
27372,432
27373,432
27374,432
27375,432
27376,432
27377,432
27378,432
27379,432
27380,432
27381,432
27382,432
27383,432
27384,432
27385,432
27386,432
27387,432
27388,432
27389,432
27390,432
27391,432
27392,432
27393,432
27394,432
27395,432
27396,432
27397,432
27398,432
27399,432
27400,432
27401,432
27402,432
27403,432
27404,432
27405,432
27406,432
27407,432
27408,432
27409,432
27410,432
27411,432
27412,432
27413,432
27414,432
27415,432
27416,432
27417,432
27418,432
27419,432
27420,432
27421,432
27422,432
27423,432
27424,432
27425,432
27426,432
27427,432
27428,432
27429,432
27430,432
27431,432
27432,432
27433,432
27434,432
27435,432
27436,432
27437,432
27438,432
27439,432
27440,432
27441,432
27442,432
27443,432
27444,432
27445,432
27446,432
27447,432
27448,432
27449,432
27450,432
27451,432
27452,432
27453,432
27454,432
27455,432
27456,432
27457,432
27458,432
27459,432
27460,432
27461,432
27462,432
27463,432
27464,432
27465,432
27466,432
27467,432
27468,432
27469,432
27470,432
27471,432
27472,432
27473,432
27474,432
27475,432
27476,432
27477,432
27478,432
27479,432
27480,432
27481,432
27482,432
27483,432
27484,432
27485,432
27486,432
27487,432
27488,432
27489,432
27490,432
27491,432
27492,432
27493,432
27494,432
27495,432
27496,432
27497,432
27498,432
27499,432
27500,432
27501,432
27502,432
27503,432
27504,432
27505,432
27506,432
27507,432
27508,432
27509,432
27510,432
27511,432
27512,432
27513,432
27514,432
27515,432
27516,432
27517,432
27518,432
27519,432
27520,432
27521,432
27522,432
27523,432
27524,432
27525,432
27526,432
27527,432
27528,432
27529,432
27530,432
27531,432
27532,432
27533,432
27534,432
27535,432
27536,432
27537,432
27538,432
27539,432
27540,432
27541,432
27542,432
27543,432
27544,432
27545,432
27546,432
27547,432
27548,432
27549,432
27550,432
27551,432
27552,432
27553,432
27554,432
27555,432
27556,432
27557,432
27558,432
27559,432
27560,432
27561,432
27562,432
27563,432
27564,432
27565,432
27566,432
27567,432
27568,432
27569,432
27570,432
27571,432
27572,432
27573,432
27574,432
27575,432
27576,432
27577,432
27578,432
27579,432
27580,432
27581,432
27582,432
27583,432
27584,432
27585,432
27586,432
27587,432
27588,432
27589,432
27590,432
27591,432
27592,432
27593,432
27594,432
27595,432
27596,432
27597,432
27598,432
27599,432
27600,432
27601,432
27602,432
27603,432
27604,432
27605,432
27606,432
27607,432
27608,432
27609,432
27610,432
27611,432
27612,432
27613,432
27614,432
27615,432
27616,432
27617,432
27618,432
27619,432
27620,432
27621,432
27622,432
27623,432
27624,432
27625,432
27626,432
27627,432
27628,432
27629,432
27630,432
27631,432
27632,432
27633,432
27634,432
27635,432
27636,432
27637,432
27638,432
27639,432
27640,432
27641,432
27642,432
27643,432
27644,432
27645,432
27646,432
27647,432
27648,432
27649,432
27650,432
27651,432
27652,432
27653,432
27654,432
27655,432
27656,432
27657,432
27658,432
27659,432
27660,432
27661,432
27662,432
27663,432
27664,432
27665,432
27666,432
27667,432
27668,432
27669,432
27670,432
27671,432
27672,432
27673,432
27674,432
27675,432
27676,432
27677,432
27678,432
27679,432
27680,432
27681,432
27682,432
27683,432
27684,432
27685,432
27686,432
27687,432
27688,432
27689,432
27690,432
27691,432
27692,432
27693,432
27694,432
27695,432
27696,432
27697,432
27698,432
27699,432
27700,432
27701,432
27702,432
27703,432
27704,432
27705,432
27706,432
27707,432
27708,432
27709,432
27710,432
27711,432
27712,432
27713,432
27714,432
27715,432
27716,432
27717,432
27718,432
27719,432
27720,432
27721,432
27722,432
27723,432
27724,432
27725,432
27726,432
27727,432
27728,432
27729,432
27730,432
27731,432
27732,432
27733,432
27734,432
27735,432
27736,432
27737,432
27738,432
27739,432
27740,432
27741,432
27742,432
27743,432
27744,432
27745,432
27746,432
27747,432
27748,432
27749,432
27750,432
27751,432
27752,432
27753,432
27754,432
27755,432
27756,432
27757,432
27758,432
27759,432
27760,432
27761,432
27762,432
27763,432
27764,432
27765,432
27766,432
27767,432
27768,432
27769,432
27770,432
27771,432
27772,432
27773,432
27774,432
27775,432
27776,432
27777,432
27778,432
27779,432
27780,432
27781,432
27782,432
27783,432
27784,432
27785,432
27786,432
27787,432
27788,432
27789,432
27790,432
27791,432
27792,432
27793,432
27794,432
27795,432
27796,432
27797,432
27798,432
27799,432
27800,432
27801,432
27802,432
27803,432
27804,432
27805,432
27806,432
27807,432
27808,432
27809,432
27810,432
27811,432
27812,432
27813,432
27814,432
27815,432
27816,432
27817,432
27818,432
27819,432
27820,432
27821,432
27822,432
27823,432
27824,432
27825,432
27826,432
27827,432
27828,432
27829,432
27830,432
27831,432
27832,432
27833,432
27834,432
27835,432
27836,432
27837,432
27838,432
27839,432
27840,432
27841,432
27842,432
27843,432
27844,432
27845,432
27846,432
27847,432
27848,432
27849,432
27850,432
27851,432
27852,432
27853,432
27854,432
27855,432
27856,432
27857,432
27858,432
27859,432
27860,432
27861,432
27862,432
27863,432
27864,432
27865,432
27866,432
27867,432
27868,432
27869,432
27870,432
27871,432
27872,432
27873,432
27874,432
27875,432
27876,432
27877,432
27878,432
27879,432
27880,432
27881,432
27882,432
27883,432
27884,432
27885,432
27886,432
27887,432
27888,432
27889,432
27890,432
27891,432
27892,432
27893,432
27894,432
27895,432
27896,432
27897,432
27898,432
27899,432
27900,432
27901,432
27902,432
27903,432
27904,432
27905,432
27906,432
27907,432
27908,432
27909,432
27910,432
27911,432
27912,432
27913,432
27914,432
27915,432
27916,432
27917,432
27918,432
27919,432
27920,432
27921,432
27922,432
27923,432
27924,432
27925,432
27926,432
27927,432
27928,432
27929,432
27930,432
27931,432
27932,432
27933,432
27934,432
27935,432
27936,432
27937,432
27938,432
27939,432
27940,432
27941,432
27942,432
27943,432
27944,432
27945,432
27946,432
27947,432
27948,432
27949,432
27950,432
27951,432
27952,432
27953,432
27954,432
27955,432
27956,432
27957,432
27958,432
27959,432
27960,432
27961,432
27962,432
27963,432
27964,432
27965,432
27966,432
27967,432
27968,432
27969,432
27970,432
27971,432
27972,432
27973,432
27974,432
27975,432
27976,432
27977,432
27978,432
27979,432
27980,432
27981,432
27982,432
27983,432
27984,432
27985,432
27986,432
27987,432
27988,432
27989,432
27990,432
27991,432
27992,432
27993,432
27994,432
27995,432
27996,432
27997,432
27998,432
27999,432
28000,432
28001,432
28002,432
28003,432
28004,432
28005,432
28006,432
28007,432
28008,432
28009,432
28010,432
28011,432
28012,432
28013,432
28014,432
28015,432
28016,432
28017,432
28018,432
28019,432
28020,432
28021,432
28022,432
28023,432
28024,432
28025,432
28026,432
28027,432
28028,432
28029,432
28030,432
28031,432
28032,432
28033,432
28034,432
28035,432
28036,432
28037,432
28038,432
28039,432
28040,432
28041,432
28042,432
28043,432
28044,432
28045,432
28046,432
28047,432
28048,432
28049,432
28050,432
28051,432
28052,432
28053,432
28054,432
28055,432
28056,432
28057,432
28058,432
28059,432
28060,432
28061,432
28062,432
28063,432
28064,432
28065,432
28066,432
28067,432
28068,432
28069,432
28070,432
28071,432
28072,432
28073,432
28074,432
28075,432
28076,432
28077,432
28078,432
28079,432
28080,432
28081,432
28082,432
28083,432
28084,432
28085,432
28086,432
28087,432
28088,432
28089,432
28090,432
28091,432
28092,432
28093,432
28094,432
28095,432
28096,432
28097,432
28098,432
28099,432
28100,432
28101,432
28102,432
28103,432
28104,432
28105,432
28106,432
28107,432
28108,432
28109,432
28110,432
28111,432
28112,432
28113,432
28114,432
28115,432
28116,432
28117,432
28118,432
28119,432
28120,432
28121,432
28122,432
28123,432
28124,432
28125,432
28126,432
28127,432
28128,432
28129,432
28130,432
28131,432
28132,432
28133,432
28134,432
28135,432
28136,432
28137,432
28138,432
28139,432
28140,432
28141,432
28142,432
28143,432
28144,432
28145,432
28146,432
28147,432
28148,432
28149,432
28150,432
28151,432
28152,432
28153,432
28154,432
28155,432
28156,432
28157,432
28158,432
28159,432
28160,432
28161,432
28162,432
28163,432
28164,432
28165,432
28166,432
28167,432
28168,432
28169,432
28170,432
28171,432
28172,432
28173,432
28174,432
28175,432
28176,432
28177,432
28178,432
28179,432
28180,432
28181,432
28182,432
28183,432
28184,432
28185,432
28186,432
28187,432
28188,432
28189,432
28190,432
28191,432
28192,432
28193,432
28194,432
28195,432
28196,432
28197,432
28198,432
28199,432
28200,432
28201,432
28202,432
28203,432
28204,432
28205,432
28206,432
28207,432
28208,432
28209,432
28210,432
28211,432
28212,432
28213,432
28214,432
28215,432
28216,432
28217,432
28218,432
28219,432
28220,432
28221,432
28222,432
28223,432
28224,432
28225,432
28226,432
28227,432
28228,432
28229,432
28230,432
28231,432
28232,432
28233,432
28234,432
28235,432
28236,432
28237,432
28238,432
28239,432
28240,432
28241,432
28242,432
28243,432
28244,432
28245,432
28246,432
28247,432
28248,432
28249,432
28250,432
28251,432
28252,432
28253,432
28254,432
28255,432
28256,432
28257,432
28258,432
28259,432
28260,432
28261,432
28262,432
28263,432
28264,432
28265,432
28266,432
28267,432
28268,432
28269,432
28270,432
28271,432
28272,432
28273,432
28274,432
28275,432
28276,432
28277,432
28278,432
28279,432
28280,432
28281,432
28282,432
28283,432
28284,432
28285,432
28286,432
28287,432
28288,432
28289,432
28290,432
28291,432
28292,432
28293,432
28294,432
28295,432
28296,432
28297,432
28298,432
28299,432
28300,432
28301,432
28302,432
28303,432
28304,432
28305,432
28306,432
28307,432
28308,432
28309,432
28310,432
28311,432
28312,432
28313,432
28314,432
28315,432
28316,432
28317,432
28318,432
28319,432
28320,432
28321,432
28322,432
28323,432
28324,432
28325,432
28326,432
28327,432
28328,432
28329,432
28330,432
28331,432
28332,432
28333,432
28334,432
28335,432
28336,432
28337,432
28338,432
28339,432
28340,432
28341,432
28342,432
28343,432
28344,432
28345,432
28346,432
28347,432
28348,432
28349,432
28350,432
28351,432
28352,432
28353,432
28354,432
28355,432
28356,432
28357,432
28358,432
28359,432
28360,432
28361,432
28362,432
28363,432
28364,432
28365,432
28366,432
28367,432
28368,432
28369,432
28370,432
28371,432
28372,432
28373,432
28374,432
28375,432
28376,432
28377,432
28378,432
28379,432
28380,432
28381,432
28382,432
28383,432
28384,432
28385,432
28386,432
28387,432
28388,432
28389,432
28390,432
28391,432
28392,432
28393,432
28394,432
28395,432
28396,432
28397,432
28398,432
28399,432
28400,432
28401,432
28402,432
28403,432
28404,432
28405,432
28406,432
28407,432
28408,432
28409,432
28410,432
28411,432
28412,432
28413,432
28414,432
28415,432
28416,432
28417,432
28418,432
28419,432
28420,432
28421,432
28422,432
28423,432
28424,432
28425,432
28426,432
28427,432
28428,432
28429,432
28430,432
28431,432
28432,432
28433,432
28434,432
28435,432
28436,432
28437,432
28438,432
28439,432
28440,432
28441,432
28442,432
28443,432
28444,432
28445,432
28446,432
28447,432
28448,432
28449,432
28450,432
28451,432
28452,432
28453,432
28454,432
28455,432
28456,432
28457,432
28458,432
28459,432
28460,432
28461,432
28462,432
28463,432
28464,432
28465,432
28466,432
28467,432
28468,432
28469,432
28470,432
28471,432
28472,432
28473,432
28474,432
28475,432
28476,432
28477,432
28478,432
28479,432
28480,432
28481,432
28482,432
28483,432
28484,432
28485,432
28486,432
28487,432
28488,432
28489,432
28490,432
28491,432
28492,432
28493,432
28494,432
28495,432
28496,432
28497,432
28498,432
28499,432
28500,432
28501,432
28502,432
28503,432
28504,432
28505,432
28506,432
28507,432
28508,432
28509,432
28510,432
28511,432
28512,432
28513,432
28514,432
28515,432
28516,432
28517,432
28518,432
28519,432
28520,432
28521,432
28522,432
28523,432
28524,432
28525,432
28526,432
28527,432
28528,432
28529,432
28530,432
28531,432
28532,432
28533,432
28534,432
28535,432
28536,432
28537,432
28538,432
28539,432
28540,432
28541,432
28542,432
28543,432
28544,432
28545,432
28546,432
28547,432
28548,432
28549,432
28550,432
28551,432
28552,432
28553,432
28554,432
28555,432
28556,432
28557,432
28558,432
28559,432
28560,432
28561,432
28562,432
28563,432
28564,432
28565,432
28566,432
28567,432
28568,432
28569,432
28570,432
28571,432
28572,432
28573,432
28574,432
28575,432
28576,432
28577,432
28578,432
28579,432
28580,432
28581,432
28582,432
28583,432
28584,432
28585,432
28586,432
28587,432
28588,432
28589,432
28590,432
28591,432
28592,432
28593,432
28594,432
28595,432
28596,432
28597,432
28598,432
28599,432
28600,432
28601,432
28602,432
28603,432
28604,432
28605,432
28606,432
28607,432
28608,432
28609,432
28610,432
28611,432
28612,432
28613,432
28614,432
28615,432
28616,432
28617,432
28618,432
28619,432
28620,432
28621,432
28622,432
28623,432
28624,432
28625,432
28626,432
28627,432
28628,432
28629,432
28630,432
28631,432
28632,432
28633,432
28634,432
28635,432
28636,432
28637,432
28638,432
28639,432
28640,432
28641,432
28642,432
28643,432
28644,432
28645,432
28646,432
28647,432
28648,432
28649,432
28650,432
28651,432
28652,432
28653,432
28654,432
28655,432
28656,432
28657,432
28658,432
28659,432
28660,432
28661,432
28662,432
28663,432
28664,432
28665,432
28666,432
28667,432
28668,432
28669,432
28670,432
28671,432
28672,432
28673,432
28674,432
28675,432
28676,432
28677,432
28678,432
28679,432
28680,432
28681,432
28682,432
28683,432
28684,432
28685,432
28686,432
28687,432
28688,432
28689,432
28690,432
28691,432
28692,432
28693,432
28694,432
28695,432
28696,432
28697,432
28698,432
28699,432
28700,432
28701,432
28702,432
28703,432
28704,432
28705,432
28706,432
28707,432
28708,432
28709,432
28710,432
28711,432
28712,432
28713,432
28714,432
28715,432
28716,432
28717,432
28718,432
28719,432
28720,432
28721,432
28722,432
28723,432
28724,432
28725,432
28726,432
28727,432
28728,432
28729,432
28730,432
28731,432
28732,432
28733,432
28734,432
28735,432
28736,432
28737,432
28738,432
28739,432
28740,432
28741,432
28742,432
28743,432
28744,432
28745,432
28746,432
28747,432
28748,432
28749,432
28750,432
28751,432
28752,432
28753,432
28754,432
28755,432
28756,432
28757,432
28758,432
28759,432
28760,432
28761,432
28762,432
28763,432
28764,432
28765,432
28766,432
28767,432
28768,432
28769,432
28770,432
28771,432
28772,432
28773,432
28774,432
28775,432
28776,432
28777,432
28778,432
28779,432
28780,432
28781,432
28782,432
28783,432
28784,432
28785,432
28786,432
28787,432
28788,432
28789,432
28790,432
28791,432
28792,432
28793,432
28794,432
28795,432
28796,432
28797,432
28798,432
28799,432
28800,432
28801,432
28802,432
28803,432
28804,432
28805,432
28806,432
28807,432
28808,432
28809,432
28810,432
28811,432
28812,432
28813,432
28814,432
28815,432
28816,432
28817,432
28818,432
28819,432
28820,432
28821,432
28822,432
28823,432
28824,432
28825,432
28826,432
28827,432
28828,432
28829,432
28830,432
28831,432
28832,432
28833,432
28834,432
28835,432
28836,432
28837,432
28838,432
28839,432
28840,432
28841,432
28842,432
28843,432
28844,432
28845,432
28846,432
28847,432
28848,432
28849,432
28850,432
28851,432
28852,432
28853,432
28854,432
28855,432
28856,432
28857,432
28858,432
28859,432
28860,432
28861,432
28862,432
28863,432
28864,432
28865,432
28866,432
28867,432
28868,432
28869,432
28870,432
28871,432
28872,432
28873,432
28874,432
28875,432
28876,432
28877,432
28878,432
28879,432
28880,432
28881,432
28882,432
28883,432
28884,432
28885,432
28886,432
28887,432
28888,432
28889,432
28890,432
28891,432
28892,432
28893,432
28894,432
28895,432
28896,432
28897,432
28898,432
28899,432
28900,432
28901,432
28902,432
28903,432
28904,432
28905,432
28906,432
28907,432
28908,432
28909,432
28910,432
28911,432
28912,432
28913,432
28914,432
28915,432
28916,432
28917,432
28918,432
28919,432
28920,432
28921,432
28922,432
28923,432
28924,432
28925,432
28926,432
28927,432
28928,432
28929,432
28930,432
28931,432
28932,432
28933,432
28934,432
28935,432
28936,432
28937,432
28938,432
28939,432
28940,432
28941,432
28942,432
28943,432
28944,432
28945,432
28946,432
28947,432
28948,432
28949,432
28950,432
28951,432
28952,432
28953,432
28954,432
28955,432
28956,432
28957,432
28958,432
28959,432
28960,432
28961,432
28962,432
28963,432
28964,432
28965,432
28966,432
28967,432
28968,432
28969,432
28970,432
28971,432
28972,432
28973,432
28974,432
28975,432
28976,432
28977,432
28978,432
28979,432
28980,432
28981,432
28982,432
28983,432
28984,432
28985,432
28986,432
28987,432
28988,432
28989,432
28990,432
28991,432
28992,432
28993,432
28994,432
28995,432
28996,432
28997,432
28998,432
28999,432
29000,432
29001,432
29002,432
29003,432
29004,432
29005,432
29006,432
29007,432
29008,432
29009,432
29010,432
29011,432
29012,432
29013,432
29014,432
29015,432
29016,432
29017,432
29018,432
29019,432
29020,432
29021,432
29022,432
29023,432
29024,432
29025,432
29026,432
29027,432
29028,432
29029,432
29030,432
29031,432
29032,432
29033,432
29034,432
29035,432
29036,432
29037,432
29038,432
29039,432
29040,432
29041,432
29042,432
29043,432
29044,432
29045,432
29046,432
29047,432
29048,432
29049,432
29050,432
29051,432
29052,432
29053,432
29054,432
29055,432
29056,432
29057,432
29058,432
29059,432
29060,432
29061,432
29062,432
29063,432
29064,432
29065,432
29066,432
29067,432
29068,432
29069,432
29070,432
29071,432
29072,432
29073,432
29074,432
29075,432
29076,432
29077,432
29078,432
29079,432
29080,432
29081,432
29082,432
29083,432
29084,432
29085,432
29086,432
29087,432
29088,432
29089,432
29090,432
29091,432
29092,432
29093,432
29094,432
29095,432
29096,432
29097,432
29098,432
29099,432
29100,432
29101,432
29102,432
29103,432
29104,432
29105,432
29106,432
29107,432
29108,432
29109,432
29110,432
29111,432
29112,432
29113,432
29114,432
29115,432
29116,432
29117,432
29118,432
29119,432
29120,432
29121,432
29122,432
29123,432
29124,432
29125,432
29126,432
29127,432
29128,432
29129,432
29130,432
29131,432
29132,432
29133,432
29134,432
29135,432
29136,432
29137,432
29138,432
29139,432
29140,432
29141,432
29142,432
29143,432
29144,432
29145,432
29146,432
29147,432
29148,432
29149,432
29150,432
29151,432
29152,432
29153,432
29154,432
29155,432
29156,432
29157,432
29158,432
29159,432
29160,432
29161,432
29162,432
29163,432
29164,432
29165,432
29166,432
29167,432
29168,432
29169,432
29170,432
29171,432
29172,432
29173,432
29174,432
29175,432
29176,432
29177,432
29178,432
29179,432
29180,432
29181,432
29182,432
29183,432
29184,432
29185,432
29186,432
29187,432
29188,432
29189,432
29190,432
29191,432
29192,432
29193,432
29194,432
29195,432
29196,432
29197,432
29198,432
29199,432
29200,432
29201,432
29202,432
29203,432
29204,432
29205,432
29206,432
29207,432
29208,432
29209,432
29210,432
29211,432
29212,432
29213,432
29214,432
29215,432
29216,432
29217,432
29218,432
29219,432
29220,432
29221,432
29222,432
29223,432
29224,432
29225,432
29226,432
29227,432
29228,432
29229,432
29230,432
29231,432
29232,432
29233,432
29234,432
29235,432
29236,432
29237,432
29238,432
29239,432
29240,432
29241,432
29242,432
29243,432
29244,432
29245,432
29246,432
29247,432
29248,432
29249,432
29250,432
29251,432
29252,432
29253,432
29254,432
29255,432
29256,432
29257,432
29258,432
29259,432
29260,432
29261,432
29262,432
29263,432
29264,432
29265,432
29266,432
29267,432
29268,432
29269,432
29270,432
29271,432
29272,432
29273,432
29274,432
29275,432
29276,432
29277,432
29278,432
29279,432
29280,432
29281,432
29282,432
29283,432
29284,432
29285,432
29286,432
29287,432
29288,432
29289,432
29290,432
29291,432
29292,432
29293,432
29294,432
29295,432
29296,432
29297,432
29298,432
29299,432
29300,432
29301,432
29302,432
29303,432
29304,432
29305,432
29306,432
29307,432
29308,432
29309,432
29310,432
29311,432
29312,432
29313,432
29314,432
29315,432
29316,432
29317,432
29318,432
29319,432
29320,432
29321,432
29322,432
29323,432
29324,432
29325,432
29326,432
29327,432
29328,432
29329,432
29330,432
29331,432
29332,432
29333,432
29334,432
29335,432
29336,432
29337,432
29338,432
29339,432
29340,432
29341,432
29342,432
29343,432
29344,432
29345,432
29346,432
29347,432
29348,432
29349,432
29350,432
29351,432
29352,432
29353,432
29354,432
29355,432
29356,432
29357,432
29358,432
29359,432
29360,432
29361,432
29362,432
29363,432
29364,432
29365,432
29366,432
29367,432
29368,432
29369,432
29370,432
29371,432
29372,432
29373,432
29374,432
29375,432
29376,432
29377,432
29378,432
29379,432
29380,432
29381,432
29382,432
29383,432
29384,432
29385,432
29386,432
29387,432
29388,432
29389,432
29390,432
29391,432
29392,432
29393,432
29394,432
29395,432
29396,432
29397,432
29398,432
29399,432
29400,432
29401,432
29402,432
29403,432
29404,432
29405,432
29406,432
29407,432
29408,432
29409,432
29410,432
29411,432
29412,432
29413,432
29414,432
29415,432
29416,432
29417,432
29418,432
29419,432
29420,432
29421,432
29422,432
29423,432
29424,432
29425,432
29426,432
29427,432
29428,432
29429,432
29430,432
29431,432
29432,432
29433,432
29434,432
29435,432
29436,432
29437,432
29438,432
29439,432
29440,432
29441,432
29442,432
29443,432
29444,432
29445,432
29446,432
29447,432
29448,432
29449,432
29450,432
29451,432
29452,432
29453,432
29454,432
29455,432
29456,432
29457,432
29458,432
29459,432
29460,432
29461,432
29462,432
29463,432
29464,432
29465,432
29466,432
29467,432
29468,432
29469,432
29470,432
29471,432
29472,432
29473,432
29474,432
29475,432
29476,432
29477,432
29478,432
29479,432
29480,432
29481,432
29482,432
29483,432
29484,432
29485,432
29486,432
29487,432
29488,432
29489,432
29490,432
29491,432
29492,432
29493,432
29494,432
29495,432
29496,432
29497,432
29498,432
29499,432
29500,432
29501,432
29502,432
29503,432
29504,432
29505,432
29506,432
29507,432
29508,432
29509,432
29510,432
29511,432
29512,432
29513,432
29514,432
29515,432
29516,432
29517,432
29518,432
29519,432
29520,432
29521,432
29522,432
29523,432
29524,432
29525,432
29526,432
29527,432
29528,432
29529,432
29530,432
29531,432
29532,432
29533,432
29534,432
29535,432
29536,432
29537,432
29538,432
29539,432
29540,432
29541,432
29542,432
29543,432
29544,432
29545,432
29546,432
29547,432
29548,432
29549,432
29550,432
29551,432
29552,432
29553,432
29554,432
29555,432
29556,432
29557,432
29558,432
29559,432
29560,432
29561,432
29562,432
29563,432
29564,432
29565,432
29566,432
29567,432
29568,432
29569,432
29570,432
29571,432
29572,432
29573,432
29574,432
29575,432
29576,432
29577,432
29578,432
29579,432
29580,432
29581,432
29582,432
29583,432
29584,432
29585,432
29586,432
29587,432
29588,432
29589,432
29590,432
29591,432
29592,432
29593,432
29594,432
29595,432
29596,432
29597,432
29598,432
29599,432
29600,432
29601,432
29602,432
29603,432
29604,432
29605,432
29606,432
29607,432
29608,432
29609,432
29610,432
29611,432
29612,432
29613,432
29614,432
29615,432
29616,432
29617,432
29618,432
29619,432
29620,432
29621,432
29622,432
29623,432
29624,432
29625,432
29626,432
29627,432
29628,432
29629,432
29630,432
29631,432
29632,432
29633,432
29634,432
29635,432
29636,432
29637,432
29638,432
29639,432
29640,432
29641,432
29642,432
29643,432
29644,432
29645,432
29646,432
29647,432
29648,432
29649,432
29650,432
29651,432
29652,432
29653,432
29654,432
29655,432
29656,432
29657,432
29658,432
29659,432
29660,432
29661,432
29662,432
29663,432
29664,432
29665,432
29666,432
29667,432
29668,432
29669,432
29670,432
29671,432
29672,432
29673,432
29674,432
29675,432
29676,432
29677,432
29678,432
29679,432
29680,432
29681,432
29682,432
29683,432
29684,432
29685,432
29686,432
29687,432
29688,432
29689,432
29690,432
29691,432
29692,432
29693,432
29694,432
29695,432
29696,432
29697,432
29698,432
29699,432
29700,432
29701,432
29702,432
29703,432
29704,432
29705,432
29706,432
29707,432
29708,432
29709,432
29710,432
29711,432
29712,432
29713,432
29714,432
29715,432
29716,432
29717,432
29718,432
29719,432
29720,432
29721,432
29722,432
29723,432
29724,432
29725,432
29726,432
29727,432
29728,432
29729,432
29730,432
29731,432
29732,432
29733,432
29734,432
29735,432
29736,432
29737,432
29738,432
29739,432
29740,432
29741,432
29742,432
29743,432
29744,432
29745,432
29746,432
29747,432
29748,432
29749,432
29750,432
29751,432
29752,432
29753,432
29754,432
29755,432
29756,432
29757,432
29758,432
29759,432
29760,432
29761,432
29762,432
29763,432
29764,432
29765,432
29766,432
29767,432
29768,432
29769,432
29770,432
29771,432
29772,432
29773,432
29774,432
29775,432
29776,432
29777,432
29778,432
29779,432
29780,432
29781,432
29782,432
29783,432
29784,432
29785,432
29786,432
29787,432
29788,432
29789,432
29790,432
29791,432
29792,432
29793,432
29794,432
29795,432
29796,432
29797,432
29798,432
29799,432
29800,432
29801,432
29802,432
29803,432
29804,432
29805,432
29806,432
29807,432
29808,432
29809,432
29810,432
29811,432
29812,432
29813,432
29814,432
29815,432
29816,432
29817,432
29818,432
29819,432
29820,432
29821,432
29822,432
29823,432
29824,432
29825,432
29826,432
29827,432
29828,432
29829,432
29830,432
29831,432
29832,432
29833,432
29834,432
29835,432
29836,432
29837,432
29838,432
29839,432
29840,432
29841,432
29842,432
29843,432
29844,432
29845,432
29846,432
29847,432
29848,432
29849,432
29850,432
29851,432
29852,432
29853,432
29854,432
29855,432
29856,432
29857,432
29858,432
29859,432
29860,432
29861,432
29862,432
29863,432
29864,432
29865,432
29866,432
29867,432
29868,432
29869,432
29870,432
29871,432
29872,432
29873,432
29874,432
29875,432
29876,432
29877,432
29878,432
29879,432
29880,432
29881,432
29882,432
29883,432
29884,432
29885,432
29886,432
29887,432
29888,432
29889,432
29890,432
29891,432
29892,432
29893,432
29894,432
29895,432
29896,432
29897,432
29898,432
29899,432
29900,432
29901,432
29902,432
29903,432
29904,432
29905,432
29906,432
29907,432
29908,432
29909,432
29910,432
29911,432
29912,432
29913,432
29914,432
29915,432
29916,432
29917,432
29918,432
29919,432
29920,432
29921,432
29922,432
29923,432
29924,432
29925,432
29926,432
29927,432
29928,432
29929,432
29930,432
29931,432
29932,432
29933,432
29934,432
29935,432
29936,432
29937,432
29938,432
29939,432
29940,432
29941,432
29942,432
29943,432
29944,432
29945,432
29946,432
29947,432
29948,432
29949,432
29950,432
29951,432
29952,432
29953,432
29954,432
29955,432
29956,432
29957,432
29958,432
29959,432
29960,432
29961,432
29962,432
29963,432
29964,432
29965,432
29966,432
29967,432
29968,432
29969,432
29970,432
29971,432
29972,432
29973,432
29974,432
29975,432
29976,432
29977,432
29978,432
29979,432
29980,432
29981,432
29982,432
29983,432
29984,432
29985,432
29986,432
29987,432
29988,432
29989,432
29990,432
29991,432
29992,432
29993,432
29994,432
29995,432
29996,432
29997,432
29998,432
29999,432
30000,432
30001,432
30002,432
30003,432
30004,432
30005,432
30006,432
30007,432
30008,432
30009,432
30010,432
30011,432
30012,432
30013,432
30014,432
30015,432
30016,432
30017,432
30018,432
30019,432
30020,432
30021,432
30022,432
30023,432
30024,432
30025,432
30026,432
30027,432
30028,432
30029,432
30030,432
30031,432
30032,432
30033,432
30034,432
30035,432
30036,432
30037,432
30038,432
30039,432
30040,432
30041,432
30042,432
30043,432
30044,432
30045,432
30046,432
30047,432
30048,432
30049,432
30050,432
30051,432
30052,432
30053,432
30054,432
30055,432
30056,432
30057,432
30058,432
30059,432
30060,432
30061,432
30062,432
30063,432
30064,432
30065,432
30066,432
30067,432
30068,432
30069,432
30070,432
30071,432
30072,432
30073,432
30074,432
30075,432
30076,432
30077,432
30078,432
30079,432
30080,432
30081,432
30082,432
30083,432
30084,432
30085,432
30086,432
30087,432
30088,432
30089,432
30090,432
30091,432
30092,432
30093,432
30094,432
30095,432
30096,432
30097,432
30098,432
30099,432
30100,432
30101,432
30102,432
30103,432
30104,432
30105,432
30106,432
30107,432
30108,432
30109,432
30110,432
30111,432
30112,432
30113,432
30114,432
30115,432
30116,432
30117,432
30118,432
30119,432
30120,432
30121,432
30122,432
30123,432
30124,432
30125,432
30126,432
30127,432
30128,432
30129,432
30130,432
30131,432
30132,432
30133,432
30134,432
30135,432
30136,432
30137,432
30138,432
30139,432
30140,432
30141,432
30142,432
30143,432
30144,432
30145,432
30146,432
30147,432
30148,432
30149,432
30150,432
30151,432
30152,432
30153,432
30154,432
30155,432
30156,432
30157,432
30158,432
30159,432
30160,432
30161,432
30162,432
30163,432
30164,432
30165,432
30166,432
30167,432
30168,432
30169,432
30170,432
30171,432
30172,432
30173,432
30174,432
30175,432
30176,432
30177,432
30178,432
30179,432
30180,432
30181,432
30182,432
30183,432
30184,432
30185,432
30186,432
30187,432
30188,432
30189,432
30190,432
30191,432
30192,432
30193,432
30194,432
30195,432
30196,432
30197,432
30198,432
30199,432
30200,432
30201,432
30202,432
30203,432
30204,432
30205,432
30206,432
30207,432
30208,432
30209,432
30210,432
30211,432
30212,432
30213,432
30214,432
30215,432
30216,432
30217,432
30218,432
30219,432
30220,432
30221,432
30222,432
30223,432
30224,432
30225,432
30226,432
30227,432
30228,432
30229,432
30230,432
30231,432
30232,432
30233,432
30234,432
30235,432
30236,432
30237,432
30238,432
30239,432
30240,432
30241,432
30242,432
30243,432
30244,432
30245,432
30246,432
30247,432
30248,432
30249,432
30250,432
30251,432
30252,432
30253,432
30254,432
30255,432
30256,432
30257,432
30258,432
30259,432
30260,432
30261,432
30262,432
30263,432
30264,432
30265,432
30266,432
30267,432
30268,432
30269,432
30270,432
30271,432
30272,432
30273,432
30274,432
30275,432
30276,432
30277,432
30278,432
30279,432
30280,432
30281,432
30282,432
30283,432
30284,432
30285,432
30286,432
30287,432
30288,432
30289,432
30290,432
30291,432
30292,432
30293,432
30294,432
30295,432
30296,432
30297,432
30298,432
30299,432
30300,432
30301,432
30302,432
30303,432
30304,432
30305,432
30306,432
30307,432
30308,432
30309,432
30310,432
30311,432
30312,432
30313,432
30314,432
30315,432
30316,432
30317,432
30318,432
30319,432
30320,432
30321,432
30322,432
30323,432
30324,432
30325,432
30326,432
30327,432
30328,432
30329,432
30330,432
30331,432
30332,432
30333,432
30334,432
30335,432
30336,432
30337,432
30338,432
30339,432
30340,432
30341,432
30342,432
30343,432
30344,432
30345,432
30346,432
30347,432
30348,432
30349,432
30350,432
30351,432
30352,432
30353,432
30354,432
30355,432
30356,432
30357,432
30358,432
30359,432
30360,432
30361,432
30362,432
30363,432
30364,432
30365,432
30366,432
30367,432
30368,432
30369,432
30370,432
30371,432
30372,432
30373,432
30374,432
30375,432
30376,432
30377,432
30378,432
30379,432
30380,432
30381,432
30382,432
30383,432
30384,432
30385,432
30386,432
30387,432
30388,432
30389,432
30390,432
30391,432
30392,432
30393,432
30394,432
30395,432
30396,432
30397,432
30398,432
30399,432
30400,432
30401,432
30402,432
30403,432
30404,432
30405,432
30406,432
30407,432
30408,432
30409,432
30410,432
30411,432
30412,432
30413,432
30414,432
30415,432
30416,432
30417,432
30418,432
30419,432
30420,432
30421,432
30422,432
30423,432
30424,432
30425,432
30426,432
30427,432
30428,432
30429,432
30430,432
30431,432
30432,432
30433,432
30434,432
30435,432
30436,432
30437,432
30438,432
30439,432
30440,432
30441,432
30442,432
30443,432
30444,432
30445,432
30446,432
30447,432
30448,432
30449,432
30450,432
30451,432
30452,432
30453,432
30454,432
30455,432
30456,432
30457,432
30458,432
30459,432
30460,432
30461,432
30462,432
30463,432
30464,432
30465,432
30466,432
30467,432
30468,432
30469,432
30470,432
30471,432
30472,432
30473,432
30474,432
30475,432
30476,432
30477,432
30478,432
30479,432
30480,432
30481,432
30482,432
30483,432
30484,432
30485,432
30486,432
30487,432
30488,432
30489,432
30490,432
30491,432
30492,432
30493,432
30494,432
30495,432
30496,432
30497,432
30498,432
30499,432
30500,432
30501,432
30502,432
30503,432
30504,432
30505,432
30506,432
30507,432
30508,432
30509,432
30510,432
30511,432
30512,432
30513,432
30514,432
30515,432
30516,432
30517,432
30518,432
30519,432
30520,432
30521,432
30522,432
30523,432
30524,432
30525,432
30526,432
30527,432
30528,432
30529,432
30530,432
30531,432
30532,432
30533,432
30534,432
30535,432
30536,432
30537,432
30538,432
30539,432
30540,432
30541,432
30542,432
30543,432
30544,432
30545,432
30546,432
30547,432
30548,432
30549,432
30550,432
30551,432
30552,432
30553,432
30554,432
30555,432
30556,432
30557,432
30558,432
30559,432
30560,432
30561,432
30562,432
30563,432
30564,432
30565,432
30566,432
30567,432
30568,432
30569,432
30570,432
30571,432
30572,432
30573,432
30574,432
30575,432
30576,432
30577,432
30578,432
30579,432
30580,432
30581,432
30582,432
30583,432
30584,432
30585,432
30586,432
30587,432
30588,432
30589,432
30590,432
30591,432
30592,432
30593,432
30594,432
30595,432
30596,432
30597,432
30598,432
30599,432
30600,432
30601,432
30602,432
30603,432
30604,432
30605,432
30606,432
30607,432
30608,432
30609,432
30610,432
30611,432
30612,432
30613,432
30614,432
30615,432
30616,432
30617,432
30618,432
30619,432
30620,432
30621,432
30622,432
30623,432
30624,432
30625,432
30626,432
30627,432
30628,432
30629,432
30630,432
30631,432
30632,432
30633,432
30634,432
30635,432
30636,432
30637,432
30638,432
30639,432
30640,432
30641,432
30642,432
30643,432
30644,432
30645,432
30646,432
30647,432
30648,432
30649,432
30650,432
30651,432
30652,432
30653,432
30654,432
30655,432
30656,432
30657,432
30658,432
30659,432
30660,432
30661,432
30662,432
30663,432
30664,432
30665,432
30666,432
30667,432
30668,432
30669,432
30670,432
30671,432
30672,432
30673,432
30674,432
30675,432
30676,432
30677,432
30678,432
30679,432
30680,432
30681,432
30682,432
30683,432
30684,432
30685,432
30686,432
30687,432
30688,432
30689,432
30690,432
30691,432
30692,432
30693,432
30694,432
30695,432
30696,432
30697,432
30698,432
30699,432
30700,432
30701,432
30702,432
30703,432
30704,432
30705,432
30706,432
30707,432
30708,432
30709,432
30710,432
30711,432
30712,432
30713,432
30714,432
30715,432
30716,432
30717,432
30718,432
30719,432
30720,432
30721,432
30722,432
30723,432
30724,432
30725,432
30726,432
30727,432
30728,432
30729,432
30730,432
30731,432
30732,432
30733,432
30734,432
30735,432
30736,432
30737,432
30738,432
30739,432
30740,432
30741,432
30742,432
30743,432
30744,432
30745,432
30746,432
30747,432
30748,432
30749,432
30750,432
30751,432
30752,432
30753,432
30754,432
30755,432
30756,432
30757,432
30758,432
30759,432
30760,432
30761,432
30762,432
30763,432
30764,432
30765,432
30766,432
30767,432
30768,432
30769,432
30770,432
30771,432
30772,432
30773,432
30774,432
30775,432
30776,432
30777,432
30778,432
30779,432
30780,432
30781,432
30782,432
30783,432
30784,432
30785,432
30786,432
30787,432
30788,432
30789,432
30790,432
30791,432
30792,432
30793,432
30794,432
30795,432
30796,432
30797,432
30798,432
30799,432
30800,432
30801,432
30802,432
30803,432
30804,432
30805,432
30806,432
30807,432
30808,432
30809,432
30810,432
30811,432
30812,432
30813,432
30814,432
30815,432
30816,432
30817,432
30818,432
30819,432
30820,432
30821,432
30822,432
30823,432
30824,432
30825,432
30826,432
30827,432
30828,432
30829,432
30830,432
30831,432
30832,432
30833,432
30834,432
30835,432
30836,432
30837,432
30838,432
30839,432
30840,432
30841,432
30842,432
30843,432
30844,432
30845,432
30846,432
30847,432
30848,432
30849,432
30850,432
30851,432
30852,432
30853,432
30854,432
30855,432
30856,432
30857,432
30858,432
30859,432
30860,432
30861,432
30862,432
30863,432
30864,432
30865,432
30866,432
30867,432
30868,432
30869,432
30870,432
30871,432
30872,432
30873,432
30874,432
30875,432
30876,432
30877,432
30878,432
30879,432
30880,432
30881,432
30882,432
30883,432
30884,432
30885,432
30886,432
30887,432
30888,432
30889,432
30890,432
30891,432
30892,432
30893,432
30894,432
30895,432
30896,432
30897,432
30898,432
30899,432
30900,432
30901,432
30902,432
30903,432
30904,432
30905,432
30906,432
30907,432
30908,432
30909,432
30910,432
30911,432
30912,432
30913,432
30914,432
30915,432
30916,432
30917,432
30918,432
30919,432
30920,432
30921,432
30922,432
30923,432
30924,432
30925,432
30926,432
30927,432
30928,432
30929,432
30930,432
30931,432
30932,432
30933,432
30934,432
30935,432
30936,432
30937,432
30938,432
30939,432
30940,432
30941,432
30942,432
30943,432
30944,432
30945,432
30946,432
30947,432
30948,432
30949,432
30950,432
30951,432
30952,432
30953,432
30954,432
30955,432
30956,432
30957,432
30958,432
30959,432
30960,432
30961,432
30962,432
30963,432
30964,432
30965,432
30966,432
30967,432
30968,432
30969,432
30970,432
30971,432
30972,432
30973,432
30974,432
30975,432
30976,432
30977,432
30978,432
30979,432
30980,432
30981,432
30982,432
30983,432
30984,432
30985,432
30986,432
30987,432
30988,432
30989,432
30990,432
30991,432
30992,432
30993,432
30994,432
30995,432
30996,432
30997,432
30998,432
30999,432
31000,432
31001,432
31002,432
31003,432
31004,432
31005,432
31006,432
31007,432
31008,432
31009,432
31010,432
31011,432
31012,432
31013,432
31014,432
31015,432
31016,432
31017,432
31018,432
31019,432
31020,432
31021,432
31022,432
31023,432
31024,432
31025,432
31026,432
31027,432
31028,432
31029,432
31030,432
31031,432
31032,432
31033,432
31034,432
31035,432
31036,432
31037,432
31038,432
31039,432
31040,432
31041,432
31042,432
31043,432
31044,432
31045,432
31046,432
31047,432
31048,432
31049,432
31050,432
31051,432
31052,432
31053,432
31054,432
31055,432
31056,432
31057,432
31058,432
31059,432
31060,432
31061,432
31062,432
31063,432
31064,432
31065,432
31066,432
31067,432
31068,432
31069,432
31070,432
31071,432
31072,432
31073,432
31074,432
31075,432
31076,432
31077,432
31078,432
31079,432
31080,432
31081,432
31082,432
31083,432
31084,432
31085,432
31086,432
31087,432
31088,432
31089,432
31090,432
31091,432
31092,432
31093,432
31094,432
31095,432
31096,432
31097,432
31098,432
31099,432
31100,432
31101,432
31102,432
31103,432
31104,432
31105,432
31106,432
31107,432
31108,432
31109,432
31110,432
31111,432
31112,432
31113,432
31114,432
31115,432
31116,432
31117,432
31118,432
31119,432
31120,432
31121,432
31122,432
31123,432
31124,432
31125,432
31126,432
31127,432
31128,432
31129,432
31130,432
31131,432
31132,432
31133,432
31134,432
31135,432
31136,432
31137,432
31138,432
31139,432
31140,432
31141,432
31142,432
31143,432
31144,432
31145,432
31146,432
31147,432
31148,432
31149,432
31150,432
31151,432
31152,432
31153,432
31154,432
31155,432
31156,432
31157,432
31158,432
31159,432
31160,432
31161,432
31162,432
31163,432
31164,432
31165,432
31166,432
31167,432
31168,432
31169,432
31170,432
31171,432
31172,432
31173,432
31174,432
31175,432
31176,432
31177,432
31178,432
31179,432
31180,432
31181,432
31182,432
31183,432
31184,432
31185,432
31186,432
31187,432
31188,432
31189,432
31190,432
31191,432
31192,432
31193,432
31194,432
31195,432
31196,432
31197,432
31198,432
31199,432
31200,432
31201,432
31202,432
31203,432
31204,432
31205,432
31206,432
31207,432
31208,432
31209,432
31210,432
31211,432
31212,432
31213,432
31214,432
31215,432
31216,432
31217,432
31218,432
31219,432
31220,432
31221,432
31222,432
31223,432
31224,432
31225,432
31226,432
31227,432
31228,432
31229,432
31230,432
31231,432
31232,432
31233,432
31234,432
31235,432
31236,432
31237,432
31238,432
31239,432
31240,432
31241,432
31242,432
31243,432
31244,432
31245,432
31246,432
31247,432
31248,432
31249,432
31250,432
31251,432
31252,432
31253,432
31254,432
31255,432
31256,432
31257,432
31258,432
31259,432
31260,432
31261,432
31262,432
31263,432
31264,432
31265,432
31266,432
31267,432
31268,432
31269,432
31270,432
31271,432
31272,432
31273,432
31274,432
31275,432
31276,432
31277,432
31278,432
31279,432
31280,432
31281,432
31282,432
31283,432
31284,432
31285,432
31286,432
31287,432
31288,432
31289,432
31290,432
31291,432
31292,432
31293,432
31294,432
31295,432
31296,432
31297,432
31298,432
31299,432
31300,432
31301,432
31302,432
31303,432
31304,432
31305,432
31306,432
31307,432
31308,432
31309,432
31310,432
31311,432
31312,432
31313,432
31314,432
31315,432
31316,432
31317,432
31318,432
31319,432
31320,432
31321,432
31322,432
31323,432
31324,432
31325,432
31326,432
31327,432
31328,432
31329,432
31330,432
31331,432
31332,432
31333,432
31334,432
31335,432
31336,432
31337,432
31338,432
31339,432
31340,432
31341,432
31342,432
31343,432
31344,432
31345,432
31346,432
31347,432
31348,432
31349,432
31350,432
31351,432
31352,432
31353,432
31354,432
31355,432
31356,432
31357,432
31358,432
31359,432
31360,432
31361,432
31362,432
31363,432
31364,432
31365,432
31366,432
31367,432
31368,432
31369,432
31370,432
31371,432
31372,432
31373,432
31374,432
31375,432
31376,432
31377,432
31378,432
31379,432
31380,432
31381,432
31382,432
31383,432
31384,432
31385,432
31386,432
31387,432
31388,432
31389,432
31390,432
31391,432
31392,432
31393,432
31394,432
31395,432
31396,432
31397,432
31398,432
31399,432
31400,432
31401,432
31402,432
31403,432
31404,432
31405,432
31406,432
31407,432
31408,432
31409,432
31410,432
31411,432
31412,432
31413,432
31414,432
31415,432
31416,432
31417,432
31418,432
31419,432
31420,432
31421,432
31422,432
31423,432
31424,432
31425,432
31426,432
31427,432
31428,432
31429,432
31430,432
31431,432
31432,432
31433,432
31434,432
31435,432
31436,432
31437,432
31438,432
31439,432
31440,432
31441,432
31442,432
31443,432
31444,432
31445,432
31446,432
31447,432
31448,432
31449,432
31450,432
31451,432
31452,432
31453,432
31454,432
31455,432
31456,432
31457,432
31458,432
31459,432
31460,432
31461,432
31462,432
31463,432
31464,432
31465,432
31466,432
31467,432
31468,432
31469,432
31470,432
31471,432
31472,432
31473,432
31474,432
31475,432
31476,432
31477,432
31478,432
31479,432
31480,432
31481,432
31482,432
31483,432
31484,432
31485,432
31486,432
31487,432
31488,432
31489,432
31490,432
31491,432
31492,432
31493,432
31494,432
31495,432
31496,432
31497,432
31498,432
31499,432
31500,432
31501,432
31502,432
31503,432
31504,432
31505,432
31506,432
31507,432
31508,432
31509,432
31510,432
31511,432
31512,432
31513,432
31514,432
31515,432
31516,432
31517,432
31518,432
31519,432
31520,432
31521,432
31522,432
31523,432
31524,432
31525,432
31526,432
31527,432
31528,432
31529,432
31530,432
31531,432
31532,432
31533,432
31534,432
31535,432
31536,432
31537,432
31538,432
31539,432
31540,432
31541,432
31542,432
31543,432
31544,432
31545,432
31546,432
31547,432
31548,432
31549,432
31550,432
31551,432
31552,432
31553,432
31554,432
31555,432
31556,432
31557,432
31558,432
31559,432
31560,432
31561,432
31562,432
31563,432
31564,432
31565,432
31566,432
31567,432
31568,432
31569,432
31570,432
31571,432
31572,432
31573,432
31574,432
31575,432
31576,432
31577,432
31578,432
31579,432
31580,432
31581,432
31582,432
31583,432
31584,432
31585,432
31586,432
31587,432
31588,432
31589,432
31590,432
31591,432
31592,432
31593,432
31594,432
31595,432
31596,432
31597,432
31598,432
31599,432
31600,432
31601,432
31602,432
31603,432
31604,432
31605,432
31606,432
31607,432
31608,432
31609,432
31610,432
31611,432
31612,432
31613,432
31614,432
31615,432
31616,432
31617,432
31618,432
31619,432
31620,432
31621,432
31622,432
31623,432
31624,432
31625,432
31626,432
31627,432
31628,432
31629,432
31630,432
31631,432
31632,432
31633,432
31634,432
31635,432
31636,432
31637,432
31638,432
31639,432
31640,432
31641,432
31642,432
31643,432
31644,432
31645,432
31646,432
31647,432
31648,432
31649,432
31650,432
31651,432
31652,432
31653,432
31654,432
31655,432
31656,432
31657,432
31658,432
31659,432
31660,432
31661,432
31662,432
31663,432
31664,432
31665,432
31666,432
31667,432
31668,432
31669,432
31670,432
31671,432
31672,432
31673,432
31674,432
31675,432
31676,432
31677,432
31678,432
31679,432
31680,432
31681,432
31682,432
31683,432
31684,432
31685,432
31686,432
31687,432
31688,432
31689,432
31690,432
31691,432
31692,432
31693,432
31694,432
31695,432
31696,432
31697,432
31698,432
31699,432
31700,432
31701,432
31702,432
31703,432
31704,432
31705,432
31706,432
31707,432
31708,432
31709,432
31710,432
31711,432
31712,432
31713,432
31714,432
31715,432
31716,432
31717,432
31718,432
31719,432
31720,432
31721,432
31722,432
31723,432
31724,432
31725,432
31726,432
31727,432
31728,432
31729,432
31730,432
31731,432
31732,432
31733,432
31734,432
31735,432
31736,432
31737,432
31738,432
31739,432
31740,432
31741,432
31742,432
31743,432
31744,432
31745,432
31746,432
31747,432
31748,432
31749,432
31750,432
31751,432
31752,432
31753,432
31754,432
31755,432
31756,432
31757,432
31758,432
31759,432
31760,432
31761,432
31762,432
31763,432
31764,432
31765,432
31766,432
31767,432
31768,432
31769,432
31770,432
31771,432
31772,432
31773,432
31774,432
31775,432
31776,432
31777,432
31778,432
31779,432
31780,432
31781,432
31782,432
31783,432
31784,432
31785,432
31786,432
31787,432
31788,432
31789,432
31790,432
31791,432
31792,432
31793,432
31794,432
31795,432
31796,432
31797,432
31798,432
31799,432
31800,432
31801,432
31802,432
31803,432
31804,432
31805,432
31806,432
31807,432
31808,432
31809,432
31810,432
31811,432
31812,432
31813,432
31814,432
31815,432
31816,432
31817,432
31818,432
31819,432
31820,432
31821,432
31822,432
31823,432
31824,432
31825,432
31826,432
31827,432
31828,432
31829,432
31830,432
31831,432
31832,432
31833,432
31834,432
31835,432
31836,432
31837,432
31838,432
31839,432
31840,432
31841,432
31842,432
31843,432
31844,432
31845,432
31846,432
31847,432
31848,432
31849,432
31850,432
31851,432
31852,432
31853,432
31854,432
31855,432
31856,432
31857,432
31858,432
31859,432
31860,432
31861,432
31862,432
31863,432
31864,432
31865,432
31866,432
31867,432
31868,432
31869,432
31870,432
31871,432
31872,432
31873,432
31874,432
31875,432
31876,432
31877,432
31878,432
31879,432
31880,432
31881,432
31882,432
31883,432
31884,432
31885,432
31886,432
31887,432
31888,432
31889,432
31890,432
31891,432
31892,432
31893,432
31894,432
31895,432
31896,432
31897,432
31898,432
31899,432
31900,432
31901,432
31902,432
31903,432
31904,432
31905,432
31906,432
31907,432
31908,432
31909,432
31910,432
31911,432
31912,432
31913,432
31914,432
31915,432
31916,432
31917,432
31918,432
31919,432
31920,432
31921,432
31922,432
31923,432
31924,432
31925,432
31926,432
31927,432
31928,432
31929,432
31930,432
31931,432
31932,432
31933,432
31934,432
31935,432
31936,432
31937,432
31938,432
31939,432
31940,432
31941,432
31942,432
31943,432
31944,432
31945,432
31946,432
31947,432
31948,432
31949,432
31950,432
31951,432
31952,432
31953,432
31954,432
31955,432
31956,432
31957,432
31958,432
31959,432
31960,432
31961,432
31962,432
31963,432
31964,432
31965,432
31966,432
31967,432
31968,432
31969,432
31970,432
31971,432
31972,432
31973,432
31974,432
31975,432
31976,432
31977,432
31978,432
31979,432
31980,432
31981,432
31982,432
31983,432
31984,432
31985,432
31986,432
31987,432
31988,432
31989,432
31990,432
31991,432
31992,432
31993,432
31994,432
31995,432
31996,432
31997,432
31998,432
31999,432
32000,432
32001,432
32002,432
32003,432
32004,432
32005,432
32006,432
32007,432
32008,432
32009,432
32010,432
32011,432
32012,432
32013,432
32014,432
32015,432
32016,432
32017,432
32018,432
32019,432
32020,432
32021,432
32022,432
32023,432
32024,432
32025,432
32026,432
32027,432
32028,432
32029,432
32030,432
32031,432
32032,432
32033,432
32034,432
32035,432
32036,432
32037,432
32038,432
32039,432
32040,432
32041,432
32042,432
32043,432
32044,432
32045,432
32046,432
32047,432
32048,432
32049,432
32050,432
32051,432
32052,432
32053,432
32054,432
32055,432
32056,432
32057,432
32058,432
32059,432
32060,432
32061,432
32062,432
32063,432
32064,432
32065,432
32066,432
32067,432
32068,432
32069,432
32070,432
32071,432
32072,432
32073,432
32074,432
32075,432
32076,432
32077,432
32078,432
32079,432
32080,432
32081,432
32082,432
32083,432
32084,432
32085,432
32086,432
32087,432
32088,432
32089,432
32090,432
32091,432
32092,432
32093,432
32094,432
32095,432
32096,432
32097,432
32098,432
32099,432
32100,432
32101,432
32102,432
32103,432
32104,432
32105,432
32106,432
32107,432
32108,432
32109,432
32110,432
32111,432
32112,432
32113,432
32114,432
32115,432
32116,432
32117,432
32118,432
32119,432
32120,432
32121,432
32122,432
32123,432
32124,432
32125,432
32126,432
32127,432
32128,432
32129,432
32130,432
32131,432
32132,432
32133,432
32134,432
32135,432
32136,432
32137,432
32138,432
32139,432
32140,432
32141,432
32142,432
32143,432
32144,432
32145,432
32146,432
32147,432
32148,432
32149,432
32150,432
32151,432
32152,432
32153,432
32154,432
32155,432
32156,432
32157,432
32158,432
32159,432
32160,432
32161,432
32162,432
32163,432
32164,432
32165,432
32166,432
32167,432
32168,432
32169,432
32170,432
32171,432
32172,432
32173,432
32174,432
32175,432
32176,432
32177,432
32178,432
32179,432
32180,432
32181,432
32182,432
32183,432
32184,432
32185,432
32186,432
32187,432
32188,432
32189,432
32190,432
32191,432
32192,432
32193,432
32194,432
32195,432
32196,432
32197,432
32198,432
32199,432
32200,432
32201,432
32202,432
32203,432
32204,432
32205,432
32206,432
32207,432
32208,432
32209,432
32210,432
32211,432
32212,432
32213,432
32214,432
32215,432
32216,432
32217,432
32218,432
32219,432
32220,432
32221,432
32222,432
32223,432
32224,432
32225,432
32226,432
32227,432
32228,432
32229,432
32230,432
32231,432
32232,432
32233,432
32234,432
32235,432
32236,432
32237,432
32238,432
32239,432
32240,432
32241,432
32242,432
32243,432
32244,432
32245,432
32246,432
32247,432
32248,432
32249,432
32250,432
32251,432
32252,432
32253,432
32254,432
32255,432
32256,432
32257,432
32258,432
32259,432
32260,432
32261,432
32262,432
32263,432
32264,432
32265,432
32266,432
32267,432
32268,432
32269,432
32270,432
32271,432
32272,432
32273,432
32274,432
32275,432
32276,432
32277,432
32278,432
32279,432
32280,432
32281,432
32282,432
32283,432
32284,432
32285,432
32286,432
32287,432
32288,432
32289,432
32290,432
32291,432
32292,432
32293,432
32294,432
32295,432
32296,432
32297,432
32298,432
32299,432
32300,432
32301,432
32302,432
32303,432
32304,432
32305,432
32306,432
32307,432
32308,432
32309,432
32310,432
32311,432
32312,432
32313,432
32314,432
32315,432
32316,432
32317,432
32318,432
32319,432
32320,432
32321,432
32322,432
32323,432
32324,432
32325,432
32326,432
32327,432
32328,432
32329,432
32330,432
32331,432
32332,432
32333,432
32334,432
32335,432
32336,432
32337,432
32338,432
32339,432
32340,432
32341,432
32342,432
32343,432
32344,432
32345,432
32346,432
32347,432
32348,432
32349,432
32350,432
32351,432
32352,432
32353,432
32354,432
32355,432
32356,432
32357,432
32358,432
32359,432
32360,432
32361,432
32362,432
32363,432
32364,432
32365,432
32366,432
32367,432
32368,432
32369,432
32370,432
32371,432
32372,432
32373,432
32374,432
32375,432
32376,432
32377,432
32378,432
32379,432
32380,432
32381,432
32382,432
32383,432
32384,432
32385,432
32386,432
32387,432
32388,432
32389,432
32390,432
32391,432
32392,432
32393,432
32394,432
32395,432
32396,432
32397,432
32398,432
32399,432
32400,432
32401,432
32402,432
32403,432
32404,432
32405,432
32406,432
32407,432
32408,432
32409,432
32410,432
32411,432
32412,432
32413,432
32414,432
32415,432
32416,432
32417,432
32418,432
32419,432
32420,432
32421,432
32422,432
32423,432
32424,432
32425,432
32426,432
32427,432
32428,432
32429,432
32430,432
32431,432
32432,432
32433,432
32434,432
32435,432
32436,432
32437,432
32438,432
32439,432
32440,432
32441,432
32442,432
32443,432
32444,432
32445,432
32446,432
32447,432
32448,432
32449,432
32450,432
32451,432
32452,432
32453,432
32454,432
32455,432
32456,432
32457,432
32458,432
32459,432
32460,432
32461,432
32462,432
32463,432
32464,432
32465,432
32466,432
32467,432
32468,432
32469,432
32470,432
32471,432
32472,432
32473,432
32474,432
32475,432
32476,432
32477,432
32478,432
32479,432
32480,432
32481,432
32482,432
32483,432
32484,432
32485,432
32486,432
32487,432
32488,432
32489,432
32490,432
32491,432
32492,432
32493,432
32494,432
32495,432
32496,432
32497,432
32498,432
32499,432
32500,432
32501,432
32502,432
32503,432
32504,432
32505,432
32506,432
32507,432
32508,432
32509,432
32510,432
32511,432
32512,432
32513,432
32514,432
32515,432
32516,432
32517,432
32518,432
32519,432
32520,432
32521,432
32522,432
32523,432
32524,432
32525,432
32526,432
32527,432
32528,432
32529,432
32530,432
32531,432
32532,432
32533,432
32534,432
32535,432
32536,432
32537,432
32538,432
32539,432
32540,432
32541,432
32542,432
32543,432
32544,432
32545,432
32546,432
32547,432
32548,432
32549,432
32550,432
32551,432
32552,432
32553,432
32554,432
32555,432
32556,432
32557,432
32558,432
32559,432
32560,432
32561,432
32562,432
32563,432
32564,432
32565,432
32566,432
32567,432
32568,432
32569,432
32570,432
32571,432
32572,432
32573,432
32574,432
32575,432
32576,432
32577,432
32578,432
32579,432
32580,432
32581,432
32582,432
32583,432
32584,432
32585,432
32586,432
32587,432
32588,432
32589,432
32590,432
32591,432
32592,432
32593,432
32594,432
32595,432
32596,432
32597,432
32598,432
32599,432
32600,432
32601,432
32602,432
32603,432
32604,432
32605,432
32606,432
32607,432
32608,432
32609,432
32610,432
32611,432
32612,432
32613,432
32614,432
32615,432
32616,432
32617,432
32618,432
32619,432
32620,432
32621,432
32622,432
32623,432
32624,432
32625,432
32626,432
32627,432
32628,432
32629,432
32630,432
32631,432
32632,432
32633,432
32634,432
32635,432
32636,432
32637,432
32638,432
32639,432
32640,432
32641,432
32642,432
32643,432
32644,432
32645,432
32646,432
32647,432
32648,432
32649,432
32650,432
32651,432
32652,432
32653,432
32654,432
32655,432
32656,432
32657,432
32658,432
32659,432
32660,432
32661,432
32662,432
32663,432
32664,432
32665,432
32666,432
32667,432
32668,432
32669,432
32670,432
32671,432
32672,432
32673,432
32674,432
32675,432
32676,432
32677,432
32678,432
32679,432
32680,432
32681,432
32682,432
32683,432
32684,432
32685,432
32686,432
32687,432
32688,432
32689,432
32690,432
32691,432
32692,432
32693,432
32694,432
32695,432
32696,432
32697,432
32698,432
32699,432
32700,432
32701,432
32702,432
32703,432
32704,432
32705,432
32706,432
32707,432
32708,432
32709,432
32710,432
32711,432
32712,432
32713,432
32714,432
32715,432
32716,432
32717,432
32718,432
32719,432
32720,432
32721,432
32722,432
32723,432
32724,432
32725,432
32726,432
32727,432
32728,432
32729,432
32730,432
32731,432
32732,432
32733,432
32734,432
32735,432
32736,432
32737,432
32738,432
32739,432
32740,432
32741,432
32742,432
32743,432
32744,432
32745,432
32746,432
32747,432
32748,432
32749,432
32750,432
32751,432
32752,432
32753,432
32754,432
32755,432
32756,432
32757,432
32758,432
32759,432
32760,432
32761,432
32762,432
32763,432
32764,432
32765,432
32766,432
32767,432
32768,432
32769,432
32770,432
32771,432
32772,432
32773,432
32774,432
32775,432
32776,432
32777,432
32778,432
32779,432
32780,432
32781,432
32782,432
32783,432
32784,432
32785,432
32786,432
32787,432
32788,432
32789,432
32790,432
32791,432
32792,432
32793,432
32794,432
32795,432
32796,432
32797,432
32798,432
32799,432
32800,432
32801,432
32802,432
32803,432
32804,432
32805,432
32806,432
32807,432
32808,432
32809,432
32810,432
32811,432
32812,432
32813,432
32814,432
32815,432
32816,432
32817,432
32818,432
32819,432
32820,432
32821,432
32822,432
32823,432
32824,432
32825,432
32826,432
32827,432
32828,432
32829,432
32830,432
32831,432
32832,432
32833,432
32834,432
32835,432
32836,432
32837,432
32838,432
32839,432
32840,432
32841,432
32842,432
32843,432
32844,432
32845,432
32846,432
32847,432
32848,432
32849,432
32850,432
32851,432
32852,432
32853,432
32854,432
32855,432
32856,432
32857,432
32858,432
32859,432
32860,432
32861,432
32862,432
32863,432
32864,432
32865,432
32866,432
32867,432
32868,432
32869,432
32870,432
32871,432
32872,432
32873,432
32874,432
32875,432
32876,432
32877,432
32878,432
32879,432
32880,432
32881,432
32882,432
32883,432
32884,432
32885,432
32886,432
32887,432
32888,432
32889,432
32890,432
32891,432
32892,432
32893,432
32894,432
32895,432
32896,432
32897,432
32898,432
32899,432
32900,432
32901,432
32902,432
32903,432
32904,432
32905,432
32906,432
32907,432
32908,432
32909,432
32910,432
32911,432
32912,432
32913,432
32914,432
32915,432
32916,432
32917,432
32918,432
32919,432
32920,432
32921,432
32922,432
32923,432
32924,432
32925,432
32926,432
32927,432
32928,432
32929,432
32930,432
32931,432
32932,432
32933,432
32934,432
32935,432
32936,432
32937,432
32938,432
32939,432
32940,432
32941,432
32942,432
32943,432
32944,432
32945,432
32946,432
32947,432
32948,432
32949,432
32950,432
32951,432
32952,432
32953,432
32954,432
32955,432
32956,432
32957,432
32958,432
32959,432
32960,432
32961,432
32962,432
32963,432
32964,432
32965,432
32966,432
32967,432
32968,432
32969,432
32970,432
32971,432
32972,432
32973,432
32974,432
32975,432
32976,432
32977,432
32978,432
32979,432
32980,432
32981,432
32982,432
32983,432
32984,432
32985,432
32986,432
32987,432
32988,432
32989,432
32990,432
32991,432
32992,432
32993,432
32994,432
32995,432
32996,432
32997,432
32998,432
32999,432
33000,432
33001,432
33002,432
33003,432
33004,432
33005,432
33006,432
33007,432
33008,432
33009,432
33010,432
33011,432
33012,432
33013,432
33014,432
33015,432
33016,432
33017,432
33018,432
33019,432
33020,432
33021,432
33022,432
33023,432
33024,432
33025,432
33026,432
33027,432
33028,432
33029,432
33030,432
33031,432
33032,432
33033,432
33034,432
33035,432
33036,432
33037,432
33038,432
33039,432
33040,432
33041,432
33042,432
33043,432
33044,432
33045,432
33046,432
33047,432
33048,432
33049,432
33050,432
33051,432
33052,432
33053,432
33054,432
33055,432
33056,432
33057,432
33058,432
33059,432
33060,432
33061,432
33062,432
33063,432
33064,432
33065,432
33066,432
33067,432
33068,432
33069,432
33070,432
33071,432
33072,432
33073,432
33074,432
33075,432
33076,432
33077,432
33078,432
33079,432
33080,432
33081,432
33082,432
33083,432
33084,432
33085,432
33086,432
33087,432
33088,432
33089,432
33090,432
33091,432
33092,432
33093,432
33094,432
33095,432
33096,432
33097,432
33098,432
33099,432
33100,432
33101,432
33102,432
33103,432
33104,432
33105,432
33106,432
33107,432
33108,432
33109,432
33110,432
33111,432
33112,432
33113,432
33114,432
33115,432
33116,432
33117,432
33118,432
33119,432
33120,432
33121,432
33122,432
33123,432
33124,432
33125,432
33126,432
33127,432
33128,432
33129,432
33130,432
33131,432
33132,432
33133,432
33134,432
33135,432
33136,432
33137,432
33138,432
33139,432
33140,432
33141,432
33142,432
33143,432
33144,432
33145,432
33146,432
33147,432
33148,432
33149,432
33150,432
33151,432
33152,432
33153,432
33154,432
33155,432
33156,432
33157,432
33158,432
33159,432
33160,432
33161,432
33162,432
33163,432
33164,432
33165,432
33166,432
33167,432
33168,432
33169,432
33170,432
33171,432
33172,432
33173,432
33174,432
33175,432
33176,432
33177,432
33178,432
33179,432
33180,432
33181,432
33182,432
33183,432
33184,432
33185,432
33186,432
33187,432
33188,432
33189,432
33190,432
33191,432
33192,432
33193,432
33194,432
33195,432
33196,432
33197,432
33198,432
33199,432
33200,432
33201,432
33202,432
33203,432
33204,432
33205,432
33206,432
33207,432
33208,432
33209,432
33210,432
33211,432
33212,432
33213,432
33214,432
33215,432
33216,432
33217,432
33218,432
33219,432
33220,432
33221,432
33222,432
33223,432
33224,432
33225,432
33226,432
33227,432
33228,432
33229,432
33230,432
33231,432
33232,432
33233,432
33234,432
33235,432
33236,432
33237,432
33238,432
33239,432
33240,432
33241,432
33242,432
33243,432
33244,432
33245,432
33246,432
33247,432
33248,432
33249,432
33250,432
33251,432
33252,432
33253,432
33254,432
33255,432
33256,432
33257,432
33258,432
33259,432
33260,432
33261,432
33262,432
33263,432
33264,432
33265,432
33266,432
33267,432
33268,432
33269,432
33270,432
33271,432
33272,432
33273,432
33274,432
33275,432
33276,432
33277,432
33278,432
33279,432
33280,432
33281,432
33282,432
33283,432
33284,432
33285,432
33286,432
33287,432
33288,432
33289,432
33290,432
33291,432
33292,432
33293,432
33294,432
33295,432
33296,432
33297,432
33298,432
33299,432
33300,432
33301,432
33302,432
33303,432
33304,432
33305,432
33306,432
33307,432
33308,432
33309,432
33310,432
33311,432
33312,432
33313,432
33314,432
33315,432
33316,432
33317,432
33318,432
33319,432
33320,432
33321,432
33322,432
33323,432
33324,432
33325,432
33326,432
33327,432
33328,432
33329,432
33330,432
33331,432
33332,432
33333,432
33334,432
33335,432
33336,432
33337,432
33338,432
33339,432
33340,432
33341,432
33342,432
33343,432
33344,432
33345,432
33346,432
33347,432
33348,432
33349,432
33350,432
33351,432
33352,432
33353,432
33354,432
33355,432
33356,432
33357,432
33358,432
33359,432
33360,432
33361,432
33362,432
33363,432
33364,432
33365,432
33366,432
33367,432
33368,432
33369,432
33370,432
33371,432
33372,432
33373,432
33374,432
33375,432
33376,432
33377,432
33378,432
33379,432
33380,432
33381,432
33382,432
33383,432
33384,432
33385,432
33386,432
33387,432
33388,432
33389,432
33390,432
33391,432
33392,432
33393,432
33394,432
33395,432
33396,432
33397,432
33398,432
33399,432
33400,432
33401,432
33402,432
33403,432
33404,432
33405,432
33406,432
33407,432
33408,432
33409,432
33410,432
33411,432
33412,432
33413,432
33414,432
33415,432
33416,432
33417,432
33418,432
33419,432
33420,432
33421,432
33422,432
33423,432
33424,432
33425,432
33426,432
33427,432
33428,432
33429,432
33430,432
33431,432
33432,432
33433,432
33434,432
33435,432
33436,432
33437,432
33438,432
33439,432
33440,432
33441,432
33442,432
33443,432
33444,432
33445,432
33446,432
33447,432
33448,432
33449,432
33450,432
33451,432
33452,432
33453,432
33454,432
33455,432
33456,432
33457,432
33458,432
33459,432
33460,432
33461,432
33462,432
33463,432
33464,432
33465,432
33466,432
33467,432
33468,432
33469,432
33470,432
33471,432
33472,432
33473,432
33474,432
33475,432
33476,432
33477,432
33478,432
33479,432
33480,432
33481,432
33482,432
33483,432
33484,432
33485,432
33486,432
33487,432
33488,432
33489,432
33490,432
33491,432
33492,432
33493,432
33494,432
33495,432
33496,432
33497,432
33498,432
33499,432
33500,432
33501,432
33502,432
33503,432
33504,432
33505,432
33506,432
33507,432
33508,432
33509,432
33510,432
33511,432
33512,432
33513,432
33514,432
33515,432
33516,432
33517,432
33518,432
33519,432
33520,432
33521,432
33522,432
33523,432
33524,432
33525,432
33526,432
33527,432
33528,432
33529,432
33530,432
33531,432
33532,432
33533,432
33534,432
33535,432
33536,432
33537,432
33538,432
33539,432
33540,432
33541,432
33542,432
33543,432
33544,432
33545,432
33546,432
33547,432
33548,432
33549,432
33550,432
33551,432
33552,432
33553,432
33554,432
33555,432
33556,432
33557,432
33558,432
33559,432
33560,432
33561,432
33562,432
33563,432
33564,432
33565,432
33566,432
33567,432
33568,432
33569,432
33570,432
33571,432
33572,432
33573,432
33574,432
33575,432
33576,432
33577,432
33578,432
33579,432
33580,432
33581,432
33582,432
33583,432
33584,432
33585,432
33586,432
33587,432
33588,432
33589,432
33590,432
33591,432
33592,432
33593,432
33594,432
33595,432
33596,432
33597,432
33598,432
33599,432
33600,432
33601,432
33602,432
33603,432
33604,432
33605,432
33606,432
33607,432
33608,432
33609,432
33610,432
33611,432
33612,432
33613,432
33614,432
33615,432
33616,432
33617,432
33618,432
33619,432
33620,432
33621,432
33622,432
33623,432
33624,432
33625,432
33626,432
33627,432
33628,432
33629,432
33630,432
33631,432
33632,432
33633,432
33634,432
33635,432
33636,432
33637,432
33638,432
33639,432
33640,432
33641,432
33642,432
33643,432
33644,432
33645,432
33646,432
33647,432
33648,432
33649,432
33650,432
33651,432
33652,432
33653,432
33654,432
33655,432
33656,432
33657,432
33658,432
33659,432
33660,432
33661,432
33662,432
33663,432
33664,432
33665,432
33666,432
33667,432
33668,432
33669,432
33670,432
33671,432
33672,432
33673,432
33674,432
33675,432
33676,432
33677,432
33678,432
33679,432
33680,432
33681,432
33682,432
33683,432
33684,432
33685,432
33686,432
33687,432
33688,432
33689,432
33690,432
33691,432
33692,432
33693,432
33694,432
33695,432
33696,432
33697,432
33698,432
33699,432
33700,432
33701,432
33702,432
33703,432
33704,432
33705,432
33706,432
33707,432
33708,432
33709,432
33710,432
33711,432
33712,432
33713,432
33714,432
33715,432
33716,432
33717,432
33718,432
33719,432
33720,432
33721,432
33722,432
33723,432
33724,432
33725,432
33726,432
33727,432
33728,432
33729,432
33730,432
33731,432
33732,432
33733,432
33734,432
33735,432
33736,432
33737,432
33738,432
33739,432
33740,432
33741,432
33742,432
33743,432
33744,432
33745,432
33746,432
33747,432
33748,432
33749,432
33750,432
33751,432
33752,432
33753,432
33754,432
33755,432
33756,432
33757,432
33758,432
33759,432
33760,432
33761,432
33762,432
33763,432
33764,432
33765,432
33766,432
33767,432
33768,432
33769,432
33770,432
33771,432
33772,432
33773,432
33774,432
33775,432
33776,432
33777,432
33778,432
33779,432
33780,432
33781,432
33782,432
33783,432
33784,432
33785,432
33786,432
33787,432
33788,432
33789,432
33790,432
33791,432
33792,432
33793,432
33794,432
33795,432
33796,432
33797,432
33798,432
33799,432
33800,432
33801,432
33802,432
33803,432
33804,432
33805,432
33806,432
33807,432
33808,432
33809,432
33810,432
33811,432
33812,432
33813,432
33814,432
33815,432
33816,432
33817,432
33818,432
33819,432
33820,432
33821,432
33822,432
33823,432
33824,432
33825,432
33826,432
33827,432
33828,432
33829,432
33830,432
33831,432
33832,432
33833,432
33834,432
33835,432
33836,432
33837,432
33838,432
33839,432
33840,432
33841,432
33842,432
33843,432
33844,432
33845,432
33846,432
33847,432
33848,432
33849,432
33850,432
33851,432
33852,432
33853,432
33854,432
33855,432
33856,432
33857,432
33858,432
33859,432
33860,432
33861,432
33862,432
33863,432
33864,432
33865,432
33866,432
33867,432
33868,432
33869,432
33870,432
33871,432
33872,432
33873,432
33874,432
33875,432
33876,432
33877,432
33878,432
33879,432
33880,432
33881,432
33882,432
33883,432
33884,432
33885,432
33886,432
33887,432
33888,432
33889,432
33890,432
33891,432
33892,432
33893,432
33894,432
33895,432
33896,432
33897,432
33898,432
33899,432
33900,432
33901,432
33902,432
33903,432
33904,432
33905,432
33906,432
33907,432
33908,432
33909,432
33910,432
33911,432
33912,432
33913,432
33914,432
33915,432
33916,432
33917,432
33918,432
33919,432
33920,432
33921,432
33922,432
33923,432
33924,432
33925,432
33926,432
33927,432
33928,432
33929,432
33930,432
33931,432
33932,432
33933,432
33934,432
33935,432
33936,432
33937,432
33938,432
33939,432
33940,432
33941,432
33942,432
33943,432
33944,432
33945,432
33946,432
33947,432
33948,432
33949,432
33950,432
33951,432
33952,432
33953,432
33954,432
33955,432
33956,432
33957,432
33958,432
33959,432
33960,432
33961,432
33962,432
33963,432
33964,432
33965,432
33966,432
33967,432
33968,432
33969,432
33970,432
33971,432
33972,432
33973,432
33974,432
33975,432
33976,432
33977,432
33978,432
33979,432
33980,432
33981,432
33982,432
33983,432
33984,432
33985,432
33986,432
33987,432
33988,432
33989,432
33990,432
33991,432
33992,432
33993,432
33994,432
33995,432
33996,432
33997,432
33998,432
33999,432
34000,432
34001,432
34002,432
34003,432
34004,432
34005,432
34006,432
34007,432
34008,432
34009,432
34010,432
34011,432
34012,432
34013,432
34014,432
34015,432
34016,432
34017,432
34018,432
34019,432
34020,432
34021,432
34022,432
34023,432
34024,432
34025,432
34026,432
34027,432
34028,432
34029,432
34030,432
34031,432
34032,432
34033,432
34034,432
34035,432
34036,432
34037,432
34038,432
34039,432
34040,432
34041,432
34042,432
34043,432
34044,432
34045,432
34046,432
34047,432
34048,432
34049,432
34050,432
34051,432
34052,432
34053,432
34054,432
34055,432
34056,432
34057,432
34058,432
34059,432
34060,432
34061,432
34062,432
34063,432
34064,432
34065,432
34066,432
34067,432
34068,432
34069,432
34070,432
34071,432
34072,432
34073,432
34074,432
34075,432
34076,432
34077,432
34078,432
34079,432
34080,432
34081,432
34082,432
34083,432
34084,432
34085,432
34086,432
34087,432
34088,432
34089,432
34090,432
34091,432
34092,432
34093,432
34094,432
34095,432
34096,432
34097,432
34098,432
34099,432
34100,432
34101,432
34102,432
34103,432
34104,432
34105,432
34106,432
34107,432
34108,432
34109,432
34110,432
34111,432
34112,432
34113,432
34114,432
34115,432
34116,432
34117,432
34118,432
34119,432
34120,432
34121,432
34122,432
34123,432
34124,432
34125,432
34126,432
34127,432
34128,432
34129,432
34130,432
34131,432
34132,432
34133,432
34134,432
34135,432
34136,432
34137,432
34138,432
34139,432
34140,432
34141,432
34142,432
34143,432
34144,432
34145,432
34146,432
34147,432
34148,432
34149,432
34150,432
34151,432
34152,432
34153,432
34154,432
34155,432
34156,432
34157,432
34158,432
34159,432
34160,432
34161,432
34162,432
34163,432
34164,432
34165,432
34166,432
34167,432
34168,432
34169,432
34170,432
34171,432
34172,432
34173,432
34174,432
34175,432
34176,432
34177,432
34178,432
34179,432
34180,432
34181,432
34182,432
34183,432
34184,432
34185,432
34186,432
34187,432
34188,432
34189,432
34190,432
34191,432
34192,432
34193,432
34194,432
34195,432
34196,432
34197,432
34198,432
34199,432
34200,432
34201,432
34202,432
34203,432
34204,432
34205,432
34206,432
34207,432
34208,432
34209,432
34210,432
34211,432
34212,432
34213,432
34214,432
34215,432
34216,432
34217,432
34218,432
34219,432
34220,432
34221,432
34222,432
34223,432
34224,432
34225,432
34226,432
34227,432
34228,432
34229,432
34230,432
34231,432
34232,432
34233,432
34234,432
34235,432
34236,432
34237,432
34238,432
34239,432
34240,432
34241,432
34242,432
34243,432
34244,432
34245,432
34246,432
34247,432
34248,432
34249,432
34250,432
34251,432
34252,432
34253,432
34254,432
34255,432
34256,432
34257,432
34258,432
34259,432
34260,432
34261,432
34262,432
34263,432
34264,432
34265,432
34266,432
34267,432
34268,432
34269,432
34270,432
34271,432
34272,432
34273,432
34274,432
34275,432
34276,432
34277,432
34278,432
34279,432
34280,432
34281,432
34282,432
34283,432
34284,432
34285,432
34286,432
34287,432
34288,432
34289,432
34290,432
34291,432
34292,432
34293,432
34294,432
34295,432
34296,432
34297,432
34298,432
34299,432
34300,432
34301,432
34302,432
34303,432
34304,432
34305,432
34306,432
34307,432
34308,432
34309,432
34310,432
34311,432
34312,432
34313,432
34314,432
34315,432
34316,432
34317,432
34318,432
34319,432
34320,432
34321,432
34322,432
34323,432
34324,432
34325,432
34326,432
34327,432
34328,432
34329,432
34330,432
34331,432
34332,432
34333,432
34334,432
34335,432
34336,432
34337,432
34338,432
34339,432
34340,432
34341,432
34342,432
34343,432
34344,432
34345,432
34346,432
34347,432
34348,432
34349,432
34350,432
34351,432
34352,432
34353,432
34354,432
34355,432
34356,432
34357,432
34358,432
34359,432
34360,432
34361,432
34362,432
34363,432
34364,432
34365,432
34366,432
34367,432
34368,432
34369,432
34370,432
34371,432
34372,432
34373,432
34374,432
34375,432
34376,432
34377,432
34378,432
34379,432
34380,432
34381,432
34382,432
34383,432
34384,432
34385,432
34386,432
34387,432
34388,432
34389,432
34390,432
34391,432
34392,432
34393,432
34394,432
34395,432
34396,432
34397,432
34398,432
34399,432
34400,432
34401,432
34402,432
34403,432
34404,432
34405,432
34406,432
34407,432
34408,432
34409,432
34410,432
34411,432
34412,432
34413,432
34414,432
34415,432
34416,432
34417,432
34418,432
34419,432
34420,432
34421,432
34422,432
34423,432
34424,432
34425,432
34426,432
34427,432
34428,432
34429,432
34430,432
34431,432
34432,432
34433,432
34434,432
34435,432
34436,432
34437,432
34438,432
34439,432
34440,432
34441,432
34442,432
34443,432
34444,432
34445,432
34446,432
34447,432
34448,432
34449,432
34450,432
34451,432
34452,432
34453,432
34454,432
34455,432
34456,432
34457,432
34458,432
34459,432
34460,432
34461,432
34462,432
34463,432
34464,432
34465,432
34466,432
34467,432
34468,432
34469,432
34470,432
34471,432
34472,432
34473,432
34474,432
34475,432
34476,432
34477,432
34478,432
34479,432
34480,432
34481,432
34482,432
34483,432
34484,432
34485,432
34486,432
34487,432
34488,432
34489,432
34490,432
34491,432
34492,432
34493,432
34494,432
34495,432
34496,432
34497,432
34498,432
34499,432
34500,432
34501,432
34502,432
34503,432
34504,432
34505,432
34506,432
34507,432
34508,432
34509,432
34510,432
34511,432
34512,432
34513,432
34514,432
34515,432
34516,432
34517,432
34518,432
34519,432
34520,432
34521,432
34522,432
34523,432
34524,432
34525,432
34526,432
34527,432
34528,432
34529,432
34530,432
34531,432
34532,432
34533,432
34534,432
34535,432
34536,432
34537,432
34538,432
34539,432
34540,432
34541,432
34542,432
34543,432
34544,432
34545,432
34546,432
34547,432
34548,432
34549,432
34550,432
34551,432
34552,432
34553,432
34554,432
34555,432
34556,432
34557,432
34558,432
34559,432
34560,432
34561,432
34562,432
34563,432
34564,432
34565,432
34566,432
34567,432
34568,432
34569,432
34570,432
34571,432
34572,432
34573,432
34574,432
34575,432
34576,432
34577,432
34578,432
34579,432
34580,432
34581,432
34582,432
34583,432
34584,432
34585,432
34586,432
34587,432
34588,432
34589,432
34590,432
34591,432
34592,432
34593,432
34594,432
34595,432
34596,432
34597,432
34598,432
34599,432
34600,432
34601,432
34602,432
34603,432
34604,432
34605,432
34606,432
34607,432
34608,432
34609,432
34610,432
34611,432
34612,432
34613,432
34614,432
34615,432
34616,432
34617,432
34618,432
34619,432
34620,432
34621,432
34622,432
34623,432
34624,432
34625,432
34626,432
34627,432
34628,432
34629,432
34630,432
34631,432
34632,432
34633,432
34634,432
34635,432
34636,432
34637,432
34638,432
34639,432
34640,432
34641,432
34642,432
34643,432
34644,432
34645,432
34646,432
34647,432
34648,432
34649,432
34650,432
34651,432
34652,432
34653,432
34654,432
34655,432
34656,432
34657,432
34658,432
34659,432
34660,432
34661,432
34662,432
34663,432
34664,432
34665,432
34666,432
34667,432
34668,432
34669,432
34670,432
34671,432
34672,432
34673,432
34674,432
34675,432
34676,432
34677,432
34678,432
34679,432
34680,432
34681,432
34682,432
34683,432
34684,432
34685,432
34686,432
34687,432
34688,432
34689,432
34690,432
34691,432
34692,432
34693,432
34694,432
34695,432
34696,432
34697,432
34698,432
34699,432
34700,432
34701,432
34702,432
34703,432
34704,432
34705,432
34706,432
34707,432
34708,432
34709,432
34710,432
34711,432
34712,432
34713,432
34714,432
34715,432
34716,432
34717,432
34718,432
34719,432
34720,432
34721,432
34722,432
34723,432
34724,432
34725,432
34726,432
34727,432
34728,432
34729,432
34730,432
34731,432
34732,432
34733,432
34734,432
34735,432
34736,432
34737,432
34738,432
34739,432
34740,432
34741,432
34742,432
34743,432
34744,432
34745,432
34746,432
34747,432
34748,432
34749,432
34750,432
34751,432
34752,432
34753,432
34754,432
34755,432
34756,432
34757,432
34758,432
34759,432
34760,432
34761,432
34762,432
34763,432
34764,432
34765,432
34766,432
34767,432
34768,432
34769,432
34770,432
34771,432
34772,432
34773,432
34774,432
34775,432
34776,432
34777,432
34778,432
34779,432
34780,432
34781,432
34782,432
34783,432
34784,432
34785,432
34786,432
34787,432
34788,432
34789,432
34790,432
34791,432
34792,432
34793,432
34794,432
34795,432
34796,432
34797,432
34798,432
34799,432
34800,432
34801,432
34802,432
34803,432
34804,432
34805,432
34806,432
34807,432
34808,432
34809,432
34810,432
34811,432
34812,432
34813,432
34814,432
34815,432
34816,432
34817,432
34818,432
34819,432
34820,432
34821,432
34822,432
34823,432
34824,432
34825,432
34826,432
34827,432
34828,432
34829,432
34830,432
34831,432
34832,432
34833,432
34834,432
34835,432
34836,432
34837,432
34838,432
34839,432
34840,432
34841,432
34842,432
34843,432
34844,432
34845,432
34846,432
34847,432
34848,432
34849,432
34850,432
34851,432
34852,432
34853,432
34854,432
34855,432
34856,432
34857,432
34858,432
34859,432
34860,432
34861,432
34862,432
34863,432
34864,432
34865,432
34866,432
34867,432
34868,432
34869,432
34870,432
34871,432
34872,432
34873,432
34874,432
34875,432
34876,432
34877,432
34878,432
34879,432
34880,432
34881,432
34882,432
34883,432
34884,432
34885,432
34886,432
34887,432
34888,432
34889,432
34890,432
34891,432
34892,432
34893,432
34894,432
34895,432
34896,432
34897,432
34898,432
34899,432
34900,432
34901,432
34902,432
34903,432
34904,432
34905,432
34906,432
34907,432
34908,432
34909,432
34910,432
34911,432
34912,432
34913,432
34914,432
34915,432
34916,432
34917,432
34918,432
34919,432
34920,432
34921,432
34922,432
34923,432
34924,432
34925,432
34926,432
34927,432
34928,432
34929,432
34930,432
34931,432
34932,432
34933,432
34934,432
34935,432
34936,432
34937,432
34938,432
34939,432
34940,432
34941,432
34942,432
34943,432
34944,432
34945,432
34946,432
34947,432
34948,432
34949,432
34950,432
34951,432
34952,432
34953,432
34954,432
34955,432
34956,432
34957,432
34958,432
34959,432
34960,432
34961,432
34962,432
34963,432
34964,432
34965,432
34966,432
34967,432
34968,432
34969,432
34970,432
34971,432
34972,432
34973,432
34974,432
34975,432
34976,432
34977,432
34978,432
34979,432
34980,432
34981,432
34982,432
34983,432
34984,432
34985,432
34986,432
34987,432
34988,432
34989,432
34990,432
34991,432
34992,432
34993,432
34994,432
34995,432
34996,432
34997,432
34998,432
34999,432
35000,432
35001,432
35002,432
35003,432
35004,432
35005,432
35006,432
35007,432
35008,432
35009,432
35010,432
35011,432
35012,432
35013,432
35014,432
35015,432
35016,432
35017,432
35018,432
35019,432
35020,432
35021,432
35022,432
35023,432
35024,432
35025,432
35026,432
35027,432
35028,432
35029,432
35030,432
35031,432
35032,432
35033,432
35034,432
35035,432
35036,432
35037,432
35038,432
35039,432
35040,432
35041,432
35042,432
35043,432
35044,432
35045,432
35046,432
35047,432
35048,432
35049,432
35050,432
35051,432
35052,432
35053,432
35054,432
35055,432
35056,432
35057,432
35058,432
35059,432
35060,432
35061,432
35062,432
35063,432
35064,432
35065,432
35066,432
35067,432
35068,432
35069,432
35070,432
35071,432
35072,432
35073,432
35074,432
35075,432
35076,432
35077,432
35078,432
35079,432
35080,432
35081,432
35082,432
35083,432
35084,432
35085,432
35086,432
35087,432
35088,432
35089,432
35090,432
35091,432
35092,432
35093,432
35094,432
35095,432
35096,432
35097,432
35098,432
35099,432
35100,432
35101,432
35102,432
35103,432
35104,432
35105,432
35106,432
35107,432
35108,432
35109,432
35110,432
35111,432
35112,432
35113,432
35114,432
35115,432
35116,432
35117,432
35118,432
35119,432
35120,432
35121,432
35122,432
35123,432
35124,432
35125,432
35126,432
35127,432
35128,432
35129,432
35130,432
35131,432
35132,432
35133,432
35134,432
35135,432
35136,432
35137,432
35138,432
35139,432
35140,432
35141,432
35142,432
35143,432
35144,432
35145,432
35146,432
35147,432
35148,432
35149,432
35150,432
35151,432
35152,432
35153,432
35154,432
35155,432
35156,432
35157,432
35158,432
35159,432
35160,432
35161,432
35162,432
35163,432
35164,432
35165,432
35166,432
35167,432
35168,432
35169,432
35170,432
35171,432
35172,432
35173,432
35174,432
35175,432
35176,432
35177,432
35178,432
35179,432
35180,432
35181,432
35182,432
35183,432
35184,432
35185,432
35186,432
35187,432
35188,432
35189,432
35190,432
35191,432
35192,432
35193,432
35194,432
35195,432
35196,432
35197,432
35198,432
35199,432
35200,432
35201,432
35202,432
35203,432
35204,432
35205,432
35206,432
35207,432
35208,432
35209,432
35210,432
35211,432
35212,432
35213,432
35214,432
35215,432
35216,432
35217,432
35218,432
35219,432
35220,432
35221,432
35222,432
35223,432
35224,432
35225,432
35226,432
35227,432
35228,432
35229,432
35230,432
35231,432
35232,432
35233,432
35234,432
35235,432
35236,432
35237,432
35238,432
35239,432
35240,432
35241,432
35242,432
35243,432
35244,432
35245,432
35246,432
35247,432
35248,432
35249,432
35250,432
35251,432
35252,432
35253,432
35254,432
35255,432
35256,432
35257,432
35258,432
35259,432
35260,432
35261,432
35262,432
35263,432
35264,432
35265,432
35266,432
35267,432
35268,432
35269,432
35270,432
35271,432
35272,432
35273,432
35274,432
35275,432
35276,432
35277,432
35278,432
35279,432
35280,432
35281,432
35282,432
35283,432
35284,432
35285,432
35286,432
35287,432
35288,432
35289,432
35290,432
35291,432
35292,432
35293,432
35294,432
35295,432
35296,432
35297,432
35298,432
35299,432
35300,432
35301,432
35302,432
35303,432
35304,432
35305,432
35306,432
35307,432
35308,432
35309,432
35310,432
35311,432
35312,432
35313,432
35314,432
35315,432
35316,432
35317,432
35318,432
35319,432
35320,432
35321,432
35322,432
35323,432
35324,432
35325,432
35326,432
35327,432
35328,432
35329,432
35330,432
35331,432
35332,432
35333,432
35334,432
35335,432
35336,432
35337,432
35338,432
35339,432
35340,432
35341,432
35342,432
35343,432
35344,432
35345,432
35346,432
35347,432
35348,432
35349,432
35350,432
35351,432
35352,432
35353,432
35354,432
35355,432
35356,432
35357,432
35358,432
35359,432
35360,432
35361,432
35362,432
35363,432
35364,432
35365,432
35366,432
35367,432
35368,432
35369,432
35370,432
35371,432
35372,432
35373,432
35374,432
35375,432
35376,432
35377,432
35378,432
35379,432
35380,432
35381,432
35382,432
35383,432
35384,432
35385,432
35386,432
35387,432
35388,432
35389,432
35390,432
35391,432
35392,432
35393,432
35394,432
35395,432
35396,432
35397,432
35398,432
35399,432
35400,432
35401,432
35402,432
35403,432
35404,432
35405,432
35406,432
35407,432
35408,432
35409,432
35410,432
35411,432
35412,432
35413,432
35414,432
35415,432
35416,432
35417,432
35418,432
35419,432
35420,432
35421,432
35422,432
35423,432
35424,432
35425,432
35426,432
35427,432
35428,432
35429,432
35430,432
35431,432
35432,432
35433,432
35434,432
35435,432
35436,432
35437,432
35438,432
35439,432
35440,432
35441,432
35442,432
35443,432
35444,432
35445,432
35446,432
35447,432
35448,432
35449,432
35450,432
35451,432
35452,432
35453,432
35454,432
35455,432
35456,432
35457,432
35458,432
35459,432
35460,432
35461,432
35462,432
35463,432
35464,432
35465,432
35466,432
35467,432
35468,432
35469,432
35470,432
35471,432
35472,432
35473,432
35474,432
35475,432
35476,432
35477,432
35478,432
35479,432
35480,432
35481,432
35482,432
35483,432
35484,432
35485,432
35486,432
35487,432
35488,432
35489,432
35490,432
35491,432
35492,432
35493,432
35494,432
35495,432
35496,432
35497,432
35498,432
35499,432
35500,432
35501,432
35502,432
35503,432
35504,432
35505,432
35506,432
35507,432
35508,432
35509,432
35510,432
35511,432
35512,432
35513,432
35514,432
35515,432
35516,432
35517,432
35518,432
35519,432
35520,432
35521,432
35522,432
35523,432
35524,432
35525,432
35526,432
35527,432
35528,432
35529,432
35530,432
35531,432
35532,432
35533,432
35534,432
35535,432
35536,432
35537,432
35538,432
35539,432
35540,432
35541,432
35542,432
35543,432
35544,432
35545,432
35546,432
35547,432
35548,432
35549,432
35550,432
35551,432
35552,432
35553,432
35554,432
35555,432
35556,432
35557,432
35558,432
35559,432
35560,432
35561,432
35562,432
35563,432
35564,432
35565,432
35566,432
35567,432
35568,432
35569,432
35570,432
35571,432
35572,432
35573,432
35574,432
35575,432
35576,432
35577,432
35578,432
35579,432
35580,432
35581,432
35582,432
35583,432
35584,432
35585,432
35586,432
35587,432
35588,432
35589,432
35590,432
35591,432
35592,432
35593,432
35594,432
35595,432
35596,432
35597,432
35598,432
35599,432
35600,432
35601,432
35602,432
35603,432
35604,432
35605,432
35606,432
35607,432
35608,432
35609,432
35610,432
35611,432
35612,432
35613,432
35614,432
35615,432
35616,432
35617,432
35618,432
35619,432
35620,432
35621,432
35622,432
35623,432
35624,432
35625,432
35626,432
35627,432
35628,432
35629,432
35630,432
35631,432
35632,432
35633,432
35634,432
35635,432
35636,432
35637,432
35638,432
35639,432
35640,432
35641,432
35642,432
35643,432
35644,432
35645,432
35646,432
35647,432
35648,432
35649,432
35650,432
35651,432
35652,432
35653,432
35654,432
35655,432
35656,432
35657,432
35658,432
35659,432
35660,432
35661,432
35662,432
35663,432
35664,432
35665,432
35666,432
35667,432
35668,432
35669,432
35670,432
35671,432
35672,432
35673,432
35674,432
35675,432
35676,432
35677,432
35678,432
35679,432
35680,432
35681,432
35682,432
35683,432
35684,432
35685,432
35686,432
35687,432
35688,432
35689,432
35690,432
35691,432
35692,432
35693,432
35694,432
35695,432
35696,432
35697,432
35698,432
35699,432
35700,432
35701,432
35702,432
35703,432
35704,432
35705,432
35706,432
35707,432
35708,432
35709,432
35710,432
35711,432
35712,432
35713,432
35714,432
35715,432
35716,432
35717,432
35718,432
35719,432
35720,432
35721,432
35722,432
35723,432
35724,432
35725,432
35726,432
35727,432
35728,432
35729,432
35730,432
35731,432
35732,432
35733,432
35734,432
35735,432
35736,432
35737,432
35738,432
35739,432
35740,432
35741,432
35742,432
35743,432
35744,432
35745,432
35746,432
35747,432
35748,432
35749,432
35750,432
35751,432
35752,432
35753,432
35754,432
35755,432
35756,432
35757,432
35758,432
35759,432
35760,432
35761,432
35762,432
35763,432
35764,432
35765,432
35766,432
35767,432
35768,432
35769,432
35770,432
35771,432
35772,432
35773,432
35774,432
35775,432
35776,432
35777,432
35778,432
35779,432
35780,432
35781,432
35782,432
35783,432
35784,432
35785,432
35786,432
35787,432
35788,432
35789,432
35790,432
35791,432
35792,432
35793,432
35794,432
35795,432
35796,432
35797,432
35798,432
35799,432
35800,432
35801,432
35802,432
35803,432
35804,432
35805,432
35806,432
35807,432
35808,432
35809,432
35810,432
35811,432
35812,432
35813,432
35814,432
35815,432
35816,432
35817,432
35818,432
35819,432
35820,432
35821,432
35822,432
35823,432
35824,432
35825,432
35826,432
35827,432
35828,432
35829,432
35830,432
35831,432
35832,432
35833,432
35834,432
35835,432
35836,432
35837,432
35838,432
35839,432
35840,432
35841,432
35842,432
35843,432
35844,432
35845,432
35846,432
35847,432
35848,432
35849,432
35850,432
35851,432
35852,432
35853,432
35854,432
35855,432
35856,432
35857,432
35858,432
35859,432
35860,432
35861,432
35862,432
35863,432
35864,432
35865,432
35866,432
35867,432
35868,432
35869,432
35870,432
35871,432
35872,432
35873,432
35874,432
35875,432
35876,432
35877,432
35878,432
35879,432
35880,432
35881,432
35882,432
35883,432
35884,432
35885,432
35886,432
35887,432
35888,432
35889,432
35890,432
35891,432
35892,432
35893,432
35894,432
35895,432
35896,432
35897,432
35898,432
35899,432
35900,432
35901,432
35902,432
35903,432
35904,432
35905,432
35906,432
35907,432
35908,432
35909,432
35910,432
35911,432
35912,432
35913,432
35914,432
35915,432
35916,432
35917,432
35918,432
35919,432
35920,432
35921,432
35922,432
35923,432
35924,432
35925,432
35926,432
35927,432
35928,432
35929,432
35930,432
35931,432
35932,432
35933,432
35934,432
35935,432
35936,432
35937,432
35938,432
35939,432
35940,432
35941,432
35942,432
35943,432
35944,432
35945,432
35946,432
35947,432
35948,432
35949,432
35950,432
35951,432
35952,432
35953,432
35954,432
35955,432
35956,432
35957,432
35958,432
35959,432
35960,432
35961,432
35962,432
35963,432
35964,432
35965,432
35966,432
35967,432
35968,432
35969,432
35970,432
35971,432
35972,432
35973,432
35974,432
35975,432
35976,432
35977,432
35978,432
35979,432
35980,432
35981,432
35982,432
35983,432
35984,432
35985,432
35986,432
35987,432
35988,432
35989,432
35990,432
35991,432
35992,432
35993,432
35994,432
35995,432
35996,432
35997,432
35998,432
35999,432
36000,432
36001,432
36002,432
36003,432
36004,432
36005,432
36006,432
36007,432
36008,432
36009,432
36010,432
36011,432
36012,432
36013,432
36014,432
36015,432
36016,432
36017,432
36018,432
36019,432
36020,432
36021,432
36022,432
36023,432
36024,432
36025,432
36026,432
36027,432
36028,432
36029,432
36030,432
36031,432
36032,432
36033,432
36034,432
36035,432
36036,432
36037,432
36038,432
36039,432
36040,432
36041,432
36042,432
36043,432
36044,432
36045,432
36046,432
36047,432
36048,432
36049,432
36050,432
36051,432
36052,432
36053,432
36054,432
36055,432
36056,432
36057,432
36058,432
36059,432
36060,432
36061,432
36062,432
36063,432
36064,432
36065,432
36066,432
36067,432
36068,432
36069,432
36070,432
36071,432
36072,432
36073,432
36074,432
36075,432
36076,432
36077,432
36078,432
36079,432
36080,432
36081,432
36082,432
36083,432
36084,432
36085,432
36086,432
36087,432
36088,432
36089,432
36090,432
36091,432
36092,432
36093,432
36094,432
36095,432
36096,432
36097,432
36098,432
36099,432
36100,432
36101,432
36102,432
36103,432
36104,432
36105,432
36106,432
36107,432
36108,432
36109,432
36110,432
36111,432
36112,432
36113,432
36114,432
36115,432
36116,432
36117,432
36118,432
36119,432
36120,432
36121,432
36122,432
36123,432
36124,432
36125,432
36126,432
36127,432
36128,432
36129,432
36130,432
36131,432
36132,432
36133,432
36134,432
36135,432
36136,432
36137,432
36138,432
36139,432
36140,432
36141,432
36142,432
36143,432
36144,432
36145,432
36146,432
36147,432
36148,432
36149,432
36150,432
36151,432
36152,432
36153,432
36154,432
36155,432
36156,432
36157,432
36158,432
36159,432
36160,432
36161,432
36162,432
36163,432
36164,432
36165,432
36166,432
36167,432
36168,432
36169,432
36170,432
36171,432
36172,432
36173,432
36174,432
36175,432
36176,432
36177,432
36178,432
36179,432
36180,432
36181,432
36182,432
36183,432
36184,432
36185,432
36186,432
36187,432
36188,432
36189,432
36190,432
36191,432
36192,432
36193,432
36194,432
36195,432
36196,432
36197,432
36198,432
36199,432
36200,432
36201,432
36202,432
36203,432
36204,432
36205,432
36206,432
36207,432
36208,432
36209,432
36210,432
36211,432
36212,432
36213,432
36214,432
36215,432
36216,432
36217,432
36218,432
36219,432
36220,432
36221,432
36222,432
36223,432
36224,432
36225,432
36226,432
36227,432
36228,432
36229,432
36230,432
36231,432
36232,432
36233,432
36234,432
36235,432
36236,432
36237,432
36238,432
36239,432
36240,432
36241,432
36242,432
36243,432
36244,432
36245,432
36246,432
36247,432
36248,432
36249,432
36250,432
36251,432
36252,432
36253,432
36254,432
36255,432
36256,432
36257,432
36258,432
36259,432
36260,432
36261,432
36262,432
36263,432
36264,432
36265,432
36266,432
36267,432
36268,432
36269,432
36270,432
36271,432
36272,432
36273,432
36274,432
36275,432
36276,432
36277,432
36278,432
36279,432
36280,432
36281,432
36282,432
36283,432
36284,432
36285,432
36286,432
36287,432
36288,432
36289,432
36290,432
36291,432
36292,432
36293,432
36294,432
36295,432
36296,432
36297,432
36298,432
36299,432
36300,432
36301,432
36302,432
36303,432
36304,432
36305,432
36306,432
36307,432
36308,432
36309,432
36310,432
36311,432
36312,432
36313,432
36314,432
36315,432
36316,432
36317,432
36318,432
36319,432
36320,432
36321,432
36322,432
36323,432
36324,432
36325,432
36326,432
36327,432
36328,432
36329,432
36330,432
36331,432
36332,432
36333,432
36334,432
36335,432
36336,432
36337,432
36338,432
36339,432
36340,432
36341,432
36342,432
36343,432
36344,432
36345,432
36346,432
36347,432
36348,432
36349,432
36350,432
36351,432
36352,432
36353,432
36354,432
36355,432
36356,432
36357,432
36358,432
36359,432
36360,432
36361,432
36362,432
36363,432
36364,432
36365,432
36366,432
36367,432
36368,432
36369,432
36370,432
36371,432
36372,432
36373,432
36374,432
36375,432
36376,432
36377,432
36378,432
36379,432
36380,432
36381,432
36382,432
36383,432
36384,432
36385,432
36386,432
36387,432
36388,432
36389,432
36390,432
36391,432
36392,432
36393,432
36394,432
36395,432
36396,432
36397,432
36398,432
36399,432
36400,432
36401,432
36402,432
36403,432
36404,432
36405,432
36406,432
36407,432
36408,432
36409,432
36410,432
36411,432
36412,432
36413,432
36414,432
36415,432
36416,432
36417,432
36418,432
36419,432
36420,432
36421,432
36422,432
36423,432
36424,432
36425,432
36426,432
36427,432
36428,432
36429,432
36430,432
36431,432
36432,432
36433,432
36434,432
36435,432
36436,432
36437,432
36438,432
36439,432
36440,432
36441,432
36442,432
36443,432
36444,432
36445,432
36446,432
36447,432
36448,432
36449,432
36450,432
36451,432
36452,432
36453,432
36454,432
36455,432
36456,432
36457,432
36458,432
36459,432
36460,432
36461,432
36462,432
36463,432
36464,432
36465,432
36466,432
36467,432
36468,432
36469,432
36470,432
36471,432
36472,432
36473,432
36474,432
36475,432
36476,432
36477,432
36478,432
36479,432
36480,432
36481,432
36482,432
36483,432
36484,432
36485,432
36486,432
36487,432
36488,432
36489,432
36490,432
36491,432
36492,432
36493,432
36494,432
36495,432
36496,432
36497,432
36498,432
36499,432
36500,432
36501,432
36502,432
36503,432
36504,432
36505,432
36506,432
36507,432
36508,432
36509,432
36510,432
36511,432
36512,432
36513,432
36514,432
36515,432
36516,432
36517,432
36518,432
36519,432
36520,432
36521,432
36522,432
36523,432
36524,432
36525,432
36526,432
36527,432
36528,432
36529,432
36530,432
36531,432
36532,432
36533,432
36534,432
36535,432
36536,432
36537,432
36538,432
36539,432
36540,432
36541,432
36542,432
36543,432
36544,432
36545,432
36546,432
36547,432
36548,432
36549,432
36550,432
36551,432
36552,432
36553,432
36554,432
36555,432
36556,432
36557,432
36558,432
36559,432
36560,432
36561,432
36562,432
36563,432
36564,432
36565,432
36566,432
36567,432
36568,432
36569,432
36570,432
36571,432
36572,432
36573,432
36574,432
36575,432
36576,432
36577,432
36578,432
36579,432
36580,432
36581,432
36582,432
36583,432
36584,432
36585,432
36586,432
36587,432
36588,432
36589,432
36590,432
36591,432
36592,432
36593,432
36594,432
36595,432
36596,432
36597,432
36598,432
36599,432
36600,432
36601,432
36602,432
36603,432
36604,432
36605,432
36606,432
36607,432
36608,432
36609,432
36610,432
36611,432
36612,432
36613,432
36614,432
36615,432
36616,432
36617,432
36618,432
36619,432
36620,432
36621,432
36622,432
36623,432
36624,432
36625,432
36626,432
36627,432
36628,432
36629,432
36630,432
36631,432
36632,432
36633,432
36634,432
36635,432
36636,432
36637,432
36638,432
36639,432
36640,432
36641,432
36642,432
36643,432
36644,432
36645,432
36646,432
36647,432
36648,432
36649,432
36650,432
36651,432
36652,432
36653,432
36654,432
36655,432
36656,432
36657,432
36658,432
36659,432
36660,432
36661,432
36662,432
36663,432
36664,432
36665,432
36666,432
36667,432
36668,432
36669,432
36670,432
36671,432
36672,432
36673,432
36674,432
36675,432
36676,432
36677,432
36678,432
36679,432
36680,432
36681,432
36682,432
36683,432
36684,432
36685,432
36686,432
36687,432
36688,432
36689,432
36690,432
36691,432
36692,432
36693,432
36694,432
36695,432
36696,432
36697,432
36698,432
36699,432
36700,432
36701,432
36702,432
36703,432
36704,432
36705,432
36706,432
36707,432
36708,432
36709,432
36710,432
36711,432
36712,432
36713,432
36714,432
36715,432
36716,432
36717,432
36718,432
36719,432
36720,432
36721,432
36722,432
36723,432
36724,432
36725,432
36726,432
36727,432
36728,432
36729,432
36730,432
36731,432
36732,432
36733,432
36734,432
36735,432
36736,432
36737,432
36738,432
36739,432
36740,432
36741,432
36742,432
36743,432
36744,432
36745,432
36746,432
36747,432
36748,432
36749,432
36750,432
36751,432
36752,432
36753,432
36754,432
36755,432
36756,432
36757,432
36758,432
36759,432
36760,432
36761,432
36762,432
36763,432
36764,432
36765,432
36766,432
36767,432
36768,432
36769,432
36770,432
36771,432
36772,432
36773,432
36774,432
36775,432
36776,432
36777,432
36778,432
36779,432
36780,432
36781,432
36782,432
36783,432
36784,432
36785,432
36786,432
36787,432
36788,432
36789,432
36790,432
36791,432
36792,432
36793,432
36794,432
36795,432
36796,432
36797,432
36798,432
36799,432
36800,432
36801,432
36802,432
36803,432
36804,432
36805,432
36806,432
36807,432
36808,432
36809,432
36810,432
36811,432
36812,432
36813,432
36814,432
36815,432
36816,432
36817,432
36818,432
36819,432
36820,432
36821,432
36822,432
36823,432
36824,432
36825,432
36826,432
36827,432
36828,432
36829,432
36830,432
36831,432
36832,432
36833,432
36834,432
36835,432
36836,432
36837,432
36838,432
36839,432
36840,432
36841,432
36842,432
36843,432
36844,432
36845,432
36846,432
36847,432
36848,432
36849,432
36850,432
36851,432
36852,432
36853,432
36854,432
36855,432
36856,432
36857,432
36858,432
36859,432
36860,432
36861,432
36862,432
36863,432
36864,432
36865,432
36866,432
36867,432
36868,432
36869,432
36870,432
36871,432
36872,432
36873,432
36874,432
36875,432
36876,432
36877,432
36878,432
36879,432
36880,432
36881,432
36882,432
36883,432
36884,432
36885,432
36886,432
36887,432
36888,432
36889,432
36890,432
36891,432
36892,432
36893,432
36894,432
36895,432
36896,432
36897,432
36898,432
36899,432
36900,432
36901,432
36902,432
36903,432
36904,432
36905,432
36906,432
36907,432
36908,432
36909,432
36910,432
36911,432
36912,432
36913,432
36914,432
36915,432
36916,432
36917,432
36918,432
36919,432
36920,432
36921,432
36922,432
36923,432
36924,432
36925,432
36926,432
36927,432
36928,432
36929,432
36930,432
36931,432
36932,432
36933,432
36934,432
36935,432
36936,432
36937,432
36938,432
36939,432
36940,432
36941,432
36942,432
36943,432
36944,432
36945,432
36946,432
36947,432
36948,432
36949,432
36950,432
36951,432
36952,432
36953,432
36954,432
36955,432
36956,432
36957,432
36958,432
36959,432
36960,432
36961,432
36962,432
36963,432
36964,432
36965,432
36966,432
36967,432
36968,432
36969,432
36970,432
36971,432
36972,432
36973,432
36974,432
36975,432
36976,432
36977,432
36978,432
36979,432
36980,432
36981,432
36982,432
36983,432
36984,432
36985,432
36986,432
36987,432
36988,432
36989,432
36990,432
36991,432
36992,432
36993,432
36994,432
36995,432
36996,432
36997,432
36998,432
36999,432
37000,432
37001,432
37002,432
37003,432
37004,432
37005,432
37006,432
37007,432
37008,432
37009,432
37010,432
37011,432
37012,432
37013,432
37014,432
37015,432
37016,432
37017,432
37018,432
37019,432
37020,432
37021,432
37022,432
37023,432
37024,432
37025,432
37026,432
37027,432
37028,432
37029,432
37030,432
37031,432
37032,432
37033,432
37034,432
37035,432
37036,432
37037,432
37038,432
37039,432
37040,432
37041,432
37042,432
37043,432
37044,432
37045,432
37046,432
37047,432
37048,432
37049,432
37050,432
37051,432
37052,432
37053,432
37054,432
37055,432
37056,432
37057,432
37058,432
37059,432
37060,432
37061,432
37062,432
37063,432
37064,432
37065,432
37066,432
37067,432
37068,432
37069,432
37070,432
37071,432
37072,432
37073,432
37074,432
37075,432
37076,432
37077,432
37078,432
37079,432
37080,432
37081,432
37082,432
37083,432
37084,432
37085,432
37086,432
37087,432
37088,432
37089,432
37090,432
37091,432
37092,432
37093,432
37094,432
37095,432
37096,432
37097,432
37098,432
37099,432
37100,432
37101,432
37102,432
37103,432
37104,432
37105,432
37106,432
37107,432
37108,432
37109,432
37110,432
37111,432
37112,432
37113,432
37114,432
37115,432
37116,432
37117,432
37118,432
37119,432
37120,432
37121,432
37122,432
37123,432
37124,432
37125,432
37126,432
37127,432
37128,432
37129,432
37130,432
37131,432
37132,432
37133,432
37134,432
37135,432
37136,432
37137,432
37138,432
37139,432
37140,432
37141,432
37142,432
37143,432
37144,432
37145,432
37146,432
37147,432
37148,432
37149,432
37150,432
37151,432
37152,432
37153,432
37154,432
37155,432
37156,432
37157,432
37158,432
37159,432
37160,432
37161,432
37162,432
37163,432
37164,432
37165,432
37166,432
37167,432
37168,432
37169,432
37170,432
37171,432
37172,432
37173,432
37174,432
37175,432
37176,432
37177,432
37178,432
37179,432
37180,432
37181,432
37182,432
37183,432
37184,432
37185,432
37186,432
37187,432
37188,432
37189,432
37190,432
37191,432
37192,432
37193,432
37194,432
37195,432
37196,432
37197,432
37198,432
37199,432
37200,432
37201,432
37202,432
37203,432
37204,432
37205,432
37206,432
37207,432
37208,432
37209,432
37210,432
37211,432
37212,432
37213,432
37214,432
37215,432
37216,432
37217,432
37218,432
37219,432
37220,432
37221,432
37222,432
37223,432
37224,432
37225,432
37226,432
37227,432
37228,432
37229,432
37230,432
37231,432
37232,432
37233,432
37234,432
37235,432
37236,432
37237,432
37238,432
37239,432
37240,432
37241,432
37242,432
37243,432
37244,432
37245,432
37246,432
37247,432
37248,432
37249,432
37250,432
37251,432
37252,432
37253,432
37254,432
37255,432
37256,432
37257,432
37258,432
37259,432
37260,432
37261,432
37262,432
37263,432
37264,432
37265,432
37266,432
37267,432
37268,432
37269,432
37270,432
37271,432
37272,432
37273,432
37274,432
37275,432
37276,432
37277,432
37278,432
37279,432
37280,432
37281,432
37282,432
37283,432
37284,432
37285,432
37286,432
37287,432
37288,432
37289,432
37290,432
37291,432
37292,432
37293,432
37294,432
37295,432
37296,432
37297,432
37298,432
37299,432
37300,432
37301,432
37302,432
37303,432
37304,432
37305,432
37306,432
37307,432
37308,432
37309,432
37310,432
37311,432
37312,432
37313,432
37314,432
37315,432
37316,432
37317,432
37318,432
37319,432
37320,432
37321,432
37322,432
37323,432
37324,432
37325,432
37326,432
37327,432
37328,432
37329,432
37330,432
37331,432
37332,432
37333,432
37334,432
37335,432
37336,432
37337,432
37338,432
37339,432
37340,432
37341,432
37342,432
37343,432
37344,432
37345,432
37346,432
37347,432
37348,432
37349,432
37350,432
37351,432
37352,432
37353,432
37354,432
37355,432
37356,432
37357,432
37358,432
37359,432
37360,432
37361,432
37362,432
37363,432
37364,432
37365,432
37366,432
37367,432
37368,432
37369,432
37370,432
37371,432
37372,432
37373,432
37374,432
37375,432
37376,432
37377,432
37378,432
37379,432
37380,432
37381,432
37382,432
37383,432
37384,432
37385,432
37386,432
37387,432
37388,432
37389,432
37390,432
37391,432
37392,432
37393,432
37394,432
37395,432
37396,432
37397,432
37398,432
37399,432
37400,432
37401,432
37402,432
37403,432
37404,432
37405,432
37406,432
37407,432
37408,432
37409,432
37410,432
37411,432
37412,432
37413,432
37414,432
37415,432
37416,432
37417,432
37418,432
37419,432
37420,432
37421,432
37422,432
37423,432
37424,432
37425,432
37426,432
37427,432
37428,432
37429,432
37430,432
37431,432
37432,432
37433,432
37434,432
37435,432
37436,432
37437,432
37438,432
37439,432
37440,432
37441,432
37442,432
37443,432
37444,432
37445,432
37446,432
37447,432
37448,432
37449,432
37450,432
37451,432
37452,432
37453,432
37454,432
37455,432
37456,432
37457,432
37458,432
37459,432
37460,432
37461,432
37462,432
37463,432
37464,432
37465,432
37466,432
37467,432
37468,432
37469,432
37470,432
37471,432
37472,432
37473,432
37474,432
37475,432
37476,432
37477,432
37478,432
37479,432
37480,432
37481,432
37482,432
37483,432
37484,432
37485,432
37486,432
37487,432
37488,432
37489,432
37490,432
37491,432
37492,432
37493,432
37494,432
37495,432
37496,432
37497,432
37498,432
37499,432
37500,432
37501,432
37502,432
37503,432
37504,432
37505,432
37506,432
37507,432
37508,432
37509,432
37510,432
37511,432
37512,432
37513,432
37514,432
37515,432
37516,432
37517,432
37518,432
37519,432
37520,432
37521,432
37522,432
37523,432
37524,432
37525,432
37526,432
37527,432
37528,432
37529,432
37530,432
37531,432
37532,432
37533,432
37534,432
37535,432
37536,432
37537,432
37538,432
37539,432
37540,432
37541,432
37542,432
37543,432
37544,432
37545,432
37546,432
37547,432
37548,432
37549,432
37550,432
37551,432
37552,432
37553,432
37554,432
37555,432
37556,432
37557,432
37558,432
37559,432
37560,432
37561,432
37562,432
37563,432
37564,432
37565,432
37566,432
37567,432
37568,432
37569,432
37570,432
37571,432
37572,432
37573,432
37574,432
37575,432
37576,432
37577,432
37578,432
37579,432
37580,432
37581,432
37582,432
37583,432
37584,432
37585,432
37586,432
37587,432
37588,432
37589,432
37590,432
37591,432
37592,432
37593,432
37594,432
37595,432
37596,432
37597,432
37598,432
37599,432
37600,432
37601,432
37602,432
37603,432
37604,432
37605,432
37606,432
37607,432
37608,432
37609,432
37610,432
37611,432
37612,432
37613,432
37614,432
37615,432
37616,432
37617,432
37618,432
37619,432
37620,432
37621,432
37622,432
37623,432
37624,432
37625,432
37626,432
37627,432
37628,432
37629,432
37630,432
37631,432
37632,432
37633,432
37634,432
37635,432
37636,432
37637,432
37638,432
37639,432
37640,432
37641,432
37642,432
37643,432
37644,432
37645,432
37646,432
37647,432
37648,432
37649,432
37650,432
37651,432
37652,432
37653,432
37654,432
37655,432
37656,432
37657,432
37658,432
37659,432
37660,432
37661,432
37662,432
37663,432
37664,432
37665,432
37666,432
37667,432
37668,432
37669,432
37670,432
37671,432
37672,432
37673,432
37674,432
37675,432
37676,432
37677,432
37678,432
37679,432
37680,432
37681,432
37682,432
37683,432
37684,432
37685,432
37686,432
37687,432
37688,432
37689,432
37690,432
37691,432
37692,432
37693,432
37694,432
37695,432
37696,432
37697,432
37698,432
37699,432
37700,432
37701,432
37702,432
37703,432
37704,432
37705,432
37706,432
37707,432
37708,432
37709,432
37710,432
37711,432
37712,432
37713,432
37714,432
37715,432
37716,432
37717,432
37718,432
37719,432
37720,432
37721,432
37722,432
37723,432
37724,432
37725,432
37726,432
37727,432
37728,432
37729,432
37730,432
37731,432
37732,432
37733,432
37734,432
37735,432
37736,432
37737,432
37738,432
37739,432
37740,432
37741,432
37742,432
37743,432
37744,432
37745,432
37746,432
37747,432
37748,432
37749,432
37750,432
37751,432
37752,432
37753,432
37754,432
37755,432
37756,432
37757,432
37758,432
37759,432
37760,432
37761,432
37762,432
37763,432
37764,432
37765,432
37766,432
37767,432
37768,432
37769,432
37770,432
37771,432
37772,432
37773,432
37774,432
37775,432
37776,432
37777,432
37778,432
37779,432
37780,432
37781,432
37782,432
37783,432
37784,432
37785,432
37786,432
37787,432
37788,432
37789,432
37790,432
37791,432
37792,432
37793,432
37794,432
37795,432
37796,432
37797,432
37798,432
37799,432
37800,432
37801,432
37802,432
37803,432
37804,432
37805,432
37806,432
37807,432
37808,432
37809,432
37810,432
37811,432
37812,432
37813,432
37814,432
37815,432
37816,432
37817,432
37818,432
37819,432
37820,432
37821,432
37822,432
37823,432
37824,432
37825,432
37826,432
37827,432
37828,432
37829,432
37830,432
37831,432
37832,432
37833,432
37834,432
37835,432
37836,432
37837,432
37838,432
37839,432
37840,432
37841,432
37842,432
37843,432
37844,432
37845,432
37846,432
37847,432
37848,432
37849,432
37850,432
37851,432
37852,432
37853,432
37854,432
37855,432
37856,432
37857,432
37858,432
37859,432
37860,432
37861,432
37862,432
37863,432
37864,432
37865,432
37866,432
37867,432
37868,432
37869,432
37870,432
37871,432
37872,432
37873,432
37874,432
37875,432
37876,432
37877,432
37878,432
37879,432
37880,432
37881,432
37882,432
37883,432
37884,432
37885,432
37886,432
37887,432
37888,432
37889,432
37890,432
37891,432
37892,432
37893,432
37894,432
37895,432
37896,432
37897,432
37898,432
37899,432
37900,432
37901,432
37902,432
37903,432
37904,432
37905,432
37906,432
37907,432
37908,432
37909,432
37910,432
37911,432
37912,432
37913,432
37914,432
37915,432
37916,432
37917,432
37918,432
37919,432
37920,432
37921,432
37922,432
37923,432
37924,432
37925,432
37926,432
37927,432
37928,432
37929,432
37930,432
37931,432
37932,432
37933,432
37934,432
37935,432
37936,432
37937,432
37938,432
37939,432
37940,432
37941,432
37942,432
37943,432
37944,432
37945,432
37946,432
37947,432
37948,432
37949,432
37950,432
37951,432
37952,432
37953,432
37954,432
37955,432
37956,432
37957,432
37958,432
37959,432
37960,432
37961,432
37962,432
37963,432
37964,432
37965,432
37966,432
37967,432
37968,432
37969,432
37970,432
37971,432
37972,432
37973,432
37974,432
37975,432
37976,432
37977,432
37978,432
37979,432
37980,432
37981,432
37982,432
37983,432
37984,432
37985,432
37986,432
37987,432
37988,432
37989,432
37990,432
37991,432
37992,432
37993,432
37994,432
37995,432
37996,432
37997,432
37998,432
37999,432
38000,432
38001,432
38002,432
38003,432
38004,432
38005,432
38006,432
38007,432
38008,432
38009,432
38010,432
38011,432
38012,432
38013,432
38014,432
38015,432
38016,432
38017,432
38018,432
38019,432
38020,432
38021,432
38022,432
38023,432
38024,432
38025,432
38026,432
38027,432
38028,432
38029,432
38030,432
38031,432
38032,432
38033,432
38034,432
38035,432
38036,432
38037,432
38038,432
38039,432
38040,432
38041,432
38042,432
38043,432
38044,432
38045,432
38046,432
38047,432
38048,432
38049,432
38050,432
38051,432
38052,432
38053,432
38054,432
38055,432
38056,432
38057,432
38058,432
38059,432
38060,432
38061,432
38062,432
38063,432
38064,432
38065,432
38066,432
38067,432
38068,432
38069,432
38070,432
38071,432
38072,432
38073,432
38074,432
38075,432
38076,432
38077,432
38078,432
38079,432
38080,432
38081,432
38082,432
38083,432
38084,432
38085,432
38086,432
38087,432
38088,432
38089,432
38090,432
38091,432
38092,432
38093,432
38094,432
38095,432
38096,432
38097,432
38098,432
38099,432
38100,432
38101,432
38102,432
38103,432
38104,432
38105,432
38106,432
38107,432
38108,432
38109,432
38110,432
38111,432
38112,432
38113,432
38114,432
38115,432
38116,432
38117,432
38118,432
38119,432
38120,432
38121,432
38122,432
38123,432
38124,432
38125,432
38126,432
38127,432
38128,432
38129,432
38130,432
38131,432
38132,432
38133,432
38134,432
38135,432
38136,432
38137,432
38138,432
38139,432
38140,432
38141,432
38142,432
38143,432
38144,432
38145,432
38146,432
38147,432
38148,432
38149,432
38150,432
38151,432
38152,432
38153,432
38154,432
38155,432
38156,432
38157,432
38158,432
38159,432
38160,432
38161,432
38162,432
38163,432
38164,432
38165,432
38166,432
38167,432
38168,432
38169,432
38170,432
38171,432
38172,432
38173,432
38174,432
38175,432
38176,432
38177,432
38178,432
38179,432
38180,432
38181,432
38182,432
38183,432
38184,432
38185,432
38186,432
38187,432
38188,432
38189,432
38190,432
38191,432
38192,432
38193,432
38194,432
38195,432
38196,432
38197,432
38198,432
38199,432
38200,432
38201,432
38202,432
38203,432
38204,432
38205,432
38206,432
38207,432
38208,432
38209,432
38210,432
38211,432
38212,432
38213,432
38214,432
38215,432
38216,432
38217,432
38218,432
38219,432
38220,432
38221,432
38222,432
38223,432
38224,432
38225,432
38226,432
38227,432
38228,432
38229,432
38230,432
38231,432
38232,432
38233,432
38234,432
38235,432
38236,432
38237,432
38238,432
38239,432
38240,432
38241,432
38242,432
38243,432
38244,432
38245,432
38246,432
38247,432
38248,432
38249,432
38250,432
38251,432
38252,432
38253,432
38254,432
38255,432
38256,432
38257,432
38258,432
38259,432
38260,432
38261,432
38262,432
38263,432
38264,432
38265,432
38266,432
38267,432
38268,432
38269,432
38270,432
38271,432
38272,432
38273,432
38274,432
38275,432
38276,432
38277,432
38278,432
38279,432
38280,432
38281,432
38282,432
38283,432
38284,432
38285,432
38286,432
38287,432
38288,432
38289,432
38290,432
38291,432
38292,432
38293,432
38294,432
38295,432
38296,432
38297,432
38298,432
38299,432
38300,432
38301,432
38302,432
38303,432
38304,432
38305,432
38306,432
38307,432
38308,432
38309,432
38310,432
38311,432
38312,432
38313,432
38314,432
38315,432
38316,432
38317,432
38318,432
38319,432
38320,432
38321,432
38322,432
38323,432
38324,432
38325,432
38326,432
38327,432
38328,432
38329,432
38330,432
38331,432
38332,432
38333,432
38334,432
38335,432
38336,432
38337,432
38338,432
38339,432
38340,432
38341,432
38342,432
38343,432
38344,432
38345,432
38346,432
38347,432
38348,432
38349,432
38350,432
38351,432
38352,432
38353,432
38354,432
38355,432
38356,432
38357,432
38358,432
38359,432
38360,432
38361,432
38362,432
38363,432
38364,432
38365,432
38366,432
38367,432
38368,432
38369,432
38370,432
38371,432
38372,432
38373,432
38374,432
38375,432
38376,432
38377,432
38378,432
38379,432
38380,432
38381,432
38382,432
38383,432
38384,432
38385,432
38386,432
38387,432
38388,432
38389,432
38390,432
38391,432
38392,432
38393,432
38394,432
38395,432
38396,432
38397,432
38398,432
38399,432
38400,432
38401,432
38402,432
38403,432
38404,432
38405,432
38406,432
38407,432
38408,432
38409,432
38410,432
38411,432
38412,432
38413,432
38414,432
38415,432
38416,432
38417,432
38418,432
38419,432
38420,432
38421,432
38422,432
38423,432
38424,432
38425,432
38426,432
38427,432
38428,432
38429,432
38430,432
38431,432
38432,432
38433,432
38434,432
38435,432
38436,432
38437,432
38438,432
38439,432
38440,432
38441,432
38442,432
38443,432
38444,432
38445,432
38446,432
38447,432
38448,432
38449,432
38450,432
38451,432
38452,432
38453,432
38454,432
38455,432
38456,432
38457,432
38458,432
38459,432
38460,432
38461,432
38462,432
38463,432
38464,432
38465,432
38466,432
38467,432
38468,432
38469,432
38470,432
38471,432
38472,432
38473,432
38474,432
38475,432
38476,432
38477,432
38478,432
38479,432
38480,432
38481,432
38482,432
38483,432
38484,432
38485,432
38486,432
38487,432
38488,432
38489,432
38490,432
38491,432
38492,432
38493,432
38494,432
38495,432
38496,432
38497,432
38498,432
38499,432
38500,432
38501,432
38502,432
38503,432
38504,432
38505,432
38506,432
38507,432
38508,432
38509,432
38510,432
38511,432
38512,432
38513,432
38514,432
38515,432
38516,432
38517,432
38518,432
38519,432
38520,432
38521,432
38522,432
38523,432
38524,432
38525,432
38526,432
38527,432
38528,432
38529,432
38530,432
38531,432
38532,432
38533,432
38534,432
38535,432
38536,432
38537,432
38538,432
38539,432
38540,432
38541,432
38542,432
38543,432
38544,432
38545,432
38546,432
38547,432
38548,432
38549,432
38550,432
38551,432
38552,432
38553,432
38554,432
38555,432
38556,432
38557,432
38558,432
38559,432
38560,432
38561,432
38562,432
38563,432
38564,432
38565,432
38566,432
38567,432
38568,432
38569,432
38570,432
38571,432
38572,432
38573,432
38574,432
38575,432
38576,432
38577,432
38578,432
38579,432
38580,432
38581,432
38582,432
38583,432
38584,432
38585,432
38586,432
38587,432
38588,432
38589,432
38590,432
38591,432
38592,432
38593,432
38594,432
38595,432
38596,432
38597,432
38598,432
38599,432
38600,432
38601,432
38602,432
38603,432
38604,432
38605,432
38606,432
38607,432
38608,432
38609,432
38610,432
38611,432
38612,432
38613,432
38614,432
38615,432
38616,432
38617,432
38618,432
38619,432
38620,432
38621,432
38622,432
38623,432
38624,432
38625,432
38626,432
38627,432
38628,432
38629,432
38630,432
38631,432
38632,432
38633,432
38634,432
38635,432
38636,432
38637,432
38638,432
38639,432
38640,432
38641,432
38642,432
38643,432
38644,432
38645,432
38646,432
38647,432
38648,432
38649,432
38650,432
38651,432
38652,432
38653,432
38654,432
38655,432
38656,432
38657,432
38658,432
38659,432
38660,432
38661,432
38662,432
38663,432
38664,432
38665,432
38666,432
38667,432
38668,432
38669,432
38670,432
38671,432
38672,432
38673,432
38674,432
38675,432
38676,432
38677,432
38678,432
38679,432
38680,432
38681,432
38682,432
38683,432
38684,432
38685,432
38686,432
38687,432
38688,432
38689,432
38690,432
38691,432
38692,432
38693,432
38694,432
38695,432
38696,432
38697,432
38698,432
38699,432
38700,432
38701,432
38702,432
38703,432
38704,432
38705,432
38706,432
38707,432
38708,432
38709,432
38710,432
38711,432
38712,432
38713,432
38714,432
38715,432
38716,432
38717,432
38718,432
38719,432
38720,432
38721,432
38722,432
38723,432
38724,432
38725,432
38726,432
38727,432
38728,432
38729,432
38730,432
38731,432
38732,432
38733,432
38734,432
38735,432
38736,432
38737,432
38738,432
38739,432
38740,432
38741,432
38742,432
38743,432
38744,432
38745,432
38746,432
38747,432
38748,432
38749,432
38750,432
38751,432
38752,432
38753,432
38754,432
38755,432
38756,432
38757,432
38758,432
38759,432
38760,432
38761,432
38762,432
38763,432
38764,432
38765,432
38766,432
38767,432
38768,432
38769,432
38770,432
38771,432
38772,432
38773,432
38774,432
38775,432
38776,432
38777,432
38778,432
38779,432
38780,432
38781,432
38782,432
38783,432
38784,432
38785,432
38786,432
38787,432
38788,432
38789,432
38790,432
38791,432
38792,432
38793,432
38794,432
38795,432
38796,432
38797,432
38798,432
38799,432
38800,432
38801,432
38802,432
38803,432
38804,432
38805,432
38806,432
38807,432
38808,432
38809,432
38810,432
38811,432
38812,432
38813,432
38814,432
38815,432
38816,432
38817,432
38818,432
38819,432
38820,432
38821,432
38822,432
38823,432
38824,432
38825,432
38826,432
38827,432
38828,432
38829,432
38830,432
38831,432
38832,432
38833,432
38834,432
38835,432
38836,432
38837,432
38838,432
38839,432
38840,432
38841,432
38842,432
38843,432
38844,432
38845,432
38846,432
38847,432
38848,432
38849,432
38850,432
38851,432
38852,432
38853,432
38854,432
38855,432
38856,432
38857,432
38858,432
38859,432
38860,432
38861,432
38862,432
38863,432
38864,432
38865,432
38866,432
38867,432
38868,432
38869,432
38870,432
38871,432
38872,432
38873,432
38874,432
38875,432
38876,432
38877,432
38878,432
38879,432
38880,432
38881,432
38882,432
38883,432
38884,432
38885,432
38886,432
38887,432
38888,432
38889,432
38890,432
38891,432
38892,432
38893,432
38894,432
38895,432
38896,432
38897,432
38898,432
38899,432
38900,432
38901,432
38902,432
38903,432
38904,432
38905,432
38906,432
38907,432
38908,432
38909,432
38910,432
38911,432
38912,432
38913,432
38914,432
38915,432
38916,432
38917,432
38918,432
38919,432
38920,432
38921,432
38922,432
38923,432
38924,432
38925,432
38926,432
38927,432
38928,432
38929,432
38930,432
38931,432
38932,432
38933,432
38934,432
38935,432
38936,432
38937,432
38938,432
38939,432
38940,432
38941,432
38942,432
38943,432
38944,432
38945,432
38946,432
38947,432
38948,432
38949,432
38950,432
38951,432
38952,432
38953,432
38954,432
38955,432
38956,432
38957,432
38958,432
38959,432
38960,432
38961,432
38962,432
38963,432
38964,432
38965,432
38966,432
38967,432
38968,432
38969,432
38970,432
38971,432
38972,432
38973,432
38974,432
38975,432
38976,432
38977,432
38978,432
38979,432
38980,432
38981,432
38982,432
38983,432
38984,432
38985,432
38986,432
38987,432
38988,432
38989,432
38990,432
38991,432
38992,432
38993,432
38994,432
38995,432
38996,432
38997,432
38998,432
38999,432
39000,432
39001,432
39002,432
39003,432
39004,432
39005,432
39006,432
39007,432
39008,432
39009,432
39010,432
39011,432
39012,432
39013,432
39014,432
39015,432
39016,432
39017,432
39018,432
39019,432
39020,432
39021,432
39022,432
39023,432
39024,432
39025,432
39026,432
39027,432
39028,432
39029,432
39030,432
39031,432
39032,432
39033,432
39034,432
39035,432
39036,432
39037,432
39038,432
39039,432
39040,432
39041,432
39042,432
39043,432
39044,432
39045,432
39046,432
39047,432
39048,432
39049,432
39050,432
39051,432
39052,432
39053,432
39054,432
39055,432
39056,432
39057,432
39058,432
39059,432
39060,432
39061,432
39062,432
39063,432
39064,432
39065,432
39066,432
39067,432
39068,432
39069,432
39070,432
39071,432
39072,432
39073,432
39074,432
39075,432
39076,432
39077,432
39078,432
39079,432
39080,432
39081,432
39082,432
39083,432
39084,432
39085,432
39086,432
39087,432
39088,432
39089,432
39090,432
39091,432
39092,432
39093,432
39094,432
39095,432
39096,432
39097,432
39098,432
39099,432
39100,432
39101,432
39102,432
39103,432
39104,432
39105,432
39106,432
39107,432
39108,432
39109,432
39110,432
39111,432
39112,432
39113,432
39114,432
39115,432
39116,432
39117,432
39118,432
39119,432
39120,432
39121,432
39122,432
39123,432
39124,432
39125,432
39126,432
39127,432
39128,432
39129,432
39130,432
39131,432
39132,432
39133,432
39134,432
39135,432
39136,432
39137,432
39138,432
39139,432
39140,432
39141,432
39142,432
39143,432
39144,432
39145,432
39146,432
39147,432
39148,432
39149,432
39150,432
39151,432
39152,432
39153,432
39154,432
39155,432
39156,432
39157,432
39158,432
39159,432
39160,432
39161,432
39162,432
39163,432
39164,432
39165,432
39166,432
39167,432
39168,432
39169,432
39170,432
39171,432
39172,432
39173,432
39174,432
39175,432
39176,432
39177,432
39178,432
39179,432
39180,432
39181,432
39182,432
39183,432
39184,432
39185,432
39186,432
39187,432
39188,432
39189,432
39190,432
39191,432
39192,432
39193,432
39194,432
39195,432
39196,432
39197,432
39198,432
39199,432
39200,432
39201,432
39202,432
39203,432
39204,432
39205,432
39206,432
39207,432
39208,432
39209,432
39210,432
39211,432
39212,432
39213,432
39214,432
39215,432
39216,432
39217,432
39218,432
39219,432
39220,432
39221,432
39222,432
39223,432
39224,432
39225,432
39226,432
39227,432
39228,432
39229,432
39230,432
39231,432
39232,432
39233,432
39234,432
39235,432
39236,432
39237,432
39238,432
39239,432
39240,432
39241,432
39242,432
39243,432
39244,432
39245,432
39246,432
39247,432
39248,432
39249,432
39250,432
39251,432
39252,432
39253,432
39254,432
39255,432
39256,432
39257,432
39258,432
39259,432
39260,432
39261,432
39262,432
39263,432
39264,432
39265,432
39266,432
39267,432
39268,432
39269,432
39270,432
39271,432
39272,432
39273,432
39274,432
39275,432
39276,432
39277,432
39278,432
39279,432
39280,432
39281,432
39282,432
39283,432
39284,432
39285,432
39286,432
39287,432
39288,432
39289,432
39290,432
39291,432
39292,432
39293,432
39294,432
39295,432
39296,432
39297,432
39298,432
39299,432
39300,432
39301,432
39302,432
39303,432
39304,432
39305,432
39306,432
39307,432
39308,432
39309,432
39310,432
39311,432
39312,432
39313,432
39314,432
39315,432
39316,432
39317,432
39318,432
39319,432
39320,432
39321,432
39322,432
39323,432
39324,432
39325,432
39326,432
39327,432
39328,432
39329,432
39330,432
39331,432
39332,432
39333,432
39334,432
39335,432
39336,432
39337,432
39338,432
39339,432
39340,432
39341,432
39342,432
39343,432
39344,432
39345,432
39346,432
39347,432
39348,432
39349,432
39350,432
39351,432
39352,432
39353,432
39354,432
39355,432
39356,432
39357,432
39358,432
39359,432
39360,432
39361,432
39362,432
39363,432
39364,432
39365,432
39366,432
39367,432
39368,432
39369,432
39370,432
39371,432
39372,432
39373,432
39374,432
39375,432
39376,432
39377,432
39378,432
39379,432
39380,432
39381,432
39382,432
39383,432
39384,432
39385,432
39386,432
39387,432
39388,432
39389,432
39390,432
39391,432
39392,432
39393,432
39394,432
39395,432
39396,432
39397,432
39398,432
39399,432
39400,432
39401,432
39402,432
39403,432
39404,432
39405,432
39406,432
39407,432
39408,432
39409,432
39410,432
39411,432
39412,432
39413,432
39414,432
39415,432
39416,432
39417,432
39418,432
39419,432
39420,432
39421,432
39422,432
39423,432
39424,432
39425,432
39426,432
39427,432
39428,432
39429,432
39430,432
39431,432
39432,432
39433,432
39434,432
39435,432
39436,432
39437,432
39438,432
39439,432
39440,432
39441,432
39442,432
39443,432
39444,432
39445,432
39446,432
39447,432
39448,432
39449,432
39450,432
39451,432
39452,432
39453,432
39454,432
39455,432
39456,432
39457,432
39458,432
39459,432
39460,432
39461,432
39462,432
39463,432
39464,432
39465,432
39466,432
39467,432
39468,432
39469,432
39470,432
39471,432
39472,432
39473,432
39474,432
39475,432
39476,432
39477,432
39478,432
39479,432
39480,432
39481,432
39482,432
39483,432
39484,432
39485,432
39486,432
39487,432
39488,432
39489,432
39490,432
39491,432
39492,432
39493,432
39494,432
39495,432
39496,432
39497,432
39498,432
39499,432
39500,432
39501,432
39502,432
39503,432
39504,432
39505,432
39506,432
39507,432
39508,432
39509,432
39510,432
39511,432
39512,432
39513,432
39514,432
39515,432
39516,432
39517,432
39518,432
39519,432
39520,432
39521,432
39522,432
39523,432
39524,432
39525,432
39526,432
39527,432
39528,432
39529,432
39530,432
39531,432
39532,432
39533,432
39534,432
39535,432
39536,432
39537,432
39538,432
39539,432
39540,432
39541,432
39542,432
39543,432
39544,432
39545,432
39546,432
39547,432
39548,432
39549,432
39550,432
39551,432
39552,432
39553,432
39554,432
39555,432
39556,432
39557,432
39558,432
39559,432
39560,432
39561,432
39562,432
39563,432
39564,432
39565,432
39566,432
39567,432
39568,432
39569,432
39570,432
39571,432
39572,432
39573,432
39574,432
39575,432
39576,432
39577,432
39578,432
39579,432
39580,432
39581,432
39582,432
39583,432
39584,432
39585,432
39586,432
39587,432
39588,432
39589,432
39590,432
39591,432
39592,432
39593,432
39594,432
39595,432
39596,432
39597,432
39598,432
39599,432
39600,432
39601,432
39602,432
39603,432
39604,432
39605,432
39606,432
39607,432
39608,432
39609,432
39610,432
39611,432
39612,432
39613,432
39614,432
39615,432
39616,432
39617,432
39618,432
39619,432
39620,432
39621,432
39622,432
39623,432
39624,432
39625,432
39626,432
39627,432
39628,432
39629,432
39630,432
39631,432
39632,432
39633,432
39634,432
39635,432
39636,432
39637,432
39638,432
39639,432
39640,432
39641,432
39642,432
39643,432
39644,432
39645,432
39646,432
39647,432
39648,432
39649,432
39650,432
39651,432
39652,432
39653,432
39654,432
39655,432
39656,432
39657,432
39658,432
39659,432
39660,432
39661,432
39662,432
39663,432
39664,432
39665,432
39666,432
39667,432
39668,432
39669,432
39670,432
39671,432
39672,432
39673,432
39674,432
39675,432
39676,432
39677,432
39678,432
39679,432
39680,432
39681,432
39682,432
39683,432
39684,432
39685,432
39686,432
39687,432
39688,432
39689,432
39690,432
39691,432
39692,432
39693,432
39694,432
39695,432
39696,432
39697,432
39698,432
39699,432
39700,432
39701,432
39702,432
39703,432
39704,432
39705,432
39706,432
39707,432
39708,432
39709,432
39710,432
39711,432
39712,432
39713,432
39714,432
39715,432
39716,432
39717,432
39718,432
39719,432
39720,432
39721,432
39722,432
39723,432
39724,432
39725,432
39726,432
39727,432
39728,432
39729,432
39730,432
39731,432
39732,432
39733,432
39734,432
39735,432
39736,432
39737,432
39738,432
39739,432
39740,432
39741,432
39742,432
39743,432
39744,432
39745,432
39746,432
39747,432
39748,432
39749,432
39750,432
39751,432
39752,432
39753,432
39754,432
39755,432
39756,432
39757,432
39758,432
39759,432
39760,432
39761,432
39762,432
39763,432
39764,432
39765,432
39766,432
39767,432
39768,432
39769,432
39770,432
39771,432
39772,432
39773,432
39774,432
39775,432
39776,432
39777,432
39778,432
39779,432
39780,432
39781,432
39782,432
39783,432
39784,432
39785,432
39786,432
39787,432
39788,432
39789,432
39790,432
39791,432
39792,432
39793,432
39794,432
39795,432
39796,432
39797,432
39798,432
39799,432
39800,432
39801,432
39802,432
39803,432
39804,432
39805,432
39806,432
39807,432
39808,432
39809,432
39810,432
39811,432
39812,432
39813,432
39814,432
39815,432
39816,432
39817,432
39818,432
39819,432
39820,432
39821,432
39822,432
39823,432
39824,432
39825,432
39826,432
39827,432
39828,432
39829,432
39830,432
39831,432
39832,432
39833,432
39834,432
39835,432
39836,432
39837,432
39838,432
39839,432
39840,432
39841,432
39842,432
39843,432
39844,432
39845,432
39846,432
39847,432
39848,432
39849,432
39850,432
39851,432
39852,432
39853,432
39854,432
39855,432
39856,432
39857,432
39858,432
39859,432
39860,432
39861,432
39862,432
39863,432
39864,432
39865,432
39866,432
39867,432
39868,432
39869,432
39870,432
39871,432
39872,432
39873,432
39874,432
39875,432
39876,432
39877,432
39878,432
39879,432
39880,432
39881,432
39882,432
39883,432
39884,432
39885,432
39886,432
39887,432
39888,432
39889,432
39890,432
39891,432
39892,432
39893,432
39894,432
39895,432
39896,432
39897,432
39898,432
39899,432
39900,432
39901,432
39902,432
39903,432
39904,432
39905,432
39906,432
39907,432
39908,432
39909,432
39910,432
39911,432
39912,432
39913,432
39914,432
39915,432
39916,432
39917,432
39918,432
39919,432
39920,432
39921,432
39922,432
39923,432
39924,432
39925,432
39926,432
39927,432
39928,432
39929,432
39930,432
39931,432
39932,432
39933,432
39934,432
39935,432
39936,432
39937,432
39938,432
39939,432
39940,432
39941,432
39942,432
39943,432
39944,432
39945,432
39946,432
39947,432
39948,432
39949,432
39950,432
39951,432
39952,432
39953,432
39954,432
39955,432
39956,432
39957,432
39958,432
39959,432
39960,432
39961,432
39962,432
39963,432
39964,432
39965,432
39966,432
39967,432
39968,432
39969,432
39970,432
39971,432
39972,432
39973,432
39974,432
39975,432
39976,432
39977,432
39978,432
39979,432
39980,432
39981,432
39982,432
39983,432
39984,432
39985,432
39986,432
39987,432
39988,432
39989,432
39990,432
39991,432
39992,432
39993,432
39994,432
39995,432
39996,432
39997,432
39998,432
39999,432
40000,432
40001,432
40002,432
40003,432
40004,432
40005,432
40006,432
40007,432
40008,432
40009,432
40010,432
40011,432
40012,432
40013,432
40014,432
40015,432
40016,432
40017,432
40018,432
40019,432
40020,432
40021,432
40022,432
40023,432
40024,432
40025,432
40026,432
40027,432
40028,432
40029,432
40030,432
40031,432
40032,432
40033,432
40034,432
40035,432
40036,432
40037,432
40038,432
40039,432
40040,432
40041,432
40042,432
40043,432
40044,432
40045,432
40046,432
40047,432
40048,432
40049,432
40050,432
40051,432
40052,432
40053,432
40054,432
40055,432
40056,432
40057,432
40058,432
40059,432
40060,432
40061,432
40062,432
40063,432
40064,432
40065,432
40066,432
40067,432
40068,432
40069,432
40070,432
40071,432
40072,432
40073,432
40074,432
40075,432
40076,432
40077,432
40078,432
40079,432
40080,432
40081,432
40082,432
40083,432
40084,432
40085,432
40086,432
40087,432
40088,432
40089,432
40090,432
40091,432
40092,432
40093,432
40094,432
40095,432
40096,432
40097,432
40098,432
40099,432
40100,432
40101,432
40102,432
40103,432
40104,432
40105,432
40106,432
40107,432
40108,432
40109,432
40110,432
40111,432
40112,432
40113,432
40114,432
40115,432
40116,432
40117,432
40118,432
40119,432
40120,432
40121,432
40122,432
40123,432
40124,432
40125,432
40126,432
40127,432
40128,432
40129,432
40130,432
40131,432
40132,432
40133,432
40134,432
40135,432
40136,432
40137,432
40138,432
40139,432
40140,432
40141,432
40142,432
40143,432
40144,432
40145,432
40146,432
40147,432
40148,432
40149,432
40150,432
40151,432
40152,432
40153,432
40154,432
40155,432
40156,432
40157,432
40158,432
40159,432
40160,432
40161,432
40162,432
40163,432
40164,432
40165,432
40166,432
40167,432
40168,432
40169,432
40170,432
40171,432
40172,432
40173,432
40174,432
40175,432
40176,432
40177,432
40178,432
40179,432
40180,432
40181,432
40182,432
40183,432
40184,432
40185,432
40186,432
40187,432
40188,432
40189,432
40190,432
40191,432
40192,432
40193,432
40194,432
40195,432
40196,432
40197,432
40198,432
40199,432
40200,432
40201,432
40202,432
40203,432
40204,432
40205,432
40206,432
40207,432
40208,432
40209,432
40210,432
40211,432
40212,432
40213,432
40214,432
40215,432
40216,432
40217,432
40218,432
40219,432
40220,432
40221,432
40222,432
40223,432
40224,432
40225,432
40226,432
40227,432
40228,432
40229,432
40230,432
40231,432
40232,432
40233,432
40234,432
40235,432
40236,432
40237,432
40238,432
40239,432
40240,432
40241,432
40242,432
40243,432
40244,432
40245,432
40246,432
40247,432
40248,432
40249,432
40250,432
40251,432
40252,432
40253,432
40254,432
40255,432
40256,432
40257,432
40258,432
40259,432
40260,432
40261,432
40262,432
40263,432
40264,432
40265,432
40266,432
40267,432
40268,432
40269,432
40270,432
40271,432
40272,432
40273,432
40274,432
40275,432
40276,432
40277,432
40278,432
40279,432
40280,432
40281,432
40282,432
40283,432
40284,432
40285,432
40286,432
40287,432
40288,432
40289,432
40290,432
40291,432
40292,432
40293,432
40294,432
40295,432
40296,432
40297,432
40298,432
40299,432
40300,432
40301,432
40302,432
40303,432
40304,432
40305,432
40306,432
40307,432
40308,432
40309,432
40310,432
40311,432
40312,432
40313,432
40314,432
40315,432
40316,432
40317,432
40318,432
40319,432
40320,432
40321,432
40322,432
40323,432
40324,432
40325,432
40326,432
40327,432
40328,432
40329,432
40330,432
40331,432
40332,432
